state_abbreviation,state_county_fips,county_name,tract_fips,tract_id,social_vulnerability_index,poverty_rate,median_household_income,uninsured_rate,housing_cost_burden,no_vehicle_rate,low_access_households_no_vehicle,low_access_population_rate,disability_rate,unemployment_rate,no_internet_access_rate,limited_english_rate
CA,6001,Alameda County,6001400100,6001400100,0.1598,4.4,234236.0,0.3,10.9,6.9,0.0,96.47,11.1,5.0,6.1,0.4
CA,6001,Alameda County,6001400200,6001400200,0.1827,7.5,225500.0,0.8,10.4,9.5,2.97,20.88,8.7,6.1,1.3,0.7
CA,6001,Alameda County,6001400300,6001400300,0.2366,7.1,164000.0,1.7,15.7,13.9,7.72,19.82,9.0,7.2,9.1,0.3
CA,6001,Alameda County,6001400400,6001400400,0.1451,9.9,158836.0,2.3,14.5,14.1,3.45,2.79,9.3,0.2,2.5,0.5
CA,6001,Alameda County,6001400500,6001400500,0.2148,10.4,95078.0,4.5,34.0,8.5,5.91,24.39,7.0,8.0,7.4,0.9
CA,6001,Alameda County,6001400600,6001400600,0.2489,8.6,155893.0,3.8,15.5,9.4,7.25,97.04,9.8,3.3,5.2,0.4
CA,6001,Alameda County,6001400700,6001400700,0.2492,10.0,110556.0,2.5,22.6,13.9,20.9,97.49,14.0,3.9,5.3,1.5
CA,6001,Alameda County,6001400800,6001400800,0.296,11.1,97132.0,2.9,26.2,10.0,8.58,54.36,11.3,3.1,1.6,3.1
CA,6001,Alameda County,6001400900,6001400900,0.1687,4.9,114583.0,6.2,23.5,4.5,3.38,81.11,8.6,4.0,0.7,4.8
CA,6001,Alameda County,6001401000,6001401000,0.3187,11.3,153654.0,3.9,19.3,15.5,18.49,72.85,11.0,5.8,4.0,2.6
CA,6001,Alameda County,6001401100,6001401100,0.4854,10.8,93121.0,10.3,22.8,15.5,19.34,91.41,7.5,7.8,5.5,5.8
CA,6001,Alameda County,6001401200,6001401200,0.094,9.0,115045.0,3.0,21.2,11.4,0.91,26.08,7.1,3.5,2.8,1.9
CA,6001,Alameda County,6001401300,6001401300,0.4582,12.2,104226.0,4.8,26.3,31.2,2.8,0.0,8.1,3.8,12.8,6.0
CA,6001,Alameda County,6001401400,6001401400,0.7632,30.3,95011.0,11.6,27.8,16.4,5.87,8.48,16.3,10.4,13.3,5.2
CA,6001,Alameda County,6001401500,6001401500,0.6312,17.2,75568.0,7.6,30.0,29.0,3.39,96.88,14.7,9.3,19.9,4.1
CA,6001,Alameda County,6001401600,6001401600,0.6743,16.2,88304.0,4.7,35.2,11.0,0.0,0.0,8.7,9.1,13.1,5.0
CA,6001,Alameda County,6001401700,6001401700,0.2382,16.8,145833.0,8.9,15.2,4.3,11.5,60.65,4.5,3.9,2.6,0.9
CA,6001,Alameda County,6001401800,6001401800,0.5744,15.3,72401.0,9.0,34.5,27.7,37.99,98.18,9.2,1.9,7.8,5.4
CA,6001,Alameda County,6001402200,6001402200,0.5025,19.2,96200.0,4.4,25.3,18.6,21.1,100.0,18.3,7.9,5.2,5.5
CA,6001,Alameda County,6001402400,6001402400,0.9017,20.0,31279.0,5.5,51.9,38.2,19.9,58.07,17.3,10.6,19.9,11.2
CA,6001,Alameda County,6001402500,6001402500,0.7741,27.6,34250.0,3.7,38.9,36.2,49.67,100.0,12.9,19.5,14.4,7.4
CA,6001,Alameda County,6001402600,6001402600,0.8528,18.0,45560.0,4.0,42.0,30.4,41.79,80.92,24.2,8.0,20.8,17.6
CA,6001,Alameda County,6001402700,6001402700,0.5133,19.1,115750.0,8.2,18.2,25.9,8.86,20.48,14.8,7.1,24.9,4.8
CA,6001,Alameda County,6001402801,6001402801,0.8618,12.1,74931.0,3.3,37.8,43.1,8.87,79.64,17.0,6.3,15.0,5.2
CA,6001,Alameda County,6001402802,6001402802,0.8149,41.3,90230.0,4.5,48.1,62.2,2.9,46.16,26.4,16.6,37.5,3.0
CA,6001,Alameda County,6001402900,6001402900,0.8433,25.1,37973.0,4.8,37.1,58.8,0.0,30.03,21.0,6.9,21.8,26.1
CA,6001,Alameda County,6001403000,6001403000,0.8374,30.4,32077.0,4.3,36.2,55.4,1.72,54.56,25.0,8.6,26.2,35.2
CA,6001,Alameda County,6001403100,6001403100,0.5915,16.2,136071.0,4.1,21.3,36.8,0.0,0.16,12.6,9.2,14.5,9.9
CA,6001,Alameda County,6001403301,6001403301,0.8032,25.6,34417.0,0.9,59.0,36.8,0.0,36.76,20.3,1.7,29.7,44.6
CA,6001,Alameda County,6001403302,6001403302,0.0628,1.4,148235.0,2.1,13.9,16.3,0.0,42.11,2.1,0.6,1.2,1.8
CA,6001,Alameda County,6001403401,6001403401,0.6754,18.0,69984.0,2.9,39.0,39.0,6.46,48.67,15.6,6.3,8.8,9.2
CA,6001,Alameda County,6001403402,6001403402,0.3924,0.0,89021.0,15.5,37.4,38.4,2.01,100.0,9.5,4.9,12.9,3.1
CA,6001,Alameda County,6001403501,6001403501,0.5479,16.4,104167.0,4.3,33.2,27.6,4.9,14.31,13.9,5.5,6.1,6.6
CA,6001,Alameda County,6001403502,6001403502,0.3668,10.1,108478.0,2.8,32.2,16.2,1.81,45.94,13.4,2.8,5.3,0.3
CA,6001,Alameda County,6001403600,6001403600,0.2993,11.8,99925.0,1.6,24.8,12.2,2.96,98.6,10.5,4.7,9.3,2.3
CA,6001,Alameda County,6001403701,6001403701,0.441,17.7,84063.0,1.1,31.6,25.9,0.0,44.23,18.5,2.1,11.8,0.4
CA,6001,Alameda County,6001403702,6001403702,0.242,8.4,115156.0,0.0,17.7,17.0,2.11,100.0,6.8,6.1,5.0,1.9
CA,6001,Alameda County,6001403800,6001403800,0.1931,5.7,154524.0,2.0,22.6,10.1,4.58,12.84,8.4,4.3,3.0,0.2
CA,6001,Alameda County,6001403900,6001403900,0.4035,8.9,126075.0,5.3,25.8,9.1,2.71,55.71,11.4,4.2,3.8,1.0
CA,6001,Alameda County,6001404000,6001404000,0.1841,10.9,98214.0,4.5,34.0,10.7,2.97,9.55,7.5,3.7,1.2,0.0
CA,6001,Alameda County,6001404101,6001404101,0.1493,4.3,128711.0,0.5,22.6,14.1,0.0,3.43,10.8,2.0,3.1,0.0
CA,6001,Alameda County,6001404102,6001404102,0.4581,10.1,98472.0,1.3,28.4,29.5,0.0,31.54,20.5,2.8,15.8,3.3
CA,6001,Alameda County,6001404200,6001404200,0.1767,2.9,247619.0,1.2,8.3,1.8,2.15,56.28,9.9,6.5,0.6,0.8
CA,6001,Alameda County,6001404300,6001404300,0.0174,3.5,227237.0,0.7,16.0,3.0,1.65,9.93,4.7,4.2,1.5,0.0
CA,6001,Alameda County,6001404400,6001404400,0.0303,2.2,184737.0,0.7,15.7,2.9,0.0,90.51,5.9,2.1,8.3,1.8
CA,6001,Alameda County,6001404501,6001404501,0.0107,1.3,232112.0,0.3,8.5,3.4,0.0,17.75,3.1,1.0,1.3,1.2
CA,6001,Alameda County,6001404502,6001404502,0.0123,1.5,227361.0,0.8,11.5,1.2,0.0,59.45,5.8,3.3,1.2,3.4
CA,6001,Alameda County,6001404600,6001404600,0.1351,6.2,222617.0,1.2,10.3,3.7,0.0,95.88,8.6,5.6,0.5,0.3
CA,6001,Alameda County,6001404700,6001404700,0.0039,3.2,250001.0,2.1,7.3,0.0,1.62,100.0,10.2,4.4,0.6,0.0
CA,6001,Alameda County,6001404800,6001404800,0.4018,11.0,114083.0,3.6,19.8,22.3,4.04,32.2,16.1,7.4,9.6,3.3
CA,6001,Alameda County,6001404900,6001404900,0.2194,2.8,151860.0,2.6,18.0,9.2,2.48,23.09,7.7,2.0,5.6,4.6
CA,6001,Alameda County,6001405000,6001405000,0.196,4.2,152857.0,0.2,17.6,5.0,5.13,85.79,5.9,5.3,3.5,3.9
CA,6001,Alameda County,6001405100,6001405100,0.0019,5.0,250001.0,0.6,6.5,1.0,2.41,77.24,6.5,0.3,2.9,0.5
CA,6001,Alameda County,6001405200,6001405200,0.3538,7.5,105222.0,3.7,18.9,14.0,0.0,0.13,11.7,1.9,9.3,7.3
CA,6001,Alameda County,6001405301,6001405301,0.3015,13.4,112656.0,6.2,26.7,18.6,5.08,54.95,8.0,2.5,8.7,3.7
CA,6001,Alameda County,6001405302,6001405302,0.5938,14.7,63709.0,6.2,40.7,30.7,2.56,45.01,19.8,4.2,14.3,18.0
CA,6001,Alameda County,6001405401,6001405401,0.7518,16.5,70231.0,5.9,45.6,26.2,3.52,34.59,14.1,7.1,11.6,13.9
CA,6001,Alameda County,6001405402,6001405402,0.8454,19.4,61204.0,8.3,44.2,17.0,0.0,5.08,12.6,4.2,11.6,22.9
CA,6001,Alameda County,6001405500,6001405500,0.5478,13.1,82222.0,5.9,30.0,19.6,5.67,61.75,10.9,5.5,8.3,14.0
CA,6001,Alameda County,6001405600,6001405600,0.5024,17.5,80669.0,9.3,37.9,19.6,17.82,100.0,14.9,4.3,9.2,5.6
CA,6001,Alameda County,6001405700,6001405700,0.6316,18.5,74547.0,12.3,28.2,9.4,16.47,89.14,5.7,5.2,4.7,17.5
CA,6001,Alameda County,6001405800,6001405800,0.7077,21.0,67222.0,10.6,41.5,7.8,8.0,99.78,10.9,6.7,11.3,23.6
CA,6001,Alameda County,6001405901,6001405901,0.8942,19.1,51292.0,6.0,44.0,16.9,14.3,92.49,10.5,10.1,14.1,15.5
CA,6001,Alameda County,6001405902,6001405902,0.7313,19.0,69097.0,9.8,39.3,13.4,14.47,60.33,12.6,10.1,13.7,19.3
CA,6001,Alameda County,6001406000,6001406000,0.8038,12.7,56763.0,6.5,34.7,24.1,0.11,6.13,13.3,4.9,12.9,18.7
CA,6001,Alameda County,6001406100,6001406100,0.7369,17.0,64879.0,6.3,50.0,12.0,2.16,50.61,7.5,7.7,16.3,10.7
CA,6001,Alameda County,6001406201,6001406201,0.9387,19.5,50417.0,13.6,53.8,18.4,11.58,20.25,10.1,6.2,14.5,21.8
CA,6001,Alameda County,6001406202,6001406202,0.9872,17.2,55000.0,12.1,46.1,27.6,2.15,6.43,14.8,4.6,22.5,22.3
CA,6001,Alameda County,6001406300,6001406300,0.8584,20.6,62837.0,4.7,46.6,7.0,18.75,92.18,9.2,3.6,16.1,17.8
CA,6001,Alameda County,6001406400,6001406400,0.802,12.9,72955.0,1.9,40.3,15.7,6.4,32.1,20.4,1.7,14.4,16.0
CA,6001,Alameda County,6001406500,6001406500,0.894,15.8,67717.0,6.2,40.8,11.8,11.71,64.23,9.0,8.2,14.0,15.9
CA,6001,Alameda County,6001406601,6001406601,0.5638,8.0,75000.0,11.2,35.9,2.5,8.58,62.47,15.8,13.6,8.1,11.9
CA,6001,Alameda County,6001406602,6001406602,0.8663,11.7,58869.0,6.4,41.7,16.1,0.0,23.15,9.3,12.1,10.9,11.6
CA,6001,Alameda County,6001406700,6001406700,0.2,3.4,143887.0,3.8,17.5,4.2,0.0,53.51,12.6,3.3,5.5,7.2
CA,6001,Alameda County,6001406800,6001406800,0.3256,5.3,131161.0,0.6,12.4,2.2,0.0,0.0,9.3,11.3,8.4,2.8
CA,6001,Alameda County,6001406900,6001406900,0.2975,7.8,137943.0,4.7,17.7,5.8,2.05,19.17,7.2,7.1,4.8,7.3
CA,6001,Alameda County,6001407000,6001407000,0.7926,7.5,89755.0,9.6,26.0,10.4,15.51,71.81,8.7,3.6,10.4,13.5
CA,6001,Alameda County,6001407101,6001407101,0.8419,25.9,48281.0,13.0,51.8,11.4,7.38,9.4,8.2,13.4,24.0,19.5
CA,6001,Alameda County,6001407102,6001407102,0.6545,17.6,70284.0,10.1,34.1,24.9,5.94,35.09,6.0,4.1,17.2,14.2
CA,6001,Alameda County,6001407200,6001407200,0.9437,23.0,59937.0,8.8,44.5,15.1,0.0,8.73,8.0,6.4,22.0,19.7
CA,6001,Alameda County,6001407300,6001407300,0.9098,15.6,77813.0,13.7,38.8,8.3,0.5,0.0,10.8,13.4,6.5,19.9
CA,6001,Alameda County,6001407400,6001407400,0.9209,22.1,57961.0,10.7,41.5,15.6,0.57,58.08,15.2,7.5,23.6,14.2
CA,6001,Alameda County,6001407500,6001407500,0.9789,31.3,46019.0,6.7,44.3,20.7,10.0,95.07,12.5,13.9,28.6,7.8
CA,6001,Alameda County,6001407600,6001407600,0.6104,10.2,86761.0,17.1,37.2,3.6,5.35,62.55,13.0,3.2,5.2,10.2
CA,6001,Alameda County,6001407700,6001407700,0.2997,3.6,116814.0,6.4,17.8,4.3,6.5,61.67,11.4,7.3,8.5,3.0
CA,6001,Alameda County,6001407800,6001407800,0.6049,15.5,113438.0,4.6,33.5,7.1,2.82,100.0,9.5,5.4,10.5,6.2
CA,6001,Alameda County,6001407900,6001407900,0.202,1.3,124523.0,4.9,20.1,0.7,1.83,85.81,6.6,1.7,2.4,2.0
CA,6001,Alameda County,6001408000,6001408000,0.2363,2.4,192159.0,0.6,11.8,5.7,0.21,25.09,17.6,8.2,8.3,0.7
CA,6001,Alameda County,6001408100,6001408100,0.0583,5.0,166786.0,2.6,13.7,0.4,0.61,97.58,7.4,6.8,3.4,2.4
CA,6001,Alameda County,6001408200,6001408200,0.4555,11.8,79821.0,5.9,28.6,16.9,1.98,43.33,6.8,3.3,12.5,5.7
CA,6001,Alameda County,6001408300,6001408300,0.3736,13.6,129295.0,7.7,25.3,5.3,0.0,87.65,12.3,6.6,11.8,2.6
CA,6001,Alameda County,6001408400,6001408400,0.9041,10.9,63994.0,9.8,49.1,16.7,3.57,5.26,22.0,5.4,25.7,13.4
CA,6001,Alameda County,6001408500,6001408500,0.8669,12.5,61750.0,8.7,34.6,15.2,0.37,13.43,10.1,7.0,24.5,17.3
CA,6001,Alameda County,6001408600,6001408600,0.6985,16.0,80114.0,9.8,36.7,3.8,3.77,76.22,8.9,4.5,12.3,9.6
CA,6001,Alameda County,6001408700,6001408700,0.8228,17.5,45500.0,7.6,51.5,9.3,3.13,11.04,8.9,7.0,12.3,11.0
CA,6001,Alameda County,6001408800,6001408800,0.9205,20.8,44100.0,9.1,49.4,26.5,18.13,38.23,10.7,7.1,23.9,11.6
CA,6001,Alameda County,6001408900,6001408900,0.9851,28.6,44077.0,19.2,48.2,13.5,6.84,0.0,11.0,14.2,27.8,7.9
CA,6001,Alameda County,6001409000,6001409000,0.8633,15.4,70769.0,9.9,34.8,6.3,7.34,100.0,14.6,4.5,15.3,7.8
CA,6001,Alameda County,6001409100,6001409100,0.6185,6.6,72204.0,5.8,41.9,24.1,24.62,100.0,18.9,0.5,16.2,12.0
CA,6001,Alameda County,6001409200,6001409200,0.7735,5.9,73621.0,10.9,41.5,7.8,5.63,100.0,9.2,4.4,19.3,20.0
CA,6001,Alameda County,6001409300,6001409300,0.7331,19.2,56058.0,6.3,42.9,11.2,0.0,17.68,7.4,5.1,18.5,10.1
CA,6001,Alameda County,6001409400,6001409400,0.7531,16.5,66602.0,5.5,42.4,5.9,1.03,0.17,12.5,5.5,21.4,11.6
CA,6001,Alameda County,6001409500,6001409500,0.9251,26.2,54000.0,6.7,53.3,12.1,1.35,3.08,13.7,9.7,27.6,16.4
CA,6001,Alameda County,6001409600,6001409600,0.7323,13.7,54012.0,8.5,52.4,9.0,3.68,10.82,9.9,9.1,19.5,14.8
CA,6001,Alameda County,6001409700,6001409700,0.9567,28.7,47161.0,6.8,60.4,20.8,17.27,94.03,13.3,7.7,23.1,6.0
CA,6001,Alameda County,6001409800,6001409800,0.4438,10.4,106023.0,4.0,30.8,14.7,21.62,100.0,9.1,6.8,12.2,1.0
CA,6001,Alameda County,6001409900,6001409900,0.1105,3.8,176141.0,3.1,14.6,1.3,0.0,100.0,8.0,3.4,2.5,1.2
CA,6001,Alameda County,6001410000,6001410000,0.0956,4.1,154648.0,0.5,21.8,3.5,3.39,84.55,14.6,5.6,11.0,1.0
CA,6001,Alameda County,6001410100,6001410100,0.7152,12.6,84135.0,1.2,33.2,8.3,10.35,53.11,13.4,5.8,11.7,5.4
CA,6001,Alameda County,6001410200,6001410200,0.5616,8.2,75106.0,4.4,28.2,9.7,8.03,38.33,9.3,3.1,10.4,5.2
CA,6001,Alameda County,6001410300,6001410300,0.7593,16.1,54698.0,13.2,47.3,9.3,0.0,7.91,6.7,9.6,10.3,16.8
CA,6001,Alameda County,6001410400,6001410400,0.7905,7.4,82188.0,8.3,31.8,15.4,3.4,74.29,12.8,3.3,12.8,12.4
CA,6001,Alameda County,6001410500,6001410500,0.7779,32.7,46031.0,1.4,49.6,23.6,29.04,94.82,17.3,11.2,15.0,3.9
CA,6001,Alameda County,6001420100,6001420100,0.1129,3.5,188125.0,2.3,13.6,5.6,0.0,0.0,5.5,4.1,1.7,2.4
CA,6001,Alameda County,6001420200,6001420200,0.2764,6.0,140508.0,5.8,14.5,7.1,6.56,100.0,4.5,2.6,3.0,3.9
CA,6001,Alameda County,6001420301,6001420301,0.1842,4.1,113188.0,3.1,20.1,5.3,0.31,37.25,3.5,2.6,8.3,4.7
CA,6001,Alameda County,6001420302,6001420302,0.1725,3.8,121538.0,2.7,22.8,11.3,3.63,31.92,6.4,2.0,5.5,2.9
CA,6001,Alameda County,6001420401,6001420401,0.7194,42.6,72708.0,3.3,49.4,28.4,0.0,18.54,10.6,0.0,68.4,11.9
CA,6001,Alameda County,6001420402,6001420402,0.5239,27.1,58835.0,7.6,47.8,18.9,2.53,100.0,5.2,4.9,56.7,3.6
CA,6001,Alameda County,6001420500,6001420500,0.3697,6.5,127000.0,3.2,22.2,8.7,0.0,38.42,7.2,4.3,5.9,2.0
CA,6001,Alameda County,6001420600,6001420600,0.1303,6.2,169868.0,1.5,22.8,2.3,10.76,21.57,5.8,4.2,2.9,1.3
CA,6001,Alameda County,6001421100,6001421100,0.018,4.1,234243.0,3.1,11.1,3.6,0.0,100.0,8.0,6.3,1.8,1.5
CA,6001,Alameda County,6001421200,6001421200,0.0069,0.3,247171.0,0.0,4.8,2.9,3.22,69.24,9.9,4.6,2.9,0.0
CA,6001,Alameda County,6001421300,6001421300,0.0854,5.5,130500.0,0.9,21.4,3.8,3.96,0.0,9.1,3.9,3.9,0.0
CA,6001,Alameda County,6001421400,6001421400,0.0452,7.5,208500.0,2.1,13.2,4.0,7.47,33.86,11.5,0.0,1.3,1.5
CA,6001,Alameda County,6001421500,6001421500,0.0532,5.8,201950.0,1.6,13.0,2.0,4.35,94.77,8.7,5.4,2.3,1.3
CA,6001,Alameda County,6001421600,6001421600,0.1118,8.8,218390.0,0.2,14.5,3.5,1.16,69.64,10.3,4.6,2.0,0.0
CA,6001,Alameda County,6001421700,6001421700,0.4079,18.2,108339.0,3.5,27.3,13.8,1.19,69.5,12.6,2.0,13.0,4.1
CA,6001,Alameda County,6001421800,6001421800,0.0595,4.9,171168.0,1.2,14.7,6.1,1.21,0.74,9.1,2.9,2.3,1.1
CA,6001,Alameda County,6001421900,6001421900,0.1042,5.1,160063.0,2.5,17.7,10.6,6.18,73.08,7.7,1.5,6.0,2.3
CA,6001,Alameda County,6001422000,6001422000,0.3566,7.8,140331.0,1.1,15.9,10.0,6.31,7.91,13.5,2.2,2.2,1.0
CA,6001,Alameda County,6001422100,6001422100,0.2554,3.3,124583.0,1.5,26.2,9.1,2.1,52.37,13.0,4.6,2.3,1.8
CA,6001,Alameda County,6001422200,6001422200,0.1436,6.4,105750.0,1.8,20.1,11.3,0.38,26.17,7.7,5.2,8.4,1.3
CA,6001,Alameda County,6001422300,6001422300,0.3383,10.4,93750.0,6.5,25.9,23.8,0.67,87.75,7.9,6.8,6.3,2.4
CA,6001,Alameda County,6001422400,6001422400,0.2784,17.2,69717.0,2.5,45.7,33.6,0.72,99.46,10.0,6.2,5.7,1.0
CA,6001,Alameda County,6001422500,6001422500,0.4532,27.2,58558.0,9.5,51.5,21.8,14.38,60.51,6.0,2.8,2.3,2.5
CA,6001,Alameda County,6001422700,6001422700,0.4775,51.1,42417.0,2.3,44.1,38.2,46.09,100.0,10.2,6.9,13.0,0.6
CA,6001,Alameda County,6001422800,6001422800,0.4887,61.6,26056.0,3.5,68.7,71.1,9.5,42.1,6.9,12.8,4.0,0.7
CA,6001,Alameda County,6001422901,6001422901,0.4525,40.5,49604.0,3.0,39.8,43.9,0.0,28.72,5.3,8.2,12.7,3.7
CA,6001,Alameda County,6001422902,6001422902,0.4588,51.6,90230.0,3.7,51.2,50.7,0.0,66.0,8.7,0.0,11.0,1.1
CA,6001,Alameda County,6001423000,6001423000,0.221,10.6,86917.0,1.6,36.8,12.2,0.0,100.0,9.0,4.1,3.0,2.4
CA,6001,Alameda County,6001423100,6001423100,0.717,17.1,61161.0,2.2,41.0,31.3,0.0,21.58,21.9,4.8,7.5,4.1
CA,6001,Alameda County,6001423200,6001423200,0.4725,17.0,80106.0,3.7,36.4,25.2,6.82,23.93,16.6,2.0,11.6,2.9
CA,6001,Alameda County,6001423300,6001423300,0.3894,18.9,83450.0,1.5,34.4,15.8,3.8,98.32,15.8,6.0,7.3,7.3
CA,6001,Alameda County,6001423400,6001423400,0.559,14.6,107455.0,7.3,29.1,14.9,0.48,100.0,11.3,6.4,4.4,6.2
CA,6001,Alameda County,6001423500,6001423500,0.5105,12.7,89728.0,2.7,31.4,23.6,0.0,97.31,10.3,4.0,10.1,2.2
CA,6001,Alameda County,6001423601,6001423601,0.292,11.1,155857.0,5.7,20.5,10.2,2.45,12.38,9.0,7.1,2.5,0.8
CA,6001,Alameda County,6001423602,6001423602,0.4261,50.5,59297.0,1.4,48.2,36.1,10.24,27.34,5.6,7.6,1.6,0.6
CA,6001,Alameda County,6001423700,6001423700,0.2673,16.5,108750.0,1.2,24.7,19.1,13.99,82.28,7.5,5.4,7.6,1.0
CA,6001,Alameda County,6001423800,6001423800,0.0283,7.8,191838.0,3.3,10.6,3.2,0.15,21.41,7.4,3.9,1.3,0.5
CA,6001,Alameda County,6001423901,6001423901,0.3819,8.9,105625.0,2.9,29.1,14.9,4.45,0.0,13.2,5.8,5.9,0.0
CA,6001,Alameda County,6001423902,6001423902,0.2592,16.9,171583.0,1.5,26.1,14.7,0.0,62.46,13.4,4.2,11.4,0.5
CA,6001,Alameda County,6001424001,6001424001,0.6427,16.3,87500.0,2.6,39.7,18.2,0.0,0.0,10.5,10.8,3.8,3.1
CA,6001,Alameda County,6001424002,6001424002,0.5118,7.5,103393.0,5.3,28.6,21.4,4.52,11.65,12.4,9.0,13.3,1.9
CA,6001,Alameda County,6001425101,6001425101,0.3875,6.2,81722.0,8.6,35.6,12.3,1.5,12.9,11.9,5.2,2.5,3.1
CA,6001,Alameda County,6001425102,6001425102,0.1501,6.9,124375.0,4.1,21.2,15.6,0.0,0.0,5.2,1.9,0.9,5.2
CA,6001,Alameda County,6001425103,6001425103,0.1794,9.0,119301.0,3.8,20.2,8.5,5.07,23.89,7.4,9.6,2.0,0.0
CA,6001,Alameda County,6001425104,6001425104,0.3905,22.4,119083.0,1.4,29.1,20.0,0.0,18.0,10.8,3.8,13.2,3.5
CA,6001,Alameda County,6001426100,6001426100,0.0361,1.2,250001.0,0.8,5.4,0.5,1.6,98.55,6.8,3.7,2.2,0.8
CA,6001,Alameda County,6001426200,6001426200,0.0569,6.5,250001.0,0.0,10.0,3.3,2.66,57.47,9.5,6.5,1.6,1.1
CA,6001,Alameda County,6001427100,6001427100,0.0673,1.7,215045.0,0.8,7.9,0.0,1.47,0.0,5.8,6.4,1.2,1.0
CA,6001,Alameda County,6001427200,6001427200,0.5115,6.9,118571.0,4.3,24.6,9.1,0.0,39.43,9.4,5.5,3.9,6.7
CA,6001,Alameda County,6001427300,6001427300,0.3709,10.4,124432.0,2.7,23.5,8.4,0.0,35.47,10.4,2.4,7.0,4.7
CA,6001,Alameda County,6001427600,6001427600,0.658,13.1,91820.0,7.5,33.6,14.3,4.3,21.59,10.7,8.5,17.4,10.2
CA,6001,Alameda County,6001427700,6001427700,0.3012,7.8,120804.0,3.2,25.1,16.8,0.0,58.2,12.4,4.2,3.8,1.5
CA,6001,Alameda County,6001427800,6001427800,0.2159,6.7,132647.0,2.7,33.2,8.8,2.33,15.23,8.7,4.6,9.7,1.3
CA,6001,Alameda County,6001427900,6001427900,0.3282,6.2,108691.0,1.0,26.4,10.7,4.3,63.91,11.9,6.9,5.8,3.9
CA,6001,Alameda County,6001428000,6001428000,0.3585,6.6,90750.0,4.5,33.3,4.0,0.0,99.29,4.5,11.6,2.1,2.5
CA,6001,Alameda County,6001428100,6001428100,0.2163,4.6,155071.0,1.3,11.9,6.1,0.06,63.45,7.2,4.0,5.3,3.2
CA,6001,Alameda County,6001428200,6001428200,0.3259,7.0,103333.0,2.8,37.2,5.5,0.0,0.0,12.4,2.7,6.9,4.4
CA,6001,Alameda County,6001428301,6001428301,0.1164,1.5,191875.0,2.3,10.7,1.3,0.0,39.46,7.3,4.6,2.1,6.6
CA,6001,Alameda County,6001428302,6001428302,0.114,3.5,225500.0,2.9,5.5,2.0,0.0,85.31,7.1,4.8,1.0,3.2
CA,6001,Alameda County,6001428400,6001428400,0.5287,15.0,94231.0,1.8,37.0,6.8,0.0,0.0,7.8,5.4,6.7,4.2
CA,6001,Alameda County,6001428500,6001428500,0.5191,4.5,138571.0,1.0,14.9,9.4,15.13,58.8,12.8,2.0,5.3,5.9
CA,6001,Alameda County,6001428600,6001428600,0.3563,5.3,116833.0,0.6,20.6,6.8,6.62,85.45,9.1,2.3,6.9,7.1
CA,6001,Alameda County,6001428700,6001428700,0.819,15.3,117153.0,5.7,23.1,18.9,18.61,35.5,10.2,7.8,10.0,9.2
CA,6001,Alameda County,6001430101,6001430101,0.0768,6.0,204527.0,4.3,8.0,0.6,2.84,78.48,6.1,5.3,2.6,3.4
CA,6001,Alameda County,6001430102,6001430102,0.0556,5.5,177250.0,0.6,16.2,1.2,7.8,95.69,9.3,2.5,2.5,1.4
CA,6001,Alameda County,6001430200,6001430200,0.3577,5.1,183182.0,4.8,14.8,2.6,7.91,92.9,10.1,5.9,2.6,5.7
CA,6001,Alameda County,6001430300,6001430300,0.178,3.6,169646.0,3.1,10.9,3.4,4.86,100.0,7.7,7.0,5.9,7.5
CA,6001,Alameda County,6001430400,6001430400,0.0262,2.5,206750.0,0.6,3.1,4.1,1.99,100.0,4.6,4.9,5.9,2.2
CA,6001,Alameda County,6001430500,6001430500,0.5295,9.1,99189.0,3.1,19.7,1.5,7.52,100.0,8.0,4.0,6.9,5.6
CA,6001,Alameda County,6001430600,6001430600,0.2507,6.8,144922.0,0.6,16.9,2.9,5.31,97.98,11.8,3.4,1.5,4.8
CA,6001,Alameda County,6001430700,6001430700,0.3981,7.0,115625.0,3.6,28.8,2.3,0.0,39.1,10.9,4.5,3.6,7.3
CA,6001,Alameda County,6001430800,6001430800,0.4487,8.5,98038.0,2.2,28.2,2.7,0.0,41.82,9.2,2.2,11.2,9.6
CA,6001,Alameda County,6001430900,6001430900,0.7883,15.4,105227.0,7.1,32.7,8.8,4.24,17.06,7.9,3.0,9.0,9.9
CA,6001,Alameda County,6001431000,6001431000,0.5778,13.4,87083.0,3.7,25.1,9.8,0.79,19.53,13.3,3.3,4.9,7.2
CA,6001,Alameda County,6001431100,6001431100,0.5123,4.6,98255.0,8.5,29.8,8.2,4.08,36.23,11.0,0.7,6.5,6.1
CA,6001,Alameda County,6001431200,6001431200,0.4845,7.5,106250.0,8.3,30.9,9.7,9.24,33.22,9.8,1.3,8.4,6.1
CA,6001,Alameda County,6001432100,6001432100,0.1038,4.7,172278.0,4.1,15.4,2.4,2.99,13.0,4.1,1.8,9.5,2.0
CA,6001,Alameda County,6001432200,6001432200,0.5102,12.6,94276.0,1.7,32.0,12.7,0.0,25.79,11.8,4.9,12.2,4.0
CA,6001,Alameda County,6001432300,6001432300,0.3184,7.0,154028.0,5.0,16.5,3.6,4.81,5.55,10.0,5.1,5.3,7.4
CA,6001,Alameda County,6001432400,6001432400,0.7525,7.4,82424.0,5.2,34.6,8.5,4.93,25.58,14.7,7.0,7.4,10.6
CA,6001,Alameda County,6001432501,6001432501,0.457,5.6,112531.0,6.6,19.0,8.0,8.12,62.9,8.5,2.8,3.7,17.9
CA,6001,Alameda County,6001432502,6001432502,0.7769,13.8,97412.0,8.1,32.6,7.4,9.0,49.79,9.4,5.2,7.0,9.9
CA,6001,Alameda County,6001432601,6001432601,0.6357,10.3,91767.0,5.2,29.6,14.2,18.31,0.0,10.8,3.8,7.6,5.5
CA,6001,Alameda County,6001432602,6001432602,0.6027,3.0,109274.0,2.7,24.8,9.9,1.8,89.67,11.0,1.8,5.2,8.7
CA,6001,Alameda County,6001432700,6001432700,0.4842,6.1,92128.0,7.8,24.6,1.4,4.6,57.23,7.7,12.8,3.9,9.6
CA,6001,Alameda County,6001432800,6001432800,0.3008,1.9,135313.0,1.7,21.4,2.1,1.92,89.91,8.1,4.9,14.0,7.4
CA,6001,Alameda County,6001433000,6001433000,0.3855,9.0,96237.0,3.7,19.9,3.6,0.0,10.9,11.4,4.0,3.0,11.8
CA,6001,Alameda County,6001433102,6001433102,0.4976,2.8,120577.0,4.8,20.8,3.5,3.49,7.46,7.4,1.3,3.0,18.0
CA,6001,Alameda County,6001433103,6001433103,0.7473,13.4,72813.0,10.1,40.9,6.4,0.0,0.0,17.2,6.6,9.1,14.6
CA,6001,Alameda County,6001433104,6001433104,0.8107,10.5,75841.0,2.3,43.7,23.4,0.55,0.18,19.0,3.3,15.7,6.5
CA,6001,Alameda County,6001433200,6001433200,0.797,13.4,78701.0,7.2,35.1,11.6,5.1,5.51,15.1,4.9,6.1,18.0
CA,6001,Alameda County,6001433300,6001433300,0.4826,4.8,103792.0,2.2,10.4,1.4,1.02,47.43,16.9,7.9,9.5,20.2
CA,6001,Alameda County,6001433400,6001433400,0.4095,3.9,113633.0,3.2,15.5,4.5,0.89,16.04,9.2,3.3,7.4,9.5
CA,6001,Alameda County,6001433500,6001433500,0.5461,11.1,86250.0,6.8,32.5,6.9,2.73,34.16,7.4,8.3,10.2,17.8
CA,6001,Alameda County,6001433600,6001433600,0.5062,12.2,85886.0,1.6,22.9,18.3,1.84,2.88,10.7,3.6,9.7,13.9
CA,6001,Alameda County,6001433700,6001433700,0.6832,21.0,81992.0,3.8,40.7,2.4,0.0,54.9,20.1,5.0,6.4,11.0
CA,6001,Alameda County,6001433801,6001433801,0.6176,8.2,94254.0,9.1,29.2,3.8,0.14,12.18,9.0,9.0,14.4,24.2
CA,6001,Alameda County,6001433802,6001433802,0.4663,8.4,100784.0,2.7,31.1,17.3,6.19,13.63,7.4,3.7,4.4,10.9
CA,6001,Alameda County,6001433900,6001433900,0.9321,15.7,70552.0,7.6,46.4,6.1,13.89,99.99,9.5,7.9,5.8,16.2
CA,6001,Alameda County,6001434000,6001434000,0.9497,24.2,48023.0,6.8,43.9,17.2,12.11,87.55,15.6,7.5,8.8,17.1
CA,6001,Alameda County,6001435102,6001435102,0.2874,10.5,138859.0,2.9,12.2,0.5,6.08,100.0,5.2,9.1,0.9,3.7
CA,6001,Alameda County,6001435103,6001435103,0.0965,3.1,232569.0,0.9,8.9,0.7,0.0,82.52,7.7,3.9,1.6,6.4
CA,6001,Alameda County,6001435104,6001435104,0.4314,6.6,112692.0,4.2,27.4,4.4,0.0,52.0,9.0,3.2,8.6,7.9
CA,6001,Alameda County,6001435200,6001435200,0.4219,5.6,134167.0,1.0,12.1,2.2,2.1,48.91,16.8,6.2,10.0,5.5
CA,6001,Alameda County,6001435300,6001435300,0.784,8.6,89205.0,10.8,36.9,4.3,4.47,6.72,13.3,3.8,2.7,11.0
CA,6001,Alameda County,6001435400,6001435400,0.6732,16.8,80816.0,2.5,32.0,18.6,3.0,3.8,15.3,6.5,13.3,4.2
CA,6001,Alameda County,6001435500,6001435500,0.7434,17.2,75139.0,4.7,40.5,10.8,7.63,41.42,11.6,5.5,11.0,11.8
CA,6001,Alameda County,6001435601,6001435601,0.7834,10.2,81788.0,4.6,31.6,8.2,4.19,46.06,12.2,2.0,12.9,14.9
CA,6001,Alameda County,6001435602,6001435602,0.7857,9.3,86099.0,4.0,30.4,6.5,14.28,90.85,17.5,6.8,5.8,10.6
CA,6001,Alameda County,6001435700,6001435700,0.4907,5.7,98125.0,0.9,21.8,1.8,0.0,26.56,19.4,7.4,9.3,12.2
CA,6001,Alameda County,6001435800,6001435800,0.4428,5.4,100882.0,3.3,17.7,0.0,2.25,3.68,16.9,5.2,8.3,13.4
CA,6001,Alameda County,6001435900,6001435900,0.307,3.2,113750.0,3.9,15.1,4.6,3.99,84.8,10.9,7.8,8.2,9.8
CA,6001,Alameda County,6001436000,6001436000,0.2817,4.8,111806.0,4.0,10.8,2.3,8.37,100.0,10.0,7.6,2.5,7.3
CA,6001,Alameda County,6001436100,6001436100,0.6565,6.6,104531.0,4.7,21.9,13.4,0.0,27.29,12.6,3.6,11.7,16.7
CA,6001,Alameda County,6001436200,6001436200,0.7644,10.9,72740.0,3.5,44.3,6.1,1.76,20.44,11.2,3.7,14.2,15.5
CA,6001,Alameda County,6001436301,6001436301,0.5332,9.6,149063.0,2.0,23.3,5.9,0.0,18.8,10.5,5.2,4.9,13.1
CA,6001,Alameda County,6001436302,6001436302,0.5721,6.1,90833.0,8.5,21.1,9.7,2.96,33.53,19.1,4.7,7.6,5.4
CA,6001,Alameda County,6001436402,6001436402,0.1763,1.8,152917.0,1.3,7.7,1.1,3.62,97.82,9.9,8.2,6.5,3.0
CA,6001,Alameda County,6001436403,6001436403,0.5762,20.4,75179.0,10.2,40.4,6.4,0.0,50.26,10.7,8.7,8.7,10.4
CA,6001,Alameda County,6001436404,6001436404,0.0412,1.6,150903.0,3.7,13.9,1.5,1.34,34.82,8.6,2.5,4.6,1.4
CA,6001,Alameda County,6001436500,6001436500,0.7139,12.6,85319.0,9.1,31.3,5.4,7.11,26.99,5.5,6.8,6.9,10.1
CA,6001,Alameda County,6001436601,6001436601,0.7186,13.0,77982.0,2.5,39.8,5.7,0.0,2.34,8.6,2.8,12.3,11.2
CA,6001,Alameda County,6001436602,6001436602,0.8498,10.7,92125.0,4.6,33.1,8.0,0.06,75.86,9.9,7.9,11.2,17.2
CA,6001,Alameda County,6001436700,6001436700,0.6803,10.0,100242.0,6.8,29.7,1.7,10.33,88.23,9.1,1.4,4.5,10.1
CA,6001,Alameda County,6001436800,6001436800,0.6644,10.5,103567.0,6.0,18.7,6.4,0.92,2.94,14.7,5.5,4.3,14.6
CA,6001,Alameda County,6001436900,6001436900,0.5933,11.9,96719.0,4.3,35.7,3.2,0.25,7.93,6.1,3.1,12.8,17.0
CA,6001,Alameda County,6001437000,6001437000,0.528,5.2,115273.0,4.4,17.7,6.2,5.35,19.25,15.3,5.0,10.0,10.9
CA,6001,Alameda County,6001437101,6001437101,0.4481,4.7,140682.0,5.0,13.9,4.0,0.0,79.35,8.8,6.0,9.5,9.8
CA,6001,Alameda County,6001437102,6001437102,0.8207,10.3,82443.0,6.7,38.2,10.3,5.44,7.78,14.5,7.5,9.1,14.6
CA,6001,Alameda County,6001437200,6001437200,0.7253,12.3,100946.0,8.7,25.6,5.8,0.6,50.68,9.1,9.0,3.4,9.1
CA,6001,Alameda County,6001437300,6001437300,0.7655,19.1,59847.0,5.7,34.2,20.3,0.18,8.88,10.7,8.7,22.9,10.8
CA,6001,Alameda County,6001437400,6001437400,0.5771,10.0,88750.0,7.7,28.3,4.0,3.64,19.42,11.3,9.6,5.0,11.7
CA,6001,Alameda County,6001437500,6001437500,0.8121,19.0,84531.0,2.7,37.5,11.7,0.55,83.13,9.2,3.4,5.3,14.3
CA,6001,Alameda County,6001437600,6001437600,0.649,9.4,112742.0,3.1,22.9,9.3,2.65,65.13,11.4,5.1,9.1,11.1
CA,6001,Alameda County,6001437701,6001437701,0.8181,9.5,69592.0,11.2,47.4,3.3,0.34,66.94,6.2,3.3,10.3,18.5
CA,6001,Alameda County,6001437702,6001437702,0.7205,12.9,82034.0,10.4,36.3,2.1,0.74,34.36,7.1,3.0,9.5,28.3
CA,6001,Alameda County,6001437800,6001437800,0.5133,8.3,145962.0,4.3,19.5,7.5,0.37,14.95,9.7,7.9,5.7,8.5
CA,6001,Alameda County,6001437900,6001437900,0.8023,12.0,88700.0,5.6,37.0,7.9,0.0,18.03,10.5,7.1,6.4,11.7
CA,6001,Alameda County,6001438000,6001438000,0.4353,3.6,110481.0,5.6,15.7,7.7,0.0,0.0,8.5,4.5,12.8,7.5
CA,6001,Alameda County,6001438100,6001438100,0.21,6.5,154318.0,2.6,10.3,0.8,0.0,19.4,5.4,3.2,2.1,10.2
CA,6001,Alameda County,6001438201,6001438201,0.7153,9.4,105504.0,6.5,22.0,5.8,5.82,32.12,13.9,6.2,4.7,12.0
CA,6001,Alameda County,6001438203,6001438203,0.5374,3.2,128568.0,3.0,19.4,7.0,4.82,89.19,9.5,7.2,4.6,8.8
CA,6001,Alameda County,6001438204,6001438204,0.5879,3.6,98194.0,4.7,18.9,4.2,2.45,100.0,10.2,7.2,9.4,10.3
CA,6001,Alameda County,6001438300,6001438300,0.398,4.7,120469.0,2.3,15.5,1.7,2.1,15.17,12.4,6.6,3.2,6.6
CA,6001,Alameda County,6001438400,6001438400,0.4925,3.4,98625.0,0.3,15.3,6.1,4.97,87.54,12.0,5.9,7.8,12.8
CA,6001,Alameda County,6001440100,6001440100,0.4989,3.7,104271.0,1.8,22.4,16.0,23.07,89.3,15.1,5.2,13.8,2.4
CA,6001,Alameda County,6001440200,6001440200,0.4064,6.4,114653.0,3.5,20.0,1.7,0.0,78.57,8.8,1.4,6.7,13.1
CA,6001,Alameda County,6001440301,6001440301,0.5858,4.7,122093.0,3.4,19.4,7.2,1.14,57.17,12.3,5.6,3.9,6.2
CA,6001,Alameda County,6001440304,6001440304,0.3248,4.3,135392.0,3.2,14.4,3.1,0.0,38.6,10.0,0.5,12.4,12.9
CA,6001,Alameda County,6001440305,6001440305,0.254,3.2,156528.0,6.6,12.3,0.5,2.06,77.56,13.7,3.7,2.7,3.0
CA,6001,Alameda County,6001440306,6001440306,0.3288,7.5,108155.0,4.7,16.5,1.1,11.89,3.34,6.4,5.3,10.0,6.1
CA,6001,Alameda County,6001440307,6001440307,0.5208,6.7,117938.0,2.0,20.3,6.2,7.0,100.0,11.8,2.8,8.2,10.8
CA,6001,Alameda County,6001440308,6001440308,0.6544,12.4,108403.0,2.9,22.2,20.0,6.04,30.31,14.0,4.4,10.7,16.1
CA,6001,Alameda County,6001440331,6001440331,0.4111,8.7,128929.0,1.5,15.0,3.9,2.27,26.74,9.9,3.1,4.2,7.9
CA,6001,Alameda County,6001440332,6001440332,0.0602,5.3,184620.0,1.9,8.9,2.7,3.72,100.0,7.1,2.8,2.1,8.1
CA,6001,Alameda County,6001440333,6001440333,0.4041,6.8,113313.0,4.4,19.0,2.7,0.55,0.0,9.9,7.8,1.7,9.4
CA,6001,Alameda County,6001440334,6001440334,0.3409,6.7,146523.0,3.5,11.9,3.2,0.58,30.38,11.2,2.6,1.3,7.6
CA,6001,Alameda County,6001440336,6001440336,0.4718,4.8,155625.0,1.1,17.2,5.7,0.0,15.94,12.3,5.4,2.6,7.6
CA,6001,Alameda County,6001440337,6001440337,0.0244,3.3,250001.0,0.0,6.1,0.0,2.82,97.78,2.6,7.6,1.6,7.5
CA,6001,Alameda County,6001440338,6001440338,0.3423,17.1,144850.0,0.9,12.9,5.4,5.35,92.96,0.8,9.3,0.0,8.4
CA,6001,Alameda County,6001441100,6001441100,0.4494,8.9,154432.0,1.2,21.4,4.1,7.85,100.0,10.3,8.2,6.1,1.6
CA,6001,Alameda County,6001441200,6001441200,0.1787,4.7,158446.0,2.7,16.9,1.5,1.09,100.0,6.8,5.3,1.9,2.8
CA,6001,Alameda County,6001441301,6001441301,0.1552,6.6,160714.0,0.0,13.7,3.5,1.98,65.78,7.2,3.5,4.2,5.1
CA,6001,Alameda County,6001441302,6001441302,0.2445,5.3,208590.0,4.6,12.8,4.2,0.0,55.02,7.2,4.0,0.6,4.1
CA,6001,Alameda County,6001441401,6001441401,0.2638,5.6,172083.0,2.8,15.1,2.6,0.48,27.55,3.8,3.9,3.5,6.5
CA,6001,Alameda County,6001441402,6001441402,0.2249,3.1,180938.0,1.1,10.1,3.8,5.58,60.77,9.8,6.1,4.3,3.8
CA,6001,Alameda County,6001441501,6001441501,0.2105,3.4,184967.0,1.1,16.1,0.5,0.0,75.75,7.1,5.5,1.7,7.8
CA,6001,Alameda County,6001441503,6001441503,0.1513,4.1,221094.0,2.1,6.9,1.0,0.81,67.72,5.2,7.2,1.9,3.8
CA,6001,Alameda County,6001441521,6001441521,0.3716,6.5,229318.0,1.4,16.6,2.9,10.08,67.12,5.3,4.1,8.6,11.5
CA,6001,Alameda County,6001441522,6001441522,0.1778,4.3,178182.0,2.8,10.7,2.6,2.21,18.31,5.5,1.7,4.5,8.7
CA,6001,Alameda County,6001441523,6001441523,0.0435,2.9,178417.0,0.7,3.5,1.1,0.33,100.0,4.0,3.0,0.0,3.5
CA,6001,Alameda County,6001441524,6001441524,0.0423,1.2,247656.0,0.7,6.0,3.0,1.36,100.0,2.5,2.0,1.9,2.2
CA,6001,Alameda County,6001441525,6001441525,0.4269,6.4,186354.0,2.2,11.9,10.7,7.08,46.19,1.9,2.2,3.4,8.1
CA,6001,Alameda County,6001441601,6001441601,0.0667,4.5,189667.0,2.2,11.5,1.6,0.87,12.32,6.5,3.1,1.6,3.2
CA,6001,Alameda County,6001441602,6001441602,0.3955,3.3,121667.0,4.7,20.8,5.3,0.0,51.13,8.7,1.1,3.3,5.8
CA,6001,Alameda County,6001441701,6001441701,0.6451,19.3,133606.0,8.0,27.8,12.4,3.86,51.81,4.6,15.8,0.0,9.5
CA,6001,Alameda County,6001441702,6001441702,0.5069,10.1,99181.0,4.8,32.2,7.2,1.91,94.77,8.4,4.0,9.3,8.8
CA,6001,Alameda County,6001441800,6001441800,0.3191,7.1,152667.0,3.4,12.1,6.1,1.1,32.96,11.1,1.5,4.3,5.3
CA,6001,Alameda County,6001441921,6001441921,0.2322,2.8,163468.0,5.6,10.7,0.0,0.0,52.49,4.9,7.9,0.0,10.1
CA,6001,Alameda County,6001441923,6001441923,0.477,5.4,132810.0,1.1,22.4,10.2,7.12,100.0,7.3,4.6,10.7,5.9
CA,6001,Alameda County,6001441924,6001441924,0.1895,11.4,177589.0,3.9,15.6,2.7,0.0,94.07,4.9,4.1,3.9,8.5
CA,6001,Alameda County,6001441926,6001441926,0.3433,4.2,112941.0,3.2,27.2,6.6,1.39,39.31,5.1,4.2,6.1,8.9
CA,6001,Alameda County,6001441927,6001441927,0.3923,6.7,131792.0,3.0,22.6,15.0,0.92,11.49,8.6,1.8,7.3,4.1
CA,6001,Alameda County,6001441928,6001441928,0.232,4.2,151902.0,2.2,16.8,5.2,4.26,23.31,8.8,0.3,4.4,5.0
CA,6001,Alameda County,6001441929,6001441929,0.0779,6.5,126111.0,0.8,20.3,17.5,3.41,53.56,4.7,1.9,2.5,0.2
CA,6001,Alameda County,6001442000,6001442000,0.1446,5.5,189821.0,2.9,18.4,0.0,0.0,53.46,9.0,3.4,3.1,3.0
CA,6001,Alameda County,6001442100,6001442100,0.0591,1.3,227949.0,1.6,6.7,0.4,1.14,59.85,5.6,2.7,6.8,5.5
CA,6001,Alameda County,6001442200,6001442200,0.096,2.3,231679.0,0.7,6.8,2.9,0.0,78.09,5.6,3.0,2.6,4.6
CA,6001,Alameda County,6001442301,6001442301,0.3054,5.6,148590.0,1.8,15.5,4.5,3.17,31.8,7.1,1.6,5.2,10.5
CA,6001,Alameda County,6001442302,6001442302,0.452,7.2,147684.0,2.5,26.8,10.9,0.0,0.0,7.8,0.6,7.1,8.5
CA,6001,Alameda County,6001442400,6001442400,0.2947,7.4,124886.0,2.9,15.2,2.1,0.0,49.98,6.3,2.9,4.0,10.4
CA,6001,Alameda County,6001442501,6001442501,0.698,3.5,91867.0,8.8,21.5,4.8,6.64,8.92,11.9,2.4,14.3,9.8
CA,6001,Alameda County,6001442502,6001442502,0.3681,0.3,157760.0,6.4,7.9,1.9,0.4,99.07,15.7,2.8,5.2,14.6
CA,6001,Alameda County,6001442601,6001442601,0.4377,1.9,159000.0,0.4,22.1,5.4,0.0,10.44,6.8,0.8,5.9,8.2
CA,6001,Alameda County,6001442602,6001442602,0.6508,14.0,136513.0,4.0,29.2,11.1,11.37,77.55,10.3,3.2,5.7,6.5
CA,6001,Alameda County,6001442700,6001442700,0.2278,5.8,191760.0,1.3,9.4,5.2,0.0,50.46,6.1,2.9,4.1,7.5
CA,6001,Alameda County,6001442800,6001442800,0.2402,1.9,169310.0,5.3,10.7,0.3,1.03,13.29,7.9,4.8,0.8,8.2
CA,6001,Alameda County,6001442900,6001442900,0.3396,2.6,172578.0,4.3,9.5,3.0,0.0,60.32,8.5,7.0,2.6,6.4
CA,6001,Alameda County,6001443001,6001443001,0.2658,6.1,149803.0,0.7,21.7,3.1,0.58,61.03,10.4,2.7,5.5,4.8
CA,6001,Alameda County,6001443002,6001443002,0.5186,8.3,134309.0,3.5,21.5,1.1,0.0,100.0,7.3,6.5,3.2,13.3
CA,6001,Alameda County,6001443102,6001443102,0.0739,3.1,229008.0,0.8,6.9,0.7,3.51,80.03,5.7,3.4,2.4,6.1
CA,6001,Alameda County,6001443103,6001443103,0.2261,2.5,233906.0,4.4,8.7,2.6,0.57,100.0,4.7,5.6,5.3,5.7
CA,6001,Alameda County,6001443104,6001443104,0.1363,3.6,205515.0,1.6,12.7,2.6,11.95,100.0,5.2,2.5,1.3,4.4
CA,6001,Alameda County,6001443105,6001443105,0.2041,4.5,225795.0,1.5,8.7,3.3,1.76,88.49,6.9,7.7,2.2,8.3
CA,6001,Alameda County,6001443200,6001443200,0.143,2.9,250001.0,0.3,8.0,0.7,2.64,99.96,8.5,6.2,4.3,8.4
CA,6001,Alameda County,6001443301,6001443301,0.0856,2.5,240927.0,0.7,5.8,2.9,6.27,95.91,8.1,3.5,6.0,8.2
CA,6001,Alameda County,6001443321,6001443321,0.4271,7.6,132188.0,3.3,15.4,2.3,6.49,0.0,3.1,4.7,1.1,10.0
CA,6001,Alameda County,6001443322,6001443322,0.1269,3.5,203906.0,1.7,5.9,4.7,0.0,62.09,7.6,7.7,7.0,4.9
CA,6001,Alameda County,6001444100,6001444100,0.2857,3.9,158011.0,2.9,19.4,6.1,0.61,39.49,13.4,2.1,1.3,9.3
CA,6001,Alameda County,6001444200,6001444200,0.3999,4.7,161307.0,5.4,14.8,1.6,0.0,42.02,11.0,4.7,4.2,11.4
CA,6001,Alameda County,6001444301,6001444301,0.2929,1.9,184583.0,1.2,10.2,3.4,0.7,92.98,5.9,7.1,3.0,5.0
CA,6001,Alameda County,6001444303,6001444303,0.4999,10.0,90230.0,5.8,28.3,4.5,0.0,0.0,10.5,5.8,7.2,6.0
CA,6001,Alameda County,6001444304,6001444304,0.1194,4.0,189750.0,1.8,14.8,0.8,3.4,29.26,5.5,2.9,3.6,6.9
CA,6001,Alameda County,6001444400,6001444400,0.689,6.1,109107.0,9.3,12.9,8.5,0.0,47.31,9.1,6.0,8.0,11.9
CA,6001,Alameda County,6001444500,6001444500,0.3989,4.8,148750.0,4.9,13.1,0.7,6.09,17.57,6.7,5.1,4.0,9.0
CA,6001,Alameda County,6001444601,6001444601,0.0765,2.8,213021.0,2.9,3.9,1.1,0.0,73.22,7.8,4.7,5.2,5.1
CA,6001,Alameda County,6001444602,6001444602,0.2126,3.2,175250.0,0.8,9.0,5.0,3.97,0.0,8.2,5.3,1.3,6.7
CA,6001,Alameda County,6001450101,6001450101,0.093,6.0,166898.0,0.7,16.2,2.8,12.62,16.46,5.0,2.3,2.6,5.1
CA,6001,Alameda County,6001450102,6001450102,0.454,7.7,189975.0,4.9,16.5,3.5,3.88,75.63,3.9,2.7,4.1,6.9
CA,6001,Alameda County,6001450200,6001450200,0.1592,7.1,107111.0,0.6,29.4,4.0,8.47,79.55,5.3,5.0,0.7,9.0
CA,6001,Alameda County,6001450300,6001450300,0.2101,4.2,136875.0,3.9,10.8,5.5,0.0,11.11,10.8,4.7,1.4,2.3
CA,6001,Alameda County,6001450400,6001450400,0.2936,5.0,151272.0,0.9,17.7,1.0,7.59,43.6,12.2,4.0,4.5,3.0
CA,6001,Alameda County,6001450501,6001450501,0.035,2.1,186000.0,1.8,9.0,3.5,0.0,49.96,4.0,3.2,4.4,2.5
CA,6001,Alameda County,6001450502,6001450502,0.0781,5.6,202003.0,0.5,6.8,1.8,5.24,94.18,7.2,3.2,4.1,4.0
CA,6001,Alameda County,6001450601,6001450601,0.0446,2.0,230517.0,1.1,7.2,0.4,0.04,100.0,8.4,5.7,0.7,6.9
CA,6001,Alameda County,6001450603,6001450603,0.0447,4.4,202238.0,3.3,16.1,0.0,0.0,17.39,6.3,1.9,0.7,4.0
CA,6001,Alameda County,6001450604,6001450604,0.1586,1.9,180125.0,2.5,7.7,2.5,1.69,0.0,10.5,1.4,2.9,2.9
CA,6001,Alameda County,6001450605,6001450605,0.1092,1.8,182500.0,0.8,5.4,2.0,0.0,25.11,9.1,3.5,1.4,1.2
CA,6001,Alameda County,6001450606,6001450606,0.04,3.4,235150.0,1.1,9.5,2.0,5.97,76.25,5.8,3.3,0.0,3.2
CA,6001,Alameda County,6001450607,6001450607,0.4184,5.5,98214.0,1.0,33.3,11.7,2.43,48.97,15.8,1.1,6.3,8.9
CA,6001,Alameda County,6001450608,6001450608,0.0946,7.2,250001.0,2.6,12.0,2.6,0.0,24.87,7.5,3.8,2.8,5.0
CA,6001,Alameda County,6001450609,6001450609,0.1848,2.7,152857.0,3.8,13.2,3.3,1.76,44.43,11.4,6.8,5.0,2.4
CA,6001,Alameda County,6001450701,6001450701,0.0975,3.3,250001.0,2.6,5.3,0.0,0.62,78.25,7.6,5.7,2.1,3.6
CA,6001,Alameda County,6001450741,6001450741,0.5079,15.7,165000.0,5.2,21.9,7.9,5.16,91.45,7.0,2.3,3.6,10.3
CA,6001,Alameda County,6001450742,6001450742,0.1596,1.2,172760.0,0.1,13.0,5.9,11.59,97.35,5.8,3.8,6.7,2.6
CA,6001,Alameda County,6001450743,6001450743,0.2171,6.7,155274.0,1.7,13.4,3.9,0.0,9.44,5.8,4.5,0.2,3.7
CA,6001,Alameda County,6001450744,6001450744,0.2972,8.9,193214.0,1.6,16.6,3.7,5.84,39.89,10.3,7.4,2.4,3.4
CA,6001,Alameda County,6001450745,6001450745,0.1333,8.1,200729.0,0.1,17.3,4.4,0.0,63.45,2.2,8.6,0.4,6.8
CA,6001,Alameda County,6001450746,6001450746,0.116,0.9,171736.0,0.9,16.1,5.5,4.0,43.03,9.8,4.5,7.1,0.5
CA,6001,Alameda County,6001450750,6001450750,0.1834,3.5,153929.0,1.0,12.0,5.9,0.0,2.01,7.7,3.4,3.2,5.8
CA,6001,Alameda County,6001450751,6001450751,0.0351,0.5,250001.0,2.0,4.4,0.2,0.0,82.74,2.0,3.0,0.9,4.1
CA,6001,Alameda County,6001450752,6001450752,0.0604,1.9,250001.0,1.6,4.7,1.9,0.0,100.0,3.8,3.4,0.4,3.8
CA,6001,Alameda County,6001451102,6001451102,0.0145,2.7,246100.0,1.4,6.0,0.6,0.61,70.22,7.4,5.4,1.7,1.0
CA,6001,Alameda County,6001451103,6001451103,0.0601,0.0,250001.0,0.9,3.4,0.0,0.55,73.88,8.4,5.9,3.4,3.8
CA,6001,Alameda County,6001451104,6001451104,0.1909,3.8,177210.0,3.7,10.7,5.2,3.01,0.0,5.2,3.3,4.7,1.9
CA,6001,Alameda County,6001451201,6001451201,0.3575,7.1,109593.0,1.6,27.3,5.6,5.12,74.72,11.4,4.4,4.8,2.2
CA,6001,Alameda County,6001451202,6001451202,0.0613,2.4,170459.0,2.5,14.7,1.1,0.89,60.3,10.1,2.3,0.3,1.8
CA,6001,Alameda County,6001451300,6001451300,0.1695,3.0,119928.0,1.5,16.6,9.1,0.0,93.48,7.9,4.0,9.8,2.5
CA,6001,Alameda County,6001451401,6001451401,0.5039,7.8,113639.0,11.0,25.5,2.3,2.7,23.67,7.7,3.8,7.6,14.4
CA,6001,Alameda County,6001451403,6001451403,0.103,2.4,180197.0,1.2,11.0,1.8,9.26,53.96,11.5,2.3,8.8,2.2
CA,6001,Alameda County,6001451404,6001451404,0.5719,8.8,105387.0,8.4,29.4,7.8,0.0,18.96,8.8,5.4,6.6,14.3
CA,6001,Alameda County,6001451501,6001451501,0.3345,7.4,168580.0,0.8,25.5,6.4,9.66,93.03,11.8,3.7,4.8,4.6
CA,6001,Alameda County,6001451503,6001451503,0.169,3.1,166898.0,1.2,16.5,6.8,1.32,100.0,11.9,0.8,5.5,3.3
CA,6001,Alameda County,6001451504,6001451504,0.0796,2.7,162083.0,1.4,22.4,5.2,4.03,94.13,8.4,3.9,1.9,3.8
CA,6001,Alameda County,6001451505,6001451505,0.0002,0.8,221417.0,0.4,4.5,0.0,0.0,98.69,5.6,2.9,0.0,0.4
CA,6001,Alameda County,6001451506,6001451506,0.1706,2.6,123571.0,1.5,14.8,0.3,1.45,96.4,6.3,1.6,4.5,5.2
CA,6001,Alameda County,6001451601,6001451601,0.1708,3.9,194662.0,2.3,9.1,1.1,0.0,72.17,9.6,4.2,1.0,1.1
CA,6001,Alameda County,6001451602,6001451602,0.1614,3.9,140909.0,0.5,13.9,6.2,0.0,38.03,10.2,1.9,6.8,0.6
CA,6001,Alameda County,6001451701,6001451701,0.0752,2.7,186991.0,3.9,6.0,6.6,1.36,40.79,9.3,3.6,3.4,0.0
CA,6001,Alameda County,6001451703,6001451703,0.0506,2.7,194607.0,0.4,9.9,1.9,8.03,100.0,8.6,1.3,1.3,0.5
CA,6001,Alameda County,6001451704,6001451704,0.0767,2.7,149875.0,0.3,15.6,1.3,6.59,43.74,8.1,6.0,2.2,1.2
CA,6001,Alameda County,6001981900,6001981900,0.0,0.0,90230.0,0.0,0.0,0.0,14.87,100.0,0.0,0.0,0.0,0.0
CA,6001,Alameda County,6001982000,6001982000,0.0644,0.0,129167.0,0.0,0.0,12.5,2.67,100.0,22.0,0.0,0.0,0.0
CA,6001,Alameda County,6001982100,6001982100,0.1184,37.5,90230.0,0.9,60.0,0.0,4.57,59.81,17.4,4.5,60.0,0.0
CA,6001,Alameda County,6001983200,6001983200,0.083,12.2,176103.0,2.8,11.2,2.1,0.0,7.07,8.8,0.1,1.5,0.5
CA,6003,Alpine County,6003010000,6003010000,0.5189,13.7,101125.0,6.4,11.5,3.4,4.25,100.0,13.5,4.9,10.1,1.7
CA,6005,Amador County,6005000101,6005000101,0.1746,6.5,82522.0,2.4,25.6,2.7,8.04,90.32,20.3,7.1,3.9,0.3
CA,6005,Amador County,6005000102,6005000102,0.4231,7.2,55833.0,9.3,40.0,2.9,4.5,95.76,19.0,4.8,9.2,0.0
CA,6005,Amador County,6005000201,6005000201,0.4873,12.1,76193.0,9.2,22.0,5.4,2.04,96.4,13.4,3.8,4.7,1.4
CA,6005,Amador County,6005000202,6005000202,0.2126,10.7,59160.0,4.8,28.1,0.8,0.47,96.22,27.9,6.6,29.0,0.0
CA,6005,Amador County,6005000301,6005000301,0.5897,10.6,86346.0,6.8,13.6,4.8,8.51,98.15,11.7,11.4,15.6,3.7
CA,6005,Amador County,6005000303,6005000303,0.3189,7.7,64174.0,5.6,31.4,8.3,6.7,73.3,11.0,3.4,12.7,0.2
CA,6005,Amador County,6005000304,6005000304,0.2895,7.4,99615.0,2.5,20.2,0.4,4.74,96.61,16.4,4.5,13.2,1.9
CA,6005,Amador County,6005000401,6005000401,0.3512,8.6,69702.0,3.1,32.3,6.7,12.9,85.62,24.9,4.2,14.7,0.0
CA,6005,Amador County,6005000402,6005000402,0.6022,6.9,60625.0,6.5,44.5,11.9,1.28,91.59,23.3,12.0,23.6,0.6
CA,6005,Amador County,6005000500,6005000500,0.3156,4.3,74956.0,2.4,25.8,1.6,0.33,50.67,17.4,5.3,8.2,1.5
CA,6007,Butte County,6007000102,6007000102,0.6586,19.8,69615.0,2.7,32.8,6.1,5.71,32.53,20.0,2.7,8.8,5.5
CA,6007,Butte County,6007000103,6007000103,0.1116,5.2,115179.0,4.7,20.8,1.3,0.0,42.61,7.4,1.9,2.7,3.6
CA,6007,Butte County,6007000104,6007000104,0.6697,23.5,78380.0,2.4,34.7,8.7,8.36,60.26,15.1,6.8,9.9,6.4
CA,6007,Butte County,6007000201,6007000201,0.4904,9.7,54359.0,6.1,38.5,2.9,4.95,95.02,12.8,9.7,8.4,0.9
CA,6007,Butte County,6007000202,6007000202,0.7192,18.4,55729.0,9.4,35.4,9.6,1.76,23.61,17.4,10.5,6.5,1.1
CA,6007,Butte County,6007000300,6007000300,0.8232,18.5,56735.0,7.2,35.6,16.5,6.8,45.25,19.6,8.4,10.4,5.2
CA,6007,Butte County,6007000401,6007000401,0.2225,8.2,99404.0,1.8,28.0,1.8,5.23,100.0,7.8,4.7,0.3,2.6
CA,6007,Butte County,6007000403,6007000403,0.536,11.6,70917.0,8.9,35.3,4.0,1.82,51.81,15.2,3.7,11.8,2.4
CA,6007,Butte County,6007000404,6007000404,0.106,6.2,118063.0,3.0,21.5,0.9,3.02,49.99,9.8,2.2,6.5,0.7
CA,6007,Butte County,6007000501,6007000501,0.3965,19.7,103078.0,6.0,28.2,3.4,5.0,87.05,8.5,8.9,0.0,0.7
CA,6007,Butte County,6007000502,6007000502,0.5597,49.9,39828.0,5.3,60.4,8.8,0.0,16.16,12.3,6.2,7.7,1.8
CA,6007,Butte County,6007000601,6007000601,0.0774,6.8,90993.0,8.0,17.5,1.7,6.62,74.8,7.5,3.9,9.0,0.7
CA,6007,Butte County,6007000603,6007000603,0.5611,42.5,38239.0,7.7,60.1,6.0,0.0,39.02,12.8,13.5,8.0,2.5
CA,6007,Butte County,6007000604,6007000604,0.5277,39.6,40960.0,14.9,52.5,5.9,0.25,17.99,11.0,6.5,3.8,2.7
CA,6007,Butte County,6007000700,6007000700,0.3744,26.3,63789.0,5.8,38.7,12.6,5.57,32.15,9.9,3.3,8.1,0.8
CA,6007,Butte County,6007000800,6007000800,0.4352,16.3,76707.0,7.4,33.5,1.3,0.0,99.97,16.9,5.4,4.8,0.2
CA,6007,Butte County,6007000901,6007000901,0.1564,6.4,111316.0,2.1,24.2,2.9,0.0,98.87,15.7,3.3,4.1,3.0
CA,6007,Butte County,6007000903,6007000903,0.6138,16.2,59785.0,4.2,35.4,11.2,8.31,18.48,21.6,6.5,10.5,1.4
CA,6007,Butte County,6007000904,6007000904,0.4583,13.5,89313.0,6.9,17.8,6.9,5.88,96.12,15.1,7.6,16.7,2.4
CA,6007,Butte County,6007001000,6007001000,0.6821,46.3,39605.0,6.6,46.4,6.6,0.0,21.64,12.5,14.0,6.1,2.1
CA,6007,Butte County,6007001100,6007001100,0.7132,30.7,50013.0,10.1,50.9,7.1,10.23,100.0,19.0,8.0,3.9,5.2
CA,6007,Butte County,6007001200,6007001200,0.5103,41.0,44265.0,6.9,53.7,9.3,8.57,70.51,13.3,6.7,7.1,1.8
CA,6007,Butte County,6007001300,6007001300,0.9011,29.7,44040.0,16.3,47.4,12.0,0.0,46.5,18.6,10.7,13.5,5.3
CA,6007,Butte County,6007001400,6007001400,0.1485,7.2,132218.0,5.6,15.6,0.0,2.75,100.0,12.2,3.7,4.1,1.5
CA,6007,Butte County,6007001500,6007001500,0.3221,6.3,127105.0,7.9,6.0,1.6,0.17,100.0,10.5,6.5,17.5,1.2
CA,6007,Butte County,6007001601,6007001601,0.1843,6.6,146964.0,0.0,12.7,0.0,7.58,24.96,7.3,4.6,16.4,4.4
CA,6007,Butte County,6007001602,6007001602,0.1921,7.9,108803.0,3.3,27.4,3.3,5.1,31.29,8.9,1.5,1.5,0.9
CA,6007,Butte County,6007001702,6007001702,0.4038,8.9,58601.0,6.7,29.5,1.9,2.07,87.42,22.7,7.2,4.4,0.8
CA,6007,Butte County,6007001703,6007001703,0.4829,7.1,58208.0,3.1,40.3,0.0,0.0,89.82,18.6,8.4,5.8,0.0
CA,6007,Butte County,6007001704,6007001704,0.6546,19.8,57872.0,7.5,34.0,5.2,8.13,100.0,22.5,10.0,18.0,2.7
CA,6007,Butte County,6007001800,6007001800,0.6393,9.0,85428.0,12.1,13.4,8.0,3.87,74.84,16.7,4.8,4.2,2.5
CA,6007,Butte County,6007001900,6007001900,0.3603,34.5,90230.0,3.5,19.2,7.6,4.02,78.32,23.0,0.0,16.5,2.3
CA,6007,Butte County,6007002000,6007002000,0.2541,7.9,76771.0,5.1,34.8,2.2,0.0,84.57,3.3,8.3,0.6,0.1
CA,6007,Butte County,6007002100,6007002100,0.7221,26.5,54386.0,11.3,32.1,12.8,6.46,50.67,33.5,12.6,4.9,2.3
CA,6007,Butte County,6007002200,6007002200,0.2268,4.6,91130.0,1.3,31.9,3.6,4.47,100.0,16.9,0.0,6.9,0.1
CA,6007,Butte County,6007002300,6007002300,0.6454,31.0,40469.0,17.2,22.6,15.0,10.57,98.89,21.7,4.2,17.5,0.2
CA,6007,Butte County,6007002401,6007002401,0.4477,10.0,43409.0,7.9,31.1,2.6,6.57,61.84,25.0,5.8,12.9,0.0
CA,6007,Butte County,6007002402,6007002402,0.6288,26.6,62692.0,10.4,21.0,3.4,1.35,5.97,27.2,17.2,21.3,1.4
CA,6007,Butte County,6007002500,6007002500,0.8414,34.2,45577.0,4.9,34.7,8.0,12.48,76.47,20.9,6.7,10.9,5.3
CA,6007,Butte County,6007002601,6007002601,0.3718,6.5,82125.0,3.6,20.7,6.2,5.45,70.16,30.5,9.9,15.4,0.0
CA,6007,Butte County,6007002602,6007002602,0.2146,7.7,73563.0,2.3,20.3,1.7,9.18,84.79,25.4,6.9,11.6,0.3
CA,6007,Butte County,6007002700,6007002700,0.5743,6.9,66080.0,3.5,32.1,10.4,10.24,90.02,20.4,3.2,15.2,0.1
CA,6007,Butte County,6007002800,6007002800,0.8344,27.6,34327.0,6.5,51.2,14.7,13.12,34.94,22.8,11.0,9.0,0.8
CA,6007,Butte County,6007002900,6007002900,0.7165,18.2,56750.0,3.9,33.3,4.3,11.03,89.89,14.7,7.8,15.5,2.5
CA,6007,Butte County,6007003001,6007003001,0.9622,32.9,43200.0,5.0,46.5,13.9,1.45,65.4,25.5,14.0,11.5,4.8
CA,6007,Butte County,6007003002,6007003002,0.634,18.4,61220.0,11.9,26.0,9.3,6.9,100.0,20.9,4.9,15.1,6.1
CA,6007,Butte County,6007003100,6007003100,0.6676,11.2,89886.0,11.6,19.2,4.1,2.22,89.87,16.4,7.1,20.4,2.5
CA,6007,Butte County,6007003200,6007003200,0.7048,24.6,45397.0,7.3,36.5,10.1,11.51,100.0,20.9,15.1,29.9,2.8
CA,6007,Butte County,6007003300,6007003300,0.6104,16.3,68261.0,9.2,33.1,4.4,0.71,100.0,23.5,6.3,24.9,1.6
CA,6007,Butte County,6007003400,6007003400,0.6465,13.2,73500.0,7.2,25.2,6.4,0.0,83.89,18.4,11.2,13.6,3.8
CA,6007,Butte County,6007003501,6007003501,0.5058,5.6,66713.0,5.4,19.5,0.0,5.43,76.79,14.3,11.2,3.8,4.0
CA,6007,Butte County,6007003502,6007003502,0.7781,11.9,49847.0,8.3,39.8,2.2,0.0,59.37,19.2,9.9,14.6,4.6
CA,6007,Butte County,6007003600,6007003600,0.5119,5.7,85876.0,8.4,19.5,3.6,1.44,94.01,16.9,8.5,5.3,6.1
CA,6007,Butte County,6007003700,6007003700,0.7583,23.8,41780.0,7.8,34.3,8.9,8.25,68.88,22.0,6.2,16.2,7.1
CA,6009,Calaveras County,6009000121,6009000121,0.5093,10.4,56654.0,2.4,38.2,3.8,0.0,65.24,20.2,7.0,7.4,0.6
CA,6009,Calaveras County,6009000122,6009000122,0.3925,10.4,69291.0,4.1,35.1,6.2,6.5,80.4,24.5,2.6,18.1,1.0
CA,6009,Calaveras County,6009000123,6009000123,0.3158,8.8,101027.0,0.7,26.1,0.8,2.92,19.05,13.7,10.5,11.6,0.0
CA,6009,Calaveras County,6009000124,6009000124,0.3291,7.1,80774.0,2.8,31.6,3.5,4.39,34.93,18.4,6.0,12.3,1.2
CA,6009,Calaveras County,6009000220,6009000220,0.4754,14.2,78182.0,13.0,33.9,0.9,0.0,96.9,13.4,6.7,5.9,0.0
CA,6009,Calaveras County,6009000221,6009000221,0.2183,10.0,82015.0,4.7,27.6,0.6,0.0,59.71,26.5,5.9,25.3,0.6
CA,6009,Calaveras County,6009000222,6009000222,0.2142,2.4,96804.0,7.7,22.1,0.4,1.9,22.62,17.7,4.9,14.8,0.6
CA,6009,Calaveras County,6009000301,6009000301,0.426,22.0,53750.0,1.3,40.2,0.0,3.55,54.34,26.3,2.5,20.4,1.4
CA,6009,Calaveras County,6009000302,6009000302,0.4758,22.4,67434.0,15.1,42.4,0.0,1.5,21.35,27.8,1.6,9.0,0.0
CA,6009,Calaveras County,6009000400,6009000400,0.5965,25.0,66453.0,5.8,34.1,4.1,3.45,97.54,29.0,12.6,19.6,1.1
CA,6009,Calaveras County,6009000501,6009000501,0.2034,7.7,83041.0,2.4,28.3,1.9,0.0,84.95,13.5,8.1,10.9,0.3
CA,6009,Calaveras County,6009000504,6009000504,0.2024,11.9,126250.0,0.0,21.7,0.0,12.42,99.72,20.9,3.2,7.7,0.0
CA,6009,Calaveras County,6009000505,6009000505,0.3206,12.6,108088.0,9.1,18.6,5.0,3.38,93.42,24.2,5.4,3.4,0.0
CA,6009,Calaveras County,6009000506,6009000506,0.051,4.0,67000.0,3.7,26.1,5.3,3.56,0.0,9.1,0.0,29.2,0.0
CA,6011,Colusa County,6011000100,6011000100,0.54,7.4,73188.0,12.9,21.9,2.9,6.41,99.21,13.2,2.6,15.7,21.0
CA,6011,Colusa County,6011000200,6011000200,0.7949,13.1,61705.0,6.1,28.9,5.0,4.24,49.83,14.6,6.7,18.4,8.2
CA,6011,Colusa County,6011000301,6011000301,0.747,5.5,78106.0,7.2,25.5,6.4,0.51,88.28,6.1,13.9,13.2,17.0
CA,6011,Colusa County,6011000302,6011000302,0.6831,7.3,91338.0,17.0,17.5,0.0,5.43,27.68,12.1,10.0,31.0,14.7
CA,6011,Colusa County,6011000400,6011000400,0.7948,22.9,52321.0,7.6,37.4,6.2,8.83,100.0,18.8,6.0,25.3,10.6
CA,6011,Colusa County,6011000500,6011000500,0.7396,15.8,65625.0,4.9,34.6,6.0,3.84,58.94,17.5,5.1,21.7,14.1
CA,6013,Contra Costa County,6013301000,6013301000,0.2939,10.6,108882.0,3.1,22.8,3.0,10.53,99.25,13.4,7.8,4.9,2.5
CA,6013,Contra Costa County,6013302005,6013302005,0.6908,8.0,95269.0,3.7,28.6,4.3,0.0,15.64,17.6,8.4,4.0,3.2
CA,6013,Contra Costa County,6013302006,6013302006,0.1779,7.2,136106.0,9.0,19.7,4.2,0.0,13.77,4.8,2.2,2.7,4.0
CA,6013,Contra Costa County,6013302007,6013302007,0.402,10.5,94507.0,3.5,23.1,7.0,10.43,81.02,14.5,3.4,7.9,1.6
CA,6013,Contra Costa County,6013302009,6013302009,0.3123,4.7,126151.0,3.5,23.3,2.5,0.0,47.68,8.3,7.1,2.8,6.2
CA,6013,Contra Costa County,6013302011,6013302011,0.1801,8.4,128703.0,3.5,20.7,4.7,0.0,100.0,5.8,13.3,15.5,5.4
CA,6013,Contra Costa County,6013302012,6013302012,0.408,12.7,144597.0,1.6,20.1,4.0,6.43,21.52,15.2,7.7,4.2,5.1
CA,6013,Contra Costa County,6013302013,6013302013,0.001,1.6,148003.0,1.3,4.4,0.0,1.74,50.12,7.3,0.0,0.0,0.9
CA,6013,Contra Costa County,6013302014,6013302014,0.1459,1.4,139369.0,3.2,14.1,1.5,0.0,16.21,13.5,3.3,2.1,2.8
CA,6013,Contra Costa County,6013303104,6013303104,0.07,4.3,139292.0,1.6,6.6,0.6,5.43,78.39,7.9,4.7,3.7,2.0
CA,6013,Contra Costa County,6013303105,6013303105,0.2143,10.8,111291.0,3.8,18.0,8.2,0.0,88.61,21.1,2.7,12.7,2.0
CA,6013,Contra Costa County,6013303106,6013303106,0.7037,10.3,101985.0,2.3,29.1,3.2,0.0,31.37,17.9,6.9,1.7,8.7
CA,6013,Contra Costa County,6013303107,6013303107,0.2198,7.9,120026.0,2.7,9.4,2.9,0.47,36.1,9.2,1.8,1.2,1.9
CA,6013,Contra Costa County,6013303202,6013303202,0.2692,9.5,164952.0,2.1,24.3,1.5,2.4,89.58,6.4,8.9,3.8,5.7
CA,6013,Contra Costa County,6013303204,6013303204,0.4088,5.1,118487.0,0.7,17.8,9.7,0.0,23.62,9.2,4.3,9.4,2.3
CA,6013,Contra Costa County,6013303206,6013303206,0.219,7.5,156513.0,3.3,21.3,4.4,10.8,99.75,6.9,13.2,2.8,1.3
CA,6013,Contra Costa County,6013303207,6013303207,0.6883,4.4,110563.0,6.7,23.8,1.7,2.11,46.49,19.5,13.6,1.3,3.8
CA,6013,Contra Costa County,6013303208,6013303208,0.1289,3.5,128309.0,4.7,19.8,0.6,2.78,29.27,12.7,5.0,2.3,1.9
CA,6013,Contra Costa County,6013303209,6013303209,0.1933,5.4,138854.0,1.7,16.3,3.2,3.11,90.61,7.1,5.7,3.4,3.1
CA,6013,Contra Costa County,6013303210,6013303210,0.042,3.0,100994.0,0.8,23.3,4.2,0.0,47.75,22.1,4.4,4.7,1.2
CA,6013,Contra Costa County,6013303211,6013303211,0.0345,6.6,163209.0,3.2,9.2,0.7,2.4,85.97,9.6,5.3,2.1,0.7
CA,6013,Contra Costa County,6013304001,6013304001,0.0918,2.2,187105.0,0.5,13.2,1.3,5.2,100.0,11.5,3.6,2.4,1.0
CA,6013,Contra Costa County,6013304002,6013304002,0.7146,10.9,78304.0,6.5,33.4,2.9,3.79,95.51,23.5,8.3,16.3,2.2
CA,6013,Contra Costa County,6013304003,6013304003,0.1211,6.6,126232.0,0.6,21.7,1.9,0.0,100.0,12.6,6.1,1.1,0.8
CA,6013,Contra Costa County,6013304004,6013304004,0.0388,7.0,136438.0,2.9,22.6,1.4,1.73,80.54,9.7,2.5,3.3,0.3
CA,6013,Contra Costa County,6013304006,6013304006,0.1561,2.2,200990.0,3.4,5.5,0.0,3.39,100.0,16.1,4.5,3.9,0.3
CA,6013,Contra Costa County,6013304007,6013304007,0.1492,8.0,146806.0,10.5,10.0,5.5,4.25,98.95,8.3,6.9,0.0,0.0
CA,6013,Contra Costa County,6013305000,6013305000,0.9381,22.7,56620.0,5.7,47.6,15.0,4.6,62.29,18.1,11.2,10.5,12.8
CA,6013,Contra Costa County,6013306002,6013306002,0.592,16.6,100132.0,12.8,20.6,0.8,0.0,75.96,15.6,10.1,9.4,3.8
CA,6013,Contra Costa County,6013306003,6013306003,0.7298,17.0,59275.0,5.9,38.2,8.6,0.26,10.44,14.2,8.8,8.8,9.0
CA,6013,Contra Costa County,6013306004,6013306004,0.6267,12.1,90495.0,11.7,22.2,3.2,2.22,86.58,21.6,3.3,5.9,3.5
CA,6013,Contra Costa County,6013307101,6013307101,0.6433,18.8,75139.0,9.2,34.3,3.9,4.11,10.33,18.8,8.3,4.3,2.9
CA,6013,Contra Costa County,6013307102,6013307102,0.7269,11.0,75532.0,9.4,40.7,9.4,1.57,43.21,13.9,7.6,9.1,13.0
CA,6013,Contra Costa County,6013307201,6013307201,0.9575,18.3,61196.0,11.6,41.9,8.0,11.02,87.08,11.7,9.2,9.3,16.5
CA,6013,Contra Costa County,6013307202,6013307202,0.9131,27.6,48125.0,10.5,58.8,12.2,7.2,72.26,21.4,14.6,12.4,7.2
CA,6013,Contra Costa County,6013307204,6013307204,0.3011,8.2,101549.0,5.4,17.3,1.8,1.92,57.68,10.0,13.6,2.4,8.4
CA,6013,Contra Costa County,6013307205,6013307205,0.8413,9.8,70419.0,14.8,39.0,6.3,6.48,49.67,24.4,5.2,2.3,5.9
CA,6013,Contra Costa County,6013308001,6013308001,0.3808,6.1,88908.0,3.9,25.2,1.5,1.26,48.46,11.5,9.3,5.6,4.0
CA,6013,Contra Costa County,6013308002,6013308002,0.1323,8.6,123882.0,2.2,22.3,4.5,2.45,62.43,12.4,5.6,3.1,2.8
CA,6013,Contra Costa County,6013309000,6013309000,0.5788,8.2,73025.0,1.1,34.8,7.1,4.37,30.89,23.2,8.0,9.0,2.7
CA,6013,Contra Costa County,6013310000,6013310000,0.7666,24.5,67054.0,7.4,32.9,16.8,6.98,51.44,16.1,4.8,26.1,13.3
CA,6013,Contra Costa County,6013311000,6013311000,0.9087,10.9,74667.0,10.5,41.5,2.9,3.31,52.35,20.5,8.1,13.2,7.2
CA,6013,Contra Costa County,6013312000,6013312000,0.877,17.7,49125.0,5.0,41.4,16.6,3.63,59.77,15.9,12.2,13.1,12.8
CA,6013,Contra Costa County,6013313102,6013313102,0.8501,10.0,95707.0,7.1,32.1,8.9,0.0,8.52,16.2,16.3,6.3,8.6
CA,6013,Contra Costa County,6013313104,6013313104,0.6321,12.4,55476.0,14.2,46.6,14.6,0.0,98.43,13.4,6.1,22.1,14.4
CA,6013,Contra Costa County,6013313105,6013313105,0.7546,8.4,76108.0,4.6,41.1,5.1,2.54,32.93,13.3,7.4,6.3,3.3
CA,6013,Contra Costa County,6013313106,6013313106,0.1837,5.8,133548.0,6.1,18.3,0.0,0.93,53.29,9.3,5.0,0.0,4.6
CA,6013,Contra Costa County,6013313107,6013313107,0.5183,14.6,140227.0,8.2,12.8,0.0,0.64,36.28,11.2,12.8,0.0,3.0
CA,6013,Contra Costa County,6013313203,6013313203,0.3892,5.7,125694.0,6.1,14.4,1.1,1.08,74.76,15.5,4.1,4.3,13.6
CA,6013,Contra Costa County,6013313204,6013313204,0.6904,6.4,93006.0,9.3,27.2,3.6,6.13,67.29,13.4,4.7,5.1,15.4
CA,6013,Contra Costa County,6013313205,6013313205,0.1622,9.7,106317.0,1.6,24.6,3.3,0.0,95.03,11.0,2.5,1.7,9.2
CA,6013,Contra Costa County,6013313206,6013313206,0.8158,14.9,81090.0,13.1,30.7,3.9,2.88,18.75,14.7,6.5,7.4,15.2
CA,6013,Contra Costa County,6013314102,6013314102,0.5961,4.9,93199.0,6.1,22.0,7.5,4.58,99.87,14.1,5.7,2.7,15.4
CA,6013,Contra Costa County,6013314103,6013314103,0.8384,13.7,77679.0,14.5,40.7,0.0,1.84,29.57,12.8,6.4,5.9,14.5
CA,6013,Contra Costa County,6013314105,6013314105,0.7528,4.5,89175.0,14.1,18.3,7.8,5.4,58.77,19.4,8.3,4.2,24.5
CA,6013,Contra Costa County,6013314106,6013314106,0.8889,19.5,68352.0,9.1,34.3,4.5,0.08,50.51,13.6,13.9,3.6,18.7
CA,6013,Contra Costa County,6013314200,6013314200,0.865,22.3,70750.0,14.7,37.9,2.6,2.44,31.63,13.2,13.9,5.8,16.5
CA,6013,Contra Costa County,6013315000,6013315000,0.4217,6.7,94737.0,13.6,16.7,5.7,2.34,89.02,11.1,8.2,3.3,3.2
CA,6013,Contra Costa County,6013316000,6013316000,0.7111,23.9,46528.0,2.8,39.4,13.7,33.27,93.91,26.8,12.4,14.1,3.3
CA,6013,Contra Costa County,6013317000,6013317000,0.4333,10.3,61250.0,4.4,33.1,5.9,7.66,100.0,14.8,16.1,5.4,0.6
CA,6013,Contra Costa County,6013318000,6013318000,0.4186,8.4,96250.0,2.3,28.0,9.3,9.84,54.07,18.6,1.3,4.9,1.9
CA,6013,Contra Costa County,6013319001,6013319001,0.1252,3.2,137278.0,2.8,19.7,1.1,0.0,88.12,8.4,1.7,3.1,0.0
CA,6013,Contra Costa County,6013319002,6013319002,0.1138,6.7,102198.0,4.5,15.2,1.1,0.0,14.07,21.4,3.3,4.5,1.3
CA,6013,Contra Costa County,6013320001,6013320001,0.4397,6.2,103194.0,4.3,18.7,5.3,2.23,100.0,14.0,11.1,14.7,1.2
CA,6013,Contra Costa County,6013320003,6013320003,0.0142,2.5,172500.0,1.8,10.5,0.0,0.0,11.91,9.5,3.7,4.3,1.8
CA,6013,Contra Costa County,6013320004,6013320004,0.2752,5.7,118109.0,3.2,21.5,2.1,0.0,61.75,13.7,3.8,2.9,0.7
CA,6013,Contra Costa County,6013321101,6013321101,0.1467,4.7,145685.0,3.6,13.0,2.9,0.0,57.0,6.9,3.9,3.3,1.0
CA,6013,Contra Costa County,6013321102,6013321102,0.1856,6.4,139167.0,0.5,19.6,3.3,2.75,90.93,15.8,7.1,3.1,0.7
CA,6013,Contra Costa County,6013321103,6013321103,0.0525,4.1,157893.0,0.6,13.8,0.0,0.0,66.01,10.9,2.3,3.3,0.7
CA,6013,Contra Costa County,6013321200,6013321200,0.4051,12.2,107025.0,6.3,15.2,3.4,0.0,31.38,5.1,7.5,4.8,8.3
CA,6013,Contra Costa County,6013322000,6013322000,0.3418,3.0,159423.0,3.4,25.3,5.4,0.0,42.52,15.9,3.7,4.7,3.9
CA,6013,Contra Costa County,6013323000,6013323000,0.1567,5.3,130673.0,2.8,13.6,2.3,0.0,17.39,8.6,3.4,4.3,0.7
CA,6013,Contra Costa County,6013324002,6013324002,0.3155,6.1,103581.0,7.4,28.5,9.7,1.66,6.39,9.4,3.9,7.5,2.1
CA,6013,Contra Costa County,6013324003,6013324003,0.2611,14.7,110288.0,5.2,34.4,2.1,2.39,83.49,7.5,6.8,1.5,9.2
CA,6013,Contra Costa County,6013324004,6013324004,0.2861,5.6,103333.0,2.2,33.0,3.6,2.03,64.95,15.7,2.9,11.0,0.3
CA,6013,Contra Costa County,6013325000,6013325000,0.3296,7.3,143520.0,2.0,16.6,11.9,3.14,7.17,17.2,3.0,9.5,1.7
CA,6013,Contra Costa County,6013326000,6013326000,0.1882,5.9,147569.0,2.4,13.4,1.6,0.0,21.04,10.3,4.5,3.0,2.9
CA,6013,Contra Costa County,6013327001,6013327001,0.6343,4.9,84294.0,10.3,22.2,5.8,7.08,75.93,19.8,7.4,6.7,5.5
CA,6013,Contra Costa County,6013327002,6013327002,0.5441,7.4,93651.0,4.2,26.8,9.9,4.09,32.56,8.1,10.0,3.4,3.5
CA,6013,Contra Costa County,6013328000,6013328000,0.8157,20.8,52099.0,6.5,51.3,24.2,0.0,19.04,25.6,3.3,10.1,13.7
CA,6013,Contra Costa County,6013329000,6013329000,0.517,4.7,108257.0,7.8,27.9,9.1,5.85,93.98,16.2,2.8,6.9,8.2
CA,6013,Contra Costa County,6013330000,6013330000,0.2371,6.1,124833.0,3.0,18.8,1.4,2.05,56.56,15.7,3.4,7.1,7.8
CA,6013,Contra Costa County,6013331000,6013331000,0.6216,12.3,100294.0,5.4,35.8,7.2,9.76,77.34,18.8,2.4,3.4,4.6
CA,6013,Contra Costa County,6013332000,6013332000,0.4385,6.5,123525.0,5.7,20.0,3.2,5.34,100.0,10.2,2.4,2.4,6.4
CA,6013,Contra Costa County,6013333101,6013333101,0.2345,5.0,114679.0,3.2,22.7,2.3,0.0,41.73,16.1,7.5,1.7,1.5
CA,6013,Contra Costa County,6013333102,6013333102,0.1642,4.4,115763.0,3.0,21.5,1.9,0.38,27.29,12.2,2.5,4.5,2.7
CA,6013,Contra Costa County,6013333200,6013333200,0.2108,3.7,122700.0,1.9,16.0,1.9,0.0,33.49,11.8,2.8,3.5,3.6
CA,6013,Contra Costa County,6013334001,6013334001,0.6456,16.4,110500.0,3.1,24.1,10.4,3.7,62.0,13.2,11.5,5.6,2.9
CA,6013,Contra Costa County,6013334006,6013334006,0.128,7.0,154543.0,3.9,16.5,3.1,7.45,94.87,7.3,5.3,4.6,1.1
CA,6013,Contra Costa County,6013334007,6013334007,0.5966,13.4,101458.0,0.6,38.0,10.1,0.0,3.9,16.2,11.7,8.4,7.1
CA,6013,Contra Costa County,6013334008,6013334008,0.3341,1.5,121212.0,3.7,24.4,9.6,1.8,85.42,13.6,4.8,0.9,2.8
CA,6013,Contra Costa County,6013334200,6013334200,0.3497,3.2,157768.0,1.3,20.6,14.2,0.63,59.13,14.4,6.0,12.3,2.8
CA,6013,Contra Costa County,6013335000,6013335000,0.1821,8.9,150398.0,3.1,18.9,1.4,7.63,86.65,11.4,3.1,6.1,6.4
CA,6013,Contra Costa County,6013336101,6013336101,0.734,17.7,79554.0,14.3,36.0,2.9,4.68,11.15,11.5,6.9,4.0,14.7
CA,6013,Contra Costa County,6013336103,6013336103,0.9075,25.0,65903.0,9.3,44.5,10.2,0.0,56.84,11.5,5.8,10.3,19.7
CA,6013,Contra Costa County,6013336104,6013336104,0.6053,19.5,66887.0,12.6,40.0,5.7,0.22,46.39,11.7,5.6,1.2,16.4
CA,6013,Contra Costa County,6013336201,6013336201,0.541,6.0,92708.0,5.6,27.1,5.6,4.33,8.32,14.7,4.1,7.3,9.6
CA,6013,Contra Costa County,6013336202,6013336202,0.8272,9.8,71314.0,16.0,45.7,4.7,13.17,63.12,10.5,4.5,15.7,27.2
CA,6013,Contra Costa County,6013337100,6013337100,0.4069,4.9,140972.0,6.3,14.0,2.1,0.0,91.84,10.9,4.5,3.4,7.2
CA,6013,Contra Costa County,6013337201,6013337201,0.5989,17.8,70655.0,8.0,49.9,4.9,0.0,9.33,6.1,1.2,15.5,6.8
CA,6013,Contra Costa County,6013337202,6013337202,0.7087,11.6,89484.0,4.2,21.7,10.8,9.52,82.76,15.5,4.1,9.3,6.7
CA,6013,Contra Costa County,6013337300,6013337300,0.2893,9.3,159250.0,3.2,16.3,3.0,0.12,49.79,11.1,7.4,1.7,4.5
CA,6013,Contra Costa County,6013338101,6013338101,0.9065,13.4,74156.0,15.5,40.6,8.1,0.0,34.07,11.6,4.4,7.3,20.1
CA,6013,Contra Costa County,6013338102,6013338102,0.1275,1.9,168922.0,1.7,13.4,4.3,0.0,90.51,11.9,3.5,0.8,1.9
CA,6013,Contra Costa County,6013338201,6013338201,0.2486,3.8,199773.0,0.6,9.1,7.8,8.81,38.48,14.6,2.4,3.7,4.8
CA,6013,Contra Costa County,6013338203,6013338203,0.1538,3.3,142840.0,1.2,18.5,9.5,0.25,27.06,8.8,4.9,1.3,2.2
CA,6013,Contra Costa County,6013338204,6013338204,0.1722,5.5,140739.0,2.0,17.0,2.6,3.65,49.18,7.5,4.6,4.6,2.4
CA,6013,Contra Costa County,6013338301,6013338301,0.0497,2.4,204196.0,0.4,7.9,2.3,10.71,62.02,11.2,1.0,4.6,1.5
CA,6013,Contra Costa County,6013338302,6013338302,0.0567,0.7,193873.0,1.8,9.4,0.7,1.79,100.0,7.3,6.1,0.8,1.9
CA,6013,Contra Costa County,6013339001,6013339001,0.4681,10.3,91188.0,12.6,35.3,6.7,0.0,36.63,10.7,8.1,1.7,7.1
CA,6013,Contra Costa County,6013339003,6013339003,0.2139,10.8,114362.0,3.8,15.9,14.0,8.04,43.28,10.1,3.5,2.9,2.0
CA,6013,Contra Costa County,6013339004,6013339004,0.242,10.0,137016.0,1.8,22.9,7.2,1.75,100.0,8.0,4.4,0.7,2.9
CA,6013,Contra Costa County,6013340001,6013340001,0.4163,5.5,119792.0,7.6,19.1,2.7,7.23,44.96,9.0,3.7,1.4,2.8
CA,6013,Contra Costa County,6013340003,6013340003,0.2718,12.7,160208.0,0.5,16.5,2.8,0.43,54.05,9.5,12.8,0.0,4.1
CA,6013,Contra Costa County,6013340004,6013340004,0.1096,2.0,157631.0,0.0,11.4,12.9,0.0,46.96,12.8,6.9,1.6,0.0
CA,6013,Contra Costa County,6013341000,6013341000,0.0758,4.3,147701.0,0.1,14.6,0.8,0.69,92.11,5.2,4.7,0.8,1.3
CA,6013,Contra Costa County,6013343001,6013343001,0.0895,3.1,159744.0,1.0,15.4,5.7,0.0,35.77,9.3,3.0,3.2,1.5
CA,6013,Contra Costa County,6013343002,6013343002,0.4,10.0,153080.0,2.3,14.3,13.0,11.09,89.89,11.0,2.5,6.4,4.5
CA,6013,Contra Costa County,6013343003,6013343003,0.0292,1.3,160786.0,1.5,12.5,1.1,0.0,100.0,8.2,4.0,2.7,1.3
CA,6013,Contra Costa County,6013345101,6013345101,0.2113,1.5,173388.0,0.2,13.9,4.7,0.0,23.34,7.4,5.1,3.9,4.8
CA,6013,Contra Costa County,6013345102,6013345102,0.097,3.2,186632.0,1.9,7.9,2.2,2.95,96.95,7.5,6.9,2.9,2.7
CA,6013,Contra Costa County,6013345103,6013345103,0.2157,2.6,220852.0,0.2,12.0,8.5,0.0,82.83,12.9,6.5,11.4,1.7
CA,6013,Contra Costa County,6013345105,6013345105,0.0982,3.4,183444.0,1.1,4.6,1.3,2.47,93.14,7.1,2.5,3.4,0.5
CA,6013,Contra Costa County,6013345111,6013345111,0.2288,5.4,153185.0,2.9,18.5,3.5,0.0,34.85,5.3,4.5,5.6,2.9
CA,6013,Contra Costa County,6013345112,6013345112,0.1748,2.6,184091.0,4.4,13.0,4.7,2.76,79.38,4.8,4.1,0.7,4.7
CA,6013,Contra Costa County,6013345113,6013345113,0.0656,6.5,222212.0,1.6,19.0,4.8,2.66,84.62,6.1,2.6,0.6,4.8
CA,6013,Contra Costa County,6013345114,6013345114,0.0075,1.7,189967.0,0.1,13.3,0.0,0.0,99.47,8.1,3.2,1.1,0.2
CA,6013,Contra Costa County,6013345115,6013345115,0.1342,2.7,225625.0,0.3,11.4,5.6,4.09,83.01,5.4,8.0,1.4,4.8
CA,6013,Contra Costa County,6013345116,6013345116,0.0392,1.2,208393.0,2.6,10.4,3.3,0.58,43.11,7.9,2.8,2.1,2.3
CA,6013,Contra Costa County,6013345117,6013345117,0.0353,0.6,215938.0,0.8,8.3,1.3,4.09,85.6,4.8,1.7,3.6,4.5
CA,6013,Contra Costa County,6013345118,6013345118,0.19,6.4,126818.0,1.0,24.8,6.8,1.41,56.7,7.3,6.3,3.7,1.7
CA,6013,Contra Costa County,6013345203,6013345203,0.1499,5.8,177356.0,1.9,20.6,2.9,1.22,42.47,4.9,4.4,3.8,0.2
CA,6013,Contra Costa County,6013345204,6013345204,0.0014,1.5,237841.0,0.6,4.0,1.8,4.68,76.94,7.4,2.5,1.8,0.6
CA,6013,Contra Costa County,6013345205,6013345205,0.0695,5.3,163667.0,4.5,11.3,1.1,0.93,86.98,5.2,5.2,2.8,1.4
CA,6013,Contra Costa County,6013345206,6013345206,0.0052,2.6,181369.0,0.6,8.4,0.0,2.71,93.65,4.3,1.9,1.8,0.3
CA,6013,Contra Costa County,6013346101,6013346101,0.0042,1.7,222857.0,2.1,5.7,1.4,0.0,99.81,6.0,4.5,1.3,0.7
CA,6013,Contra Costa County,6013346102,6013346102,0.0188,4.7,250001.0,1.4,7.1,1.7,1.35,98.92,8.8,0.1,0.9,1.8
CA,6013,Contra Costa County,6013346203,6013346203,0.0223,4.2,174375.0,0.5,8.1,0.5,0.17,48.54,9.1,3.1,1.7,0.0
CA,6013,Contra Costa County,6013346204,6013346204,0.0553,0.9,250001.0,2.0,6.6,2.8,6.61,81.95,5.2,6.3,3.5,4.1
CA,6013,Contra Costa County,6013346205,6013346205,0.0772,6.0,246888.0,4.2,11.7,2.0,0.0,49.2,8.7,3.4,2.5,0.5
CA,6013,Contra Costa County,6013346206,6013346206,0.2563,5.9,223214.0,6.8,14.2,9.0,5.11,50.15,12.9,6.2,10.3,0.0
CA,6013,Contra Costa County,6013347000,6013347000,0.027,4.2,237976.0,0.4,7.9,2.0,2.24,87.45,8.8,4.3,0.8,2.2
CA,6013,Contra Costa County,6013348000,6013348000,0.0397,3.2,250001.0,0.2,9.3,2.0,0.0,82.93,9.8,1.5,2.3,1.1
CA,6013,Contra Costa County,6013349000,6013349000,0.4285,12.1,116875.0,5.5,20.1,7.3,0.0,61.5,7.8,12.3,5.4,1.5
CA,6013,Contra Costa County,6013350000,6013350000,0.0594,0.7,216875.0,0.7,11.9,0.7,0.0,60.59,6.8,3.6,0.0,0.1
CA,6013,Contra Costa County,6013351101,6013351101,0.0671,4.2,76068.0,0.3,31.7,5.3,1.33,96.21,27.8,2.1,8.7,0.6
CA,6013,Contra Costa County,6013351103,6013351103,0.1377,4.8,94444.0,0.1,31.3,6.2,7.27,91.49,25.5,0.0,13.2,4.1
CA,6013,Contra Costa County,6013351104,6013351104,0.1098,0.6,61528.0,0.0,44.9,6.8,1.29,44.29,32.6,0.0,8.1,1.7
CA,6013,Contra Costa County,6013351105,6013351105,0.435,9.0,54167.0,0.8,35.3,15.4,12.19,100.0,42.4,13.5,18.8,1.5
CA,6013,Contra Costa County,6013351200,6013351200,0.0312,3.8,250001.0,1.7,6.4,0.8,4.83,97.62,4.9,3.8,3.3,0.2
CA,6013,Contra Costa County,6013352101,6013352101,0.0738,3.5,250001.0,1.4,8.7,1.3,0.0,97.39,10.8,5.1,6.7,2.3
CA,6013,Contra Costa County,6013352102,6013352102,0.0921,3.4,239886.0,0.5,6.8,0.6,0.0,77.39,6.8,5.2,2.1,0.6
CA,6013,Contra Costa County,6013352201,6013352201,0.2624,13.4,173828.0,2.4,23.9,1.0,3.82,94.59,6.6,6.3,0.0,4.9
CA,6013,Contra Costa County,6013352202,6013352202,0.0381,5.4,169591.0,2.2,16.8,1.9,0.81,66.64,10.4,2.0,1.4,2.8
CA,6013,Contra Costa County,6013353001,6013353001,0.0211,0.9,250001.0,1.0,6.1,1.3,0.0,100.0,7.9,1.9,1.5,0.3
CA,6013,Contra Costa County,6013353002,6013353002,0.026,1.4,250001.0,0.4,3.5,2.0,7.07,99.15,6.5,2.0,1.8,0.5
CA,6013,Contra Costa County,6013354001,6013354001,0.007,2.6,216518.0,0.9,13.7,0.0,0.34,81.33,7.9,2.2,3.9,0.4
CA,6013,Contra Costa County,6013354002,6013354002,0.1039,3.5,250001.0,0.4,5.6,8.7,5.87,87.2,10.5,5.2,2.3,1.8
CA,6013,Contra Costa County,6013355107,6013355107,0.3771,11.0,133603.0,3.6,15.1,1.6,0.0,93.6,13.1,3.6,1.3,3.3
CA,6013,Contra Costa County,6013355109,6013355109,0.6287,13.9,102062.0,3.4,35.8,2.2,5.15,80.9,15.2,10.7,8.6,2.8
CA,6013,Contra Costa County,6013355110,6013355110,0.3353,10.8,103438.0,2.3,24.7,6.5,0.0,64.04,12.3,6.8,4.8,7.7
CA,6013,Contra Costa County,6013355111,6013355111,0.193,4.7,129306.0,7.6,16.5,2.0,5.77,75.84,12.8,3.1,5.1,6.4
CA,6013,Contra Costa County,6013355112,6013355112,0.0415,5.0,217835.0,0.6,10.9,1.1,4.85,100.0,7.0,5.8,5.8,0.9
CA,6013,Contra Costa County,6013355113,6013355113,0.005,11.5,236818.0,0.0,17.5,0.0,0.41,77.86,6.0,3.3,0.0,1.1
CA,6013,Contra Costa County,6013355115,6013355115,0.2978,10.2,156916.0,2.3,25.1,2.3,0.0,73.09,6.9,6.5,1.7,4.2
CA,6013,Contra Costa County,6013355118,6013355118,0.3612,3.5,134178.0,3.6,29.7,3.7,1.39,10.58,11.2,0.5,3.0,6.9
CA,6013,Contra Costa County,6013355119,6013355119,0.4912,14.4,158343.0,1.3,16.8,8.9,1.34,100.0,13.8,3.3,8.6,5.6
CA,6013,Contra Costa County,6013355120,6013355120,0.5281,20.2,94839.0,3.0,27.7,2.7,1.67,99.11,14.3,11.2,3.4,2.1
CA,6013,Contra Costa County,6013355121,6013355121,0.0216,1.0,244000.0,0.2,0.9,1.1,0.0,66.33,2.8,3.5,0.0,3.3
CA,6013,Contra Costa County,6013355122,6013355122,0.1625,4.2,230833.0,0.6,6.7,2.9,0.0,58.05,5.1,5.2,6.3,3.1
CA,6013,Contra Costa County,6013355123,6013355123,0.0999,14.2,250001.0,1.4,14.6,1.4,1.13,100.0,3.4,9.0,0.0,5.1
CA,6013,Contra Costa County,6013355124,6013355124,0.0333,2.4,250001.0,1.0,1.9,1.6,5.19,39.26,4.7,7.4,2.4,3.6
CA,6013,Contra Costa County,6013355125,6013355125,0.1633,5.5,250001.0,3.0,13.4,3.9,6.67,9.16,3.1,2.0,0.0,3.2
CA,6013,Contra Costa County,6013355126,6013355126,0.0619,4.6,250001.0,0.2,10.1,2.0,0.0,46.5,4.7,3.1,1.0,4.8
CA,6013,Contra Costa County,6013355201,6013355201,0.214,5.9,140337.0,2.2,10.3,6.5,11.21,8.49,6.3,5.0,6.0,3.4
CA,6013,Contra Costa County,6013355202,6013355202,0.5167,0.4,126537.0,1.1,24.1,3.3,14.51,66.52,8.0,10.0,0.0,3.9
CA,6013,Contra Costa County,6013355302,6013355302,0.0096,2.3,250001.0,0.0,9.1,0.9,0.0,72.69,5.9,2.3,0.9,1.3
CA,6013,Contra Costa County,6013355306,6013355306,0.1002,2.0,152645.0,0.0,9.2,4.7,0.46,89.52,9.4,5.9,5.0,0.3
CA,6013,Contra Costa County,6013355307,6013355307,0.0383,1.6,145430.0,3.9,14.3,2.1,6.33,21.76,6.9,5.7,0.8,0.8
CA,6013,Contra Costa County,6013355308,6013355308,0.0419,1.8,163243.0,0.2,10.6,3.3,3.93,95.58,6.4,3.1,3.5,0.5
CA,6013,Contra Costa County,6013355309,6013355309,0.0061,3.0,205208.0,0.4,13.4,0.0,0.0,97.07,12.9,2.6,1.9,1.9
CA,6013,Contra Costa County,6013355310,6013355310,0.208,4.5,106384.0,4.4,14.1,0.0,3.23,5.79,18.1,7.1,3.0,0.8
CA,6013,Contra Costa County,6013356001,6013356001,0.568,2.6,127662.0,3.2,21.5,0.0,0.0,100.0,14.0,11.2,0.0,5.9
CA,6013,Contra Costa County,6013356002,6013356002,0.2519,8.4,136008.0,2.2,23.7,2.0,0.45,100.0,8.5,8.3,2.7,2.6
CA,6013,Contra Costa County,6013357000,6013357000,0.2022,6.7,95954.0,2.2,25.8,5.7,3.75,100.0,17.1,8.5,5.9,2.5
CA,6013,Contra Costa County,6013358000,6013358000,0.7418,16.9,68452.0,5.2,37.6,10.0,5.38,20.1,15.0,4.2,1.4,4.8
CA,6013,Contra Costa County,6013359102,6013359102,0.5944,8.3,114129.0,8.0,31.3,4.6,1.36,78.89,11.0,3.9,3.8,7.2
CA,6013,Contra Costa County,6013359103,6013359103,0.3227,5.6,99424.0,6.4,18.8,5.6,0.3,37.47,9.5,3.8,3.4,5.2
CA,6013,Contra Costa County,6013359104,6013359104,0.2593,10.2,92423.0,1.3,27.4,3.5,0.0,29.17,6.5,6.7,3.3,2.0
CA,6013,Contra Costa County,6013359105,6013359105,0.2098,2.4,155170.0,2.5,18.1,2.5,0.0,100.0,9.8,3.2,6.3,2.9
CA,6013,Contra Costa County,6013359202,6013359202,0.3705,3.3,132350.0,4.0,7.8,13.0,3.61,65.92,14.0,3.6,15.7,4.8
CA,6013,Contra Costa County,6013359203,6013359203,0.3471,3.1,127917.0,4.1,22.8,2.4,0.71,87.67,10.6,5.8,5.1,4.8
CA,6013,Contra Costa County,6013359204,6013359204,0.324,5.6,123250.0,2.0,19.7,6.0,3.25,47.13,13.8,2.7,2.0,5.3
CA,6013,Contra Costa County,6013360101,6013360101,0.5096,8.1,110433.0,3.8,25.6,5.7,6.82,76.27,17.1,9.9,10.0,4.5
CA,6013,Contra Costa County,6013360102,6013360102,0.2977,7.4,150325.0,3.8,17.5,3.7,0.0,96.1,14.6,5.6,4.8,5.9
CA,6013,Contra Costa County,6013360200,6013360200,0.5431,8.3,114583.0,16.6,17.1,2.3,2.46,80.69,10.1,2.2,6.3,15.6
CA,6013,Contra Costa County,6013361000,6013361000,0.4113,10.3,110341.0,4.2,23.5,3.4,2.95,72.76,9.0,3.7,4.7,6.1
CA,6013,Contra Costa County,6013362000,6013362000,0.1655,6.1,112344.0,5.2,20.5,4.1,0.0,99.26,10.4,4.4,5.2,4.2
CA,6013,Contra Costa County,6013363000,6013363000,0.4357,6.8,100399.0,5.7,22.9,3.4,6.49,30.89,11.9,3.1,1.8,4.9
CA,6013,Contra Costa County,6013364002,6013364002,0.5507,5.1,113519.0,5.9,19.5,8.9,8.44,71.29,11.0,4.7,8.4,5.8
CA,6013,Contra Costa County,6013365002,6013365002,0.9081,16.6,74545.0,11.1,42.6,6.0,4.53,84.5,11.8,6.3,5.9,17.9
CA,6013,Contra Costa County,6013365003,6013365003,0.6778,17.0,77653.0,10.9,44.4,8.5,0.77,50.33,8.7,9.4,4.6,7.7
CA,6013,Contra Costa County,6013366001,6013366001,0.6142,13.5,87778.0,5.9,33.8,0.4,0.0,69.97,7.6,10.9,11.4,15.8
CA,6013,Contra Costa County,6013366002,6013366002,0.7992,16.3,77424.0,8.4,31.0,12.5,0.0,19.14,9.1,10.1,6.8,17.7
CA,6013,Contra Costa County,6013367100,6013367100,0.8136,8.6,66885.0,6.4,45.4,3.7,6.11,37.33,11.2,7.3,9.1,7.5
CA,6013,Contra Costa County,6013367200,6013367200,0.7605,13.0,90941.0,6.5,28.7,13.9,0.0,0.0,11.9,10.4,5.8,17.1
CA,6013,Contra Costa County,6013368001,6013368001,0.7712,8.8,93636.0,7.5,29.4,5.6,6.69,37.7,13.6,9.7,10.8,11.3
CA,6013,Contra Costa County,6013368002,6013368002,0.9357,7.7,61855.0,7.0,40.1,4.6,8.82,89.68,12.9,6.2,13.8,17.8
CA,6013,Contra Costa County,6013369001,6013369001,0.9356,13.0,67994.0,7.6,44.2,6.3,12.06,61.01,14.4,2.1,9.5,15.0
CA,6013,Contra Costa County,6013369002,6013369002,0.5343,7.8,72821.0,12.9,40.6,0.0,5.27,8.87,9.8,13.4,5.4,4.7
CA,6013,Contra Costa County,6013370000,6013370000,0.1324,0.8,160986.0,2.1,8.9,3.9,0.0,25.15,8.4,2.6,4.2,5.4
CA,6013,Contra Costa County,6013371000,6013371000,0.1817,4.3,94729.0,3.2,24.3,1.7,0.0,4.35,6.7,8.9,2.7,11.0
CA,6013,Contra Costa County,6013372000,6013372000,0.5031,7.9,89964.0,5.3,24.5,10.4,0.0,34.98,7.6,5.9,6.2,17.0
CA,6013,Contra Costa County,6013373000,6013373000,0.9163,15.5,83413.0,12.4,25.5,7.7,13.15,88.73,11.8,6.6,5.6,23.1
CA,6013,Contra Costa County,6013374000,6013374000,0.8428,26.3,83194.0,4.7,38.6,12.9,15.95,88.26,9.6,7.5,16.9,17.1
CA,6013,Contra Costa County,6013375000,6013375000,0.7945,17.8,74306.0,5.7,36.5,11.8,0.0,21.89,9.0,3.9,10.8,20.1
CA,6013,Contra Costa County,6013376000,6013376000,0.8768,25.2,64964.0,19.3,34.6,9.7,0.0,36.81,8.1,8.7,20.5,25.3
CA,6013,Contra Costa County,6013377000,6013377000,0.9513,22.1,41264.0,8.3,44.8,25.1,6.0,41.36,12.3,11.9,15.0,21.6
CA,6013,Contra Costa County,6013378000,6013378000,0.06,4.3,129870.0,1.8,19.3,2.8,6.43,98.45,9.0,4.5,7.2,2.0
CA,6013,Contra Costa County,6013379000,6013379000,0.8566,25.0,64518.0,15.5,42.7,7.7,22.15,94.67,9.7,6.9,8.5,17.1
CA,6013,Contra Costa County,6013380001,6013380001,0.0864,6.4,117159.0,3.8,22.9,1.7,2.49,96.46,11.6,4.1,3.3,0.4
CA,6013,Contra Costa County,6013380002,6013380002,0.6425,10.2,58571.0,8.0,48.9,4.8,0.02,68.88,19.3,9.3,10.0,8.7
CA,6013,Contra Costa County,6013381000,6013381000,0.9352,21.1,70687.0,10.4,38.4,16.5,8.52,58.99,12.0,9.4,20.4,8.3
CA,6013,Contra Costa County,6013382000,6013382000,0.8531,11.1,56378.0,9.1,40.9,10.8,11.64,73.98,15.9,7.0,13.2,11.2
CA,6013,Contra Costa County,6013383000,6013383000,0.4332,13.7,105905.0,9.1,33.1,5.5,0.0,30.08,7.0,4.7,5.6,10.2
CA,6013,Contra Costa County,6013384000,6013384000,0.107,1.8,171645.0,4.8,10.2,7.0,0.0,61.64,6.2,5.8,2.9,4.9
CA,6013,Contra Costa County,6013385100,6013385100,0.129,9.6,170278.0,0.0,14.9,0.8,0.0,100.0,16.9,6.2,2.2,3.0
CA,6013,Contra Costa County,6013385200,6013385200,0.1562,12.7,130804.0,3.4,19.7,1.8,3.26,34.13,7.0,4.0,3.4,4.3
CA,6013,Contra Costa County,6013386000,6013386000,0.619,17.2,64201.0,4.8,39.6,17.3,0.63,7.07,11.6,8.1,17.9,9.5
CA,6013,Contra Costa County,6013387000,6013387000,0.3798,6.0,105524.0,0.2,26.9,4.5,0.0,69.54,5.6,5.8,2.6,4.2
CA,6013,Contra Costa County,6013388000,6013388000,0.3061,8.2,116250.0,3.7,24.1,4.8,6.9,7.37,8.0,2.1,1.6,5.6
CA,6013,Contra Costa County,6013389100,6013389100,0.3548,6.0,108333.0,3.3,25.8,16.5,0.0,9.45,9.1,5.6,2.6,4.9
CA,6013,Contra Costa County,6013389200,6013389200,0.6685,11.7,85000.0,9.2,39.9,13.0,3.44,0.0,9.4,6.1,3.2,12.6
CA,6013,Contra Costa County,6013390100,6013390100,0.1159,5.1,174000.0,4.4,7.3,5.1,0.0,93.4,5.8,8.7,6.3,3.1
CA,6013,Contra Costa County,6013390200,6013390200,0.0947,2.1,183611.0,2.1,11.5,5.4,15.52,96.04,7.9,4.5,2.4,3.1
CA,6013,Contra Costa County,6013391000,6013391000,0.08,1.9,170625.0,2.2,9.0,3.8,4.14,100.0,5.9,5.1,2.2,1.1
CA,6013,Contra Costa County,6013392000,6013392000,0.0087,4.1,214464.0,2.4,8.6,2.0,0.0,97.87,6.8,6.1,4.8,1.5
CA,6013,Contra Costa County,6013392201,6013392201,0.6366,14.3,101648.0,6.1,27.1,8.5,0.0,97.27,7.5,4.7,2.0,14.0
CA,6013,Contra Costa County,6013392202,6013392202,0.4692,4.2,110417.0,5.0,18.5,0.0,1.75,54.44,16.6,7.1,6.0,16.7
CA,6013,Contra Costa County,6013392300,6013392300,0.2936,4.9,163565.0,1.7,24.1,1.4,4.87,47.59,6.3,4.1,6.2,5.6
CA,6013,Contra Costa County,6013980000,6013980000,0.4999,10.0,90230.0,5.8,28.3,4.5,0.0,75.91,10.5,5.8,7.2,13.2
CA,6015,Del Norte County,6015000101,6015000101,0.8552,23.1,40571.0,10.1,43.2,19.5,17.81,64.57,20.4,8.2,4.6,2.9
CA,6015,Del Norte County,6015000102,6015000102,0.6189,10.2,66200.0,2.1,28.6,3.4,4.59,90.47,14.7,4.6,16.9,1.0
CA,6015,Del Norte County,6015000104,6015000104,0.9147,19.7,46220.0,9.4,35.5,11.6,0.0,28.25,18.7,9.7,14.8,4.4
CA,6015,Del Norte County,6015000106,6015000106,0.2451,7.7,105333.0,2.3,15.7,1.1,3.83,55.53,20.1,5.3,8.5,1.5
CA,6015,Del Norte County,6015000107,6015000107,0.3692,14.5,57609.0,7.7,29.0,6.3,0.0,75.59,13.0,0.0,4.4,0.7
CA,6015,Del Norte County,6015000201,6015000201,0.39,5.8,82475.0,2.9,17.8,4.2,9.09,95.83,19.7,9.5,10.3,1.0
CA,6015,Del Norte County,6015000202,6015000202,0.3173,15.4,71111.0,9.3,18.3,1.6,6.48,99.6,25.9,4.0,13.8,0.9
CA,6015,Del Norte County,6015000203,6015000203,0.7261,27.3,48276.0,5.3,26.4,2.1,9.28,99.7,25.8,18.2,17.8,0.5
CA,6017,El Dorado County,6017030201,6017030201,0.4779,6.9,75417.0,15.6,37.2,1.1,3.06,2.49,5.2,1.4,13.7,5.9
CA,6017,El Dorado County,6017030202,6017030202,0.7973,18.7,46350.0,9.8,47.5,13.4,1.77,100.0,11.9,7.1,16.6,16.2
CA,6017,El Dorado County,6017030301,6017030301,0.5882,10.1,58051.0,22.9,47.9,12.2,4.0,45.09,19.7,2.6,7.6,7.1
CA,6017,El Dorado County,6017030302,6017030302,0.3053,10.6,75560.0,1.0,33.5,1.5,3.88,76.69,17.7,6.3,10.1,1.7
CA,6017,El Dorado County,6017030402,6017030402,0.707,18.9,63500.0,7.1,40.1,13.3,4.5,32.8,14.3,7.3,10.5,3.5
CA,6017,El Dorado County,6017030403,6017030403,0.1128,0.5,105278.0,3.0,22.9,0.0,0.43,74.46,9.2,7.4,13.6,0.0
CA,6017,El Dorado County,6017030404,6017030404,0.3998,7.1,76604.0,9.5,31.7,4.8,9.91,45.51,5.4,2.9,6.4,2.6
CA,6017,El Dorado County,6017030502,6017030502,0.0356,4.6,120523.0,8.0,10.8,0.7,0.0,74.13,9.8,2.4,5.0,0.5
CA,6017,El Dorado County,6017030504,6017030504,0.1148,4.3,98259.0,1.6,25.7,0.0,4.18,94.14,9.7,4.6,7.6,1.6
CA,6017,El Dorado County,6017030506,6017030506,0.0284,6.9,105000.0,5.8,14.1,0.0,5.58,91.17,3.1,5.8,0.0,0.5
CA,6017,El Dorado County,6017030507,6017030507,0.1309,7.2,128438.0,2.3,19.9,1.0,9.52,15.23,13.1,0.0,0.8,0.0
CA,6017,El Dorado County,6017030601,6017030601,0.0633,7.5,109429.0,1.4,18.1,1.5,3.68,99.93,11.5,3.6,6.8,0.5
CA,6017,El Dorado County,6017030603,6017030603,0.2669,11.5,90076.0,10.2,23.6,4.2,0.0,100.0,20.4,2.3,18.5,0.0
CA,6017,El Dorado County,6017030604,6017030604,0.2795,19.8,90230.0,0.2,19.4,1.1,2.5,100.0,17.6,16.5,32.5,0.6
CA,6017,El Dorado County,6017030605,6017030605,0.3581,13.5,61042.0,5.7,34.3,2.8,3.83,5.08,19.6,2.4,23.8,1.4
CA,6017,El Dorado County,6017030606,6017030606,0.4251,12.2,87914.0,3.0,22.3,3.3,0.0,98.97,18.2,4.4,20.2,0.0
CA,6017,El Dorado County,6017030701,6017030701,0.0386,3.6,156058.0,1.5,10.4,2.1,0.0,77.65,7.1,2.9,6.0,0.0
CA,6017,El Dorado County,6017030706,6017030706,0.0639,3.5,144550.0,0.7,22.1,0.0,1.95,83.11,10.5,1.8,1.7,1.3
CA,6017,El Dorado County,6017030709,6017030709,0.0008,2.8,207605.0,1.2,8.2,0.0,0.0,84.48,5.5,2.5,3.3,0.3
CA,6017,El Dorado County,6017030710,6017030710,0.0192,3.7,165542.0,0.5,15.5,0.0,0.0,94.75,7.0,5.1,0.7,1.0
CA,6017,El Dorado County,6017030711,6017030711,0.4549,9.1,99408.0,0.9,29.3,9.4,0.38,26.34,10.2,2.1,7.2,0.4
CA,6017,El Dorado County,6017030712,6017030712,0.0235,1.5,235398.0,1.3,4.3,0.0,4.44,100.0,9.7,1.5,4.1,1.6
CA,6017,El Dorado County,6017030801,6017030801,0.1988,3.4,126495.0,4.2,19.4,1.9,0.0,95.86,12.5,4.2,8.1,0.2
CA,6017,El Dorado County,6017030804,6017030804,0.2455,6.3,120114.0,4.6,22.3,1.3,9.13,98.34,14.3,2.9,5.6,0.2
CA,6017,El Dorado County,6017030807,6017030807,0.0444,1.4,113964.0,3.8,18.2,1.9,2.42,100.0,8.8,4.5,4.0,0.2
CA,6017,El Dorado County,6017030808,6017030808,0.0939,3.3,115775.0,3.0,21.0,2.3,0.0,97.08,8.0,4.6,1.4,0.6
CA,6017,El Dorado County,6017030809,6017030809,0.1419,5.7,109355.0,4.3,26.4,1.3,3.4,60.92,10.1,4.1,3.4,0.6
CA,6017,El Dorado County,6017030810,6017030810,0.4885,14.0,79609.0,5.7,41.6,3.0,1.41,100.0,12.8,11.2,4.8,0.5
CA,6017,El Dorado County,6017030811,6017030811,0.3687,20.0,55697.0,3.4,43.0,1.4,0.0,0.0,25.2,1.7,10.1,0.0
CA,6017,El Dorado County,6017030812,6017030812,0.3664,4.0,119375.0,1.6,22.1,10.9,0.0,73.08,16.8,8.3,10.4,1.5
CA,6017,El Dorado County,6017030901,6017030901,0.1055,6.6,122750.0,2.1,14.2,1.7,0.0,100.0,13.3,4.9,2.2,1.1
CA,6017,El Dorado County,6017030902,6017030902,0.1647,5.7,114125.0,2.9,16.3,0.2,0.0,95.69,13.2,5.1,6.9,0.0
CA,6017,El Dorado County,6017031000,6017031000,0.5706,11.0,69681.0,9.6,35.0,0.4,0.0,61.2,16.1,5.3,5.2,2.1
CA,6017,El Dorado County,6017031100,6017031100,0.4624,11.7,81579.0,3.3,27.5,6.3,0.0,66.89,11.5,3.7,11.7,1.7
CA,6017,El Dorado County,6017031200,6017031200,0.5037,13.6,71014.0,4.3,33.9,7.9,1.67,53.28,15.4,7.2,11.0,0.0
CA,6017,El Dorado County,6017031301,6017031301,0.2855,8.9,91290.0,4.5,23.5,1.6,0.0,100.0,13.6,6.4,12.3,0.0
CA,6017,El Dorado County,6017031302,6017031302,0.5473,29.6,50441.0,5.6,47.2,10.4,2.61,80.97,14.2,4.2,12.8,0.0
CA,6017,El Dorado County,6017031404,6017031404,0.2116,5.2,95268.0,2.0,16.3,0.9,8.07,100.0,10.0,8.5,10.3,0.0
CA,6017,El Dorado County,6017031405,6017031405,0.3247,8.4,93309.0,3.2,19.9,2.6,7.43,86.48,14.8,6.9,10.1,0.6
CA,6017,El Dorado County,6017031406,6017031406,0.2073,4.6,105894.0,2.9,19.1,0.7,1.13,86.77,18.9,5.2,7.3,0.1
CA,6017,El Dorado County,6017031407,6017031407,0.1058,33.4,100174.0,1.6,37.1,0.0,7.95,88.76,7.7,9.0,4.8,0.0
CA,6017,El Dorado County,6017031408,6017031408,0.3838,10.1,75993.0,3.9,24.5,13.5,0.0,64.16,19.4,7.8,16.8,0.0
CA,6017,El Dorado County,6017031409,6017031409,0.0225,3.2,84331.0,1.5,23.8,0.0,0.67,69.44,8.8,0.5,11.9,1.1
CA,6017,El Dorado County,6017031503,6017031503,0.1455,5.3,102583.0,1.8,14.9,3.1,0.0,98.98,16.2,7.3,8.6,0.5
CA,6017,El Dorado County,6017031504,6017031504,0.4409,18.2,71291.0,5.9,39.5,5.1,0.0,100.0,14.4,5.9,6.8,0.1
CA,6017,El Dorado County,6017031505,6017031505,0.3134,6.5,77031.0,0.0,31.7,6.1,0.4,0.0,12.8,1.2,8.2,0.0
CA,6017,El Dorado County,6017031506,6017031506,0.6787,5.2,85100.0,2.7,36.8,15.5,5.1,0.0,18.0,11.7,22.2,3.5
CA,6017,El Dorado County,6017031601,6017031601,0.6256,17.7,56705.0,14.0,48.8,15.6,0.0,45.3,13.3,6.9,13.6,8.2
CA,6017,El Dorado County,6017031602,6017031602,0.5369,24.9,70294.0,22.8,25.7,5.1,0.0,96.94,12.8,0.0,12.9,6.0
CA,6017,El Dorado County,6017031700,6017031700,0.0206,7.1,199258.0,0.5,10.7,0.0,2.38,91.56,3.6,5.5,1.7,1.4
CA,6017,El Dorado County,6017031800,6017031800,0.0115,3.1,199740.0,0.8,7.5,1.9,4.85,93.97,7.5,4.4,0.0,1.8
CA,6017,El Dorado County,6017031900,6017031900,0.0007,0.0,134375.0,0.0,25.6,0.0,2.27,100.0,0.0,0.0,18.6,0.0
CA,6017,El Dorado County,6017032001,6017032001,0.1152,14.3,74444.0,17.2,31.6,2.2,0.0,24.21,12.6,0.0,6.7,0.0
CA,6017,El Dorado County,6017032002,6017032002,0.2269,20.4,85679.0,2.6,7.7,0.0,4.78,100.0,20.0,0.0,0.0,4.3
CA,6017,El Dorado County,6017990000,6017990000,0.4999,10.0,90230.0,5.8,28.3,4.5,3.55,64.92,10.5,5.8,7.2,6.0
CA,6019,Fresno County,6019000100,6019000100,0.7811,35.7,18081.0,4.6,45.9,52.8,7.53,82.87,53.7,11.8,30.9,3.7
CA,6019,Fresno County,6019000200,6019000200,0.9388,39.8,36280.0,10.6,43.2,12.1,11.82,62.92,13.2,7.4,31.8,21.2
CA,6019,Fresno County,6019000300,6019000300,0.9621,45.2,41500.0,13.0,45.3,9.3,10.64,44.61,13.4,13.2,23.3,16.0
CA,6019,Fresno County,6019000400,6019000400,0.9966,44.9,44318.0,15.6,44.9,19.1,12.59,44.99,24.0,18.8,32.5,17.8
CA,6019,Fresno County,6019000501,6019000501,0.9774,32.8,34135.0,14.7,60.7,27.3,1.31,4.19,15.7,13.5,28.4,18.6
CA,6019,Fresno County,6019000502,6019000502,0.9997,40.4,35595.0,11.9,57.6,9.4,0.36,14.09,15.0,7.8,20.3,24.6
CA,6019,Fresno County,6019000601,6019000601,0.9962,28.0,27416.0,13.2,56.7,33.7,1.17,99.56,15.8,9.9,37.1,21.9
CA,6019,Fresno County,6019000602,6019000602,0.9968,68.1,19286.0,5.9,57.5,29.2,3.37,24.4,20.1,17.0,17.9,26.0
CA,6019,Fresno County,6019000701,6019000701,0.9979,41.7,24511.0,16.5,40.6,20.1,0.0,50.06,20.1,21.6,27.6,13.7
CA,6019,Fresno County,6019000702,6019000702,0.795,37.1,36009.0,1.7,61.9,6.7,2.3,1.23,16.8,19.6,16.8,12.9
CA,6019,Fresno County,6019000901,6019000901,0.9869,39.2,43942.0,9.0,45.4,8.1,3.43,98.49,15.6,14.6,12.6,16.7
CA,6019,Fresno County,6019000902,6019000902,0.9981,60.1,13556.0,11.6,50.4,15.8,23.53,100.0,17.9,30.6,19.0,12.5
CA,6019,Fresno County,6019001000,6019001000,0.999,46.0,27368.0,7.0,66.1,16.7,10.72,100.0,15.6,18.9,29.4,20.5
CA,6019,Fresno County,6019001100,6019001100,0.9393,42.2,36522.0,10.3,54.0,17.8,14.39,99.78,18.3,3.8,29.2,21.0
CA,6019,Fresno County,6019001201,6019001201,0.8763,22.8,52083.0,7.1,34.6,2.1,4.03,100.0,14.2,12.8,17.8,16.9
CA,6019,Fresno County,6019001202,6019001202,0.8858,30.3,47625.0,12.2,38.1,3.0,14.38,100.0,14.9,6.4,15.3,16.6
CA,6019,Fresno County,6019001301,6019001301,0.945,33.9,32292.0,10.4,55.1,11.3,11.29,54.9,21.3,6.2,23.9,23.7
CA,6019,Fresno County,6019001303,6019001303,0.8841,22.3,49274.0,10.5,40.8,7.5,12.17,98.3,9.7,7.9,25.8,21.9
CA,6019,Fresno County,6019001304,6019001304,0.9808,42.5,28961.0,9.3,47.5,10.4,7.42,67.63,17.0,13.5,21.2,17.8
CA,6019,Fresno County,6019001407,6019001407,0.9802,38.0,27813.0,7.8,64.3,21.9,1.05,6.64,12.6,17.6,20.5,8.7
CA,6019,Fresno County,6019001408,6019001408,0.8899,18.3,21393.0,4.5,53.5,31.7,14.02,48.87,29.8,16.9,35.0,6.2
CA,6019,Fresno County,6019001409,6019001409,0.4284,19.1,109615.0,6.8,20.9,1.4,3.48,78.24,11.0,5.1,6.9,1.6
CA,6019,Fresno County,6019001411,6019001411,0.6169,21.6,69844.0,3.6,33.0,13.6,0.0,45.79,14.0,4.4,9.0,6.6
CA,6019,Fresno County,6019001412,6019001412,0.825,18.4,97500.0,14.1,27.2,8.7,6.02,100.0,9.8,10.7,4.4,12.5
CA,6019,Fresno County,6019001413,6019001413,0.4221,6.3,117708.0,2.4,19.8,7.4,0.0,95.73,10.2,7.4,5.7,6.8
CA,6019,Fresno County,6019001415,6019001415,0.6024,7.9,80909.0,12.0,8.2,1.4,3.14,0.32,10.4,8.7,19.6,10.7
CA,6019,Fresno County,6019001416,6019001416,0.4738,19.7,98566.0,3.3,24.1,2.1,1.39,2.91,11.2,6.6,2.4,15.0
CA,6019,Fresno County,6019001417,6019001417,0.3532,9.6,129792.0,2.0,14.5,4.5,0.0,62.14,7.7,5.7,4.4,6.9
CA,6019,Fresno County,6019001418,6019001418,0.495,8.4,114079.0,2.1,27.4,0.0,0.37,80.45,10.4,9.6,0.0,4.4
CA,6019,Fresno County,6019001500,6019001500,0.8822,10.8,56442.0,7.0,31.6,1.8,0.0,100.0,12.5,9.4,16.2,13.0
CA,6019,Fresno County,6019001600,6019001600,0.9471,24.7,51813.0,6.1,37.8,10.2,9.93,48.65,12.6,10.2,23.3,12.3
CA,6019,Fresno County,6019001700,6019001700,0.7793,14.5,85407.0,7.9,31.6,3.5,2.82,83.34,11.4,5.7,13.8,14.3
CA,6019,Fresno County,6019001800,6019001800,0.6629,19.6,77159.0,8.9,18.3,4.4,9.3,96.32,12.6,5.6,20.5,11.5
CA,6019,Fresno County,6019002000,6019002000,0.9845,32.9,35345.0,8.1,49.8,4.9,9.72,66.55,12.7,14.2,27.7,13.8
CA,6019,Fresno County,6019002100,6019002100,0.7691,17.1,61287.0,5.8,40.8,21.8,24.55,99.38,15.0,9.3,19.0,5.0
CA,6019,Fresno County,6019002200,6019002200,0.7538,22.6,56083.0,9.2,38.3,13.0,9.82,52.43,17.4,13.5,7.1,2.4
CA,6019,Fresno County,6019002300,6019002300,0.7983,22.2,37184.0,5.3,52.7,7.0,9.07,0.0,17.4,16.4,12.2,7.4
CA,6019,Fresno County,6019002400,6019002400,0.9064,29.8,40256.0,8.9,44.4,10.2,3.0,11.33,23.1,8.9,40.2,22.4
CA,6019,Fresno County,6019002501,6019002501,0.9705,47.9,36710.0,7.4,61.8,12.7,7.19,35.8,13.8,14.8,22.1,13.7
CA,6019,Fresno County,6019002502,6019002502,0.9784,32.8,38767.0,11.0,52.0,11.1,13.75,67.73,14.4,10.5,29.3,14.5
CA,6019,Fresno County,6019002601,6019002601,0.8369,38.2,44821.0,17.0,41.4,9.8,12.03,72.8,12.0,7.1,31.7,28.4
CA,6019,Fresno County,6019002602,6019002602,0.7195,28.2,56206.0,7.9,37.8,8.4,7.34,61.84,11.5,5.0,19.2,16.5
CA,6019,Fresno County,6019002701,6019002701,0.775,26.1,51566.0,8.1,33.1,5.1,0.37,37.12,12.7,10.9,11.8,14.4
CA,6019,Fresno County,6019002702,6019002702,0.9972,35.1,43147.0,15.0,45.4,8.2,2.96,33.74,16.0,15.8,21.2,23.9
CA,6019,Fresno County,6019002800,6019002800,0.9787,35.9,33472.0,7.3,55.4,7.4,1.61,13.63,14.7,13.3,24.6,24.1
CA,6019,Fresno County,6019002903,6019002903,0.9978,32.1,33295.0,4.1,47.1,27.2,0.0,16.37,23.2,10.3,29.3,17.3
CA,6019,Fresno County,6019002904,6019002904,0.7636,29.9,55953.0,10.8,44.4,9.4,3.43,100.0,8.4,15.8,14.3,10.2
CA,6019,Fresno County,6019002905,6019002905,0.9302,20.0,48864.0,11.2,39.9,3.7,0.0,3.91,15.8,9.0,11.1,8.9
CA,6019,Fresno County,6019002906,6019002906,0.9326,36.0,47951.0,5.7,36.7,12.3,7.04,73.08,17.0,11.8,11.2,14.1
CA,6019,Fresno County,6019003001,6019003001,0.8729,19.9,56463.0,5.7,44.1,7.1,8.63,50.1,18.9,11.6,18.0,10.8
CA,6019,Fresno County,6019003003,6019003003,0.8976,21.8,58908.0,4.9,40.2,7.0,5.63,25.02,12.5,1.7,17.2,12.1
CA,6019,Fresno County,6019003004,6019003004,0.7532,17.6,68021.0,9.9,28.9,4.7,4.14,51.37,15.6,6.7,9.0,4.2
CA,6019,Fresno County,6019003102,6019003102,0.8554,13.6,53045.0,7.5,34.5,9.9,0.0,5.4,11.2,10.9,10.3,5.2
CA,6019,Fresno County,6019003103,6019003103,0.7133,32.4,61267.0,2.9,37.1,2.7,0.0,34.65,9.4,12.1,2.0,2.2
CA,6019,Fresno County,6019003104,6019003104,0.6341,16.5,68571.0,5.9,32.6,1.7,2.53,45.42,14.5,6.8,14.4,6.0
CA,6019,Fresno County,6019003201,6019003201,0.8757,27.3,53616.0,10.4,38.0,13.7,4.76,70.51,16.6,10.2,25.2,14.1
CA,6019,Fresno County,6019003202,6019003202,0.922,40.4,34402.0,6.0,53.4,11.4,18.92,72.35,13.6,10.6,23.9,18.4
CA,6019,Fresno County,6019003301,6019003301,0.856,30.5,40565.0,4.7,52.0,7.3,0.0,27.16,13.0,14.2,11.1,11.9
CA,6019,Fresno County,6019003302,6019003302,0.8595,22.0,52153.0,7.3,40.4,18.0,0.1,18.52,16.0,10.7,22.8,9.9
CA,6019,Fresno County,6019003401,6019003401,0.9931,35.0,30714.0,11.9,53.4,16.1,2.48,72.75,17.3,20.6,33.1,16.4
CA,6019,Fresno County,6019003402,6019003402,0.728,34.0,49750.0,8.0,47.0,14.7,10.15,47.83,15.2,4.2,13.8,12.0
CA,6019,Fresno County,6019003500,6019003500,0.8021,33.9,54044.0,7.6,45.5,21.3,0.22,31.87,22.3,12.7,30.2,2.5
CA,6019,Fresno County,6019003600,6019003600,0.2621,12.3,77012.0,8.3,31.2,2.3,5.94,49.62,10.3,6.2,12.5,1.1
CA,6019,Fresno County,6019003701,6019003701,0.9539,27.5,49730.0,7.2,42.3,9.1,0.0,12.28,15.0,8.2,31.4,15.1
CA,6019,Fresno County,6019003702,6019003702,0.9565,42.5,47488.0,6.2,47.7,11.4,3.85,18.95,14.5,15.7,19.0,10.3
CA,6019,Fresno County,6019003804,6019003804,0.6045,12.5,82344.0,8.1,27.9,0.4,0.0,32.23,12.4,13.8,10.4,6.9
CA,6019,Fresno County,6019003805,6019003805,0.9795,33.2,47167.0,10.6,49.7,7.4,7.34,38.3,10.9,10.9,19.5,19.5
CA,6019,Fresno County,6019003807,6019003807,0.901,26.8,40650.0,7.4,38.0,7.5,8.53,86.59,12.3,10.9,18.1,12.9
CA,6019,Fresno County,6019003808,6019003808,0.5529,9.1,83889.0,3.2,25.7,0.0,2.67,71.33,13.9,9.2,11.6,8.0
CA,6019,Fresno County,6019003809,6019003809,0.8147,16.8,68246.0,7.0,33.8,6.3,14.41,100.0,12.5,3.5,9.6,9.0
CA,6019,Fresno County,6019003810,6019003810,0.6919,9.9,77935.0,6.8,37.9,2.2,4.19,96.3,8.8,8.2,18.7,10.4
CA,6019,Fresno County,6019003811,6019003811,0.6326,12.3,80984.0,7.8,31.3,2.2,2.84,3.79,8.4,9.5,16.7,10.7
CA,6019,Fresno County,6019003812,6019003812,0.5009,8.5,113500.0,2.0,14.7,0.0,0.72,69.62,14.1,10.1,17.4,3.9
CA,6019,Fresno County,6019003900,6019003900,0.7388,16.3,69231.0,6.2,16.2,4.7,2.62,95.92,11.5,8.1,17.9,20.9
CA,6019,Fresno County,6019004003,6019004003,0.6488,21.9,77568.0,12.8,28.6,3.5,0.0,93.2,11.3,5.3,12.0,15.8
CA,6019,Fresno County,6019004004,6019004004,0.7896,19.9,66071.0,4.5,43.7,1.9,3.51,61.85,12.3,16.2,24.6,11.7
CA,6019,Fresno County,6019004005,6019004005,0.9168,26.1,36332.0,12.7,46.8,19.9,0.0,80.04,12.1,10.6,31.2,16.5
CA,6019,Fresno County,6019004006,6019004006,0.9095,18.8,44604.0,6.7,36.4,2.9,5.9,89.75,13.1,18.2,12.2,24.8
CA,6019,Fresno County,6019004100,6019004100,0.9638,24.1,57132.0,7.6,39.8,8.5,6.93,95.38,13.9,13.9,15.6,13.7
CA,6019,Fresno County,6019004205,6019004205,0.859,29.1,60670.0,4.1,36.5,1.2,6.33,81.1,19.6,13.4,6.8,4.0
CA,6019,Fresno County,6019004208,6019004208,0.127,5.5,126319.0,1.2,14.4,2.3,0.0,91.29,8.6,6.6,1.6,2.0
CA,6019,Fresno County,6019004210,6019004210,0.5889,9.7,65083.0,2.8,38.8,12.0,0.0,66.29,16.6,4.2,18.1,6.8
CA,6019,Fresno County,6019004211,6019004211,0.5353,21.7,71310.0,4.1,32.4,3.0,3.29,53.73,8.4,8.0,6.8,4.3
CA,6019,Fresno County,6019004212,6019004212,0.6884,21.6,65156.0,6.1,39.6,3.4,2.8,61.3,12.2,10.2,11.2,2.7
CA,6019,Fresno County,6019004213,6019004213,0.5085,4.2,87958.0,13.8,25.2,7.7,6.3,83.88,8.4,5.1,5.7,2.4
CA,6019,Fresno County,6019004214,6019004214,0.451,7.1,81775.0,0.9,29.4,4.6,3.32,94.17,15.2,6.7,11.7,3.2
CA,6019,Fresno County,6019004215,6019004215,0.5466,9.5,92852.0,7.0,31.8,1.7,6.8,85.81,9.0,8.8,4.3,8.2
CA,6019,Fresno County,6019004216,6019004216,0.4188,5.0,112794.0,6.5,13.1,6.4,3.47,96.43,12.5,7.0,8.4,4.0
CA,6019,Fresno County,6019004217,6019004217,0.6781,19.2,77778.0,0.0,20.0,1.8,4.13,63.11,9.5,8.8,14.3,7.5
CA,6019,Fresno County,6019004218,6019004218,0.1798,10.6,123535.0,3.0,23.8,0.0,5.67,22.78,11.8,3.5,5.0,4.1
CA,6019,Fresno County,6019004301,6019004301,0.3049,4.0,124357.0,1.2,24.0,4.3,1.62,24.75,13.7,4.7,10.9,1.9
CA,6019,Fresno County,6019004302,6019004302,0.1488,5.6,129297.0,2.2,12.1,0.6,3.26,61.5,12.7,3.7,4.7,2.9
CA,6019,Fresno County,6019004303,6019004303,0.2048,3.1,122759.0,2.3,20.0,4.8,5.34,63.7,12.1,4.3,3.5,2.2
CA,6019,Fresno County,6019004404,6019004404,0.7728,24.1,46884.0,6.7,44.9,6.9,0.0,1.59,18.4,7.9,16.2,7.5
CA,6019,Fresno County,6019004405,6019004405,0.1759,1.5,139556.0,2.9,20.9,1.0,0.0,43.29,14.1,3.4,1.4,0.8
CA,6019,Fresno County,6019004406,6019004406,0.6653,5.6,80853.0,6.8,38.9,3.0,5.57,21.93,10.0,9.2,6.4,2.0
CA,6019,Fresno County,6019004409,6019004409,0.5732,12.3,72750.0,9.5,34.4,4.0,11.39,75.95,13.7,8.1,12.7,4.7
CA,6019,Fresno County,6019004410,6019004410,0.4143,7.7,68807.0,8.3,40.3,4.7,0.0,100.0,11.6,2.5,7.4,2.0
CA,6019,Fresno County,6019004411,6019004411,0.0126,4.4,121250.0,0.5,14.9,0.5,4.43,100.0,11.4,0.0,0.0,0.0
CA,6019,Fresno County,6019004503,6019004503,0.4148,12.1,85173.0,1.0,32.9,4.5,8.17,84.53,11.9,5.8,5.7,1.5
CA,6019,Fresno County,6019004504,6019004504,0.7662,17.5,53673.0,5.4,40.3,10.0,2.92,49.58,16.3,4.7,12.5,0.5
CA,6019,Fresno County,6019004505,6019004505,0.786,26.4,48542.0,9.6,51.1,12.5,2.68,8.56,22.1,1.7,13.8,4.5
CA,6019,Fresno County,6019004506,6019004506,0.1683,3.9,90469.0,3.7,19.7,1.4,1.44,57.7,11.3,0.9,8.2,0.4
CA,6019,Fresno County,6019004601,6019004601,0.5049,6.0,79796.0,2.2,19.7,3.6,0.0,70.99,16.7,4.8,7.6,3.8
CA,6019,Fresno County,6019004602,6019004602,0.2782,13.5,117933.0,1.8,20.9,2.6,4.52,60.25,5.7,5.8,5.3,0.6
CA,6019,Fresno County,6019004703,6019004703,0.9105,14.4,57000.0,11.2,42.8,12.8,7.17,63.74,18.0,18.2,12.6,8.0
CA,6019,Fresno County,6019004704,6019004704,0.9696,39.8,27345.0,11.5,54.7,20.6,3.03,54.38,19.2,15.1,27.9,10.3
CA,6019,Fresno County,6019004705,6019004705,0.7704,6.1,48175.0,8.8,35.5,10.9,3.55,90.36,18.3,7.4,22.8,2.0
CA,6019,Fresno County,6019004706,6019004706,0.7903,22.7,60795.0,6.9,39.0,8.7,5.47,53.32,10.1,6.1,13.8,3.3
CA,6019,Fresno County,6019004801,6019004801,0.8148,25.2,46250.0,14.9,49.5,14.4,14.95,60.42,9.6,6.9,14.1,7.9
CA,6019,Fresno County,6019004802,6019004802,0.8567,36.5,43911.0,2.1,46.5,11.2,0.0,2.22,15.9,8.4,19.9,8.9
CA,6019,Fresno County,6019004901,6019004901,0.7815,20.7,37371.0,5.1,59.5,10.0,7.31,67.38,17.9,18.7,18.6,9.6
CA,6019,Fresno County,6019004902,6019004902,0.775,22.0,75000.0,8.8,34.3,3.3,4.99,95.75,17.0,13.7,7.4,9.4
CA,6019,Fresno County,6019005000,6019005000,0.7656,17.2,70837.0,8.2,26.1,4.6,2.29,54.91,15.8,4.1,6.9,5.2
CA,6019,Fresno County,6019005100,6019005100,0.9473,31.6,48202.0,2.6,42.9,15.2,3.87,28.26,25.2,17.3,17.5,11.2
CA,6019,Fresno County,6019005202,6019005202,0.9698,35.9,31596.0,10.3,58.9,7.6,3.82,27.65,12.0,11.3,21.0,7.1
CA,6019,Fresno County,6019005203,6019005203,0.9561,25.6,52391.0,7.7,35.6,8.2,0.0,2.4,15.2,9.8,15.8,5.3
CA,6019,Fresno County,6019005204,6019005204,0.8337,23.1,55833.0,9.9,49.4,8.5,0.0,38.9,14.5,11.0,18.4,6.7
CA,6019,Fresno County,6019005301,6019005301,0.7569,20.2,53198.0,7.2,34.6,2.2,2.92,59.62,14.4,11.2,14.1,10.0
CA,6019,Fresno County,6019005302,6019005302,0.6417,22.5,61607.0,9.9,35.6,7.0,14.65,93.52,14.0,10.1,15.6,6.4
CA,6019,Fresno County,6019005304,6019005304,0.7435,35.0,35834.0,13.2,56.0,10.5,12.55,95.52,14.2,9.1,10.8,2.8
CA,6019,Fresno County,6019005305,6019005305,0.6145,18.8,69812.0,3.2,34.1,3.2,3.82,62.79,16.0,14.3,10.7,2.5
CA,6019,Fresno County,6019005403,6019005403,0.9708,59.2,26218.0,5.4,71.3,19.2,21.35,78.51,16.9,19.5,19.5,12.9
CA,6019,Fresno County,6019005405,6019005405,0.5166,12.8,87350.0,5.2,29.5,4.7,4.64,25.86,15.8,3.5,10.0,5.1
CA,6019,Fresno County,6019005406,6019005406,0.3761,8.0,82269.0,4.3,23.6,1.5,0.0,72.25,18.7,7.2,4.8,3.8
CA,6019,Fresno County,6019005407,6019005407,0.3517,9.7,91369.0,5.4,9.0,3.2,4.89,45.38,14.5,1.9,6.5,2.2
CA,6019,Fresno County,6019005408,6019005408,0.5384,54.3,32829.0,5.7,48.6,10.7,0.0,83.67,12.2,13.9,15.0,0.4
CA,6019,Fresno County,6019005409,6019005409,0.5523,29.7,45556.0,3.3,51.9,5.1,5.15,81.25,15.3,11.6,17.6,2.6
CA,6019,Fresno County,6019005410,6019005410,0.7798,15.5,52933.0,10.2,40.8,8.1,0.0,0.0,13.6,12.8,6.2,8.0
CA,6019,Fresno County,6019005503,6019005503,0.3284,6.2,117063.0,2.2,21.8,12.6,5.1,77.58,12.5,3.6,6.8,0.5
CA,6019,Fresno County,6019005504,6019005504,0.2763,18.1,119279.0,1.8,22.8,2.4,7.13,90.75,9.2,8.4,2.8,1.2
CA,6019,Fresno County,6019005505,6019005505,0.18,8.3,130774.0,2.4,17.6,3.4,2.3,47.12,11.7,2.9,3.8,2.1
CA,6019,Fresno County,6019005507,6019005507,0.0801,5.0,106786.0,4.1,19.6,1.2,0.38,42.39,8.5,2.7,2.9,0.5
CA,6019,Fresno County,6019005508,6019005508,0.0515,2.3,114940.0,0.0,20.2,0.0,0.0,33.37,6.0,1.6,5.1,3.6
CA,6019,Fresno County,6019005509,6019005509,0.5673,10.6,99291.0,3.1,28.5,1.4,2.2,67.84,15.7,6.5,1.4,8.8
CA,6019,Fresno County,6019005512,6019005512,0.2188,3.8,112744.0,5.0,16.8,1.5,0.0,72.33,11.2,6.4,4.2,4.2
CA,6019,Fresno County,6019005513,6019005513,0.3977,7.1,137083.0,5.9,16.9,1.9,0.0,62.84,13.0,7.9,10.8,1.4
CA,6019,Fresno County,6019005514,6019005514,0.4083,0.8,123523.0,5.8,27.1,13.5,0.0,44.56,11.8,6.9,7.5,1.6
CA,6019,Fresno County,6019005515,6019005515,0.0527,2.1,156932.0,4.0,17.3,1.1,2.11,92.77,10.2,3.2,8.9,0.0
CA,6019,Fresno County,6019005516,6019005516,0.2869,7.9,118711.0,7.4,31.3,4.1,3.41,14.35,13.2,2.4,1.2,1.3
CA,6019,Fresno County,6019005518,6019005518,0.1034,4.5,125833.0,5.6,18.4,2.3,1.33,100.0,7.1,6.8,3.8,2.3
CA,6019,Fresno County,6019005520,6019005520,0.1427,1.0,186944.0,2.5,9.2,6.7,1.14,95.86,8.7,8.2,2.3,1.8
CA,6019,Fresno County,6019005522,6019005522,0.0715,2.2,150865.0,2.8,6.8,2.3,4.07,81.8,9.9,4.6,8.2,2.6
CA,6019,Fresno County,6019005524,6019005524,0.1646,4.7,136000.0,5.6,14.2,2.4,2.76,83.35,10.7,5.6,2.4,3.9
CA,6019,Fresno County,6019005525,6019005525,0.2892,3.8,174250.0,3.7,13.6,0.0,2.29,87.41,12.6,5.7,9.0,2.0
CA,6019,Fresno County,6019005526,6019005526,0.6181,10.0,61250.0,4.8,44.8,23.2,3.44,66.35,23.2,5.0,23.1,1.7
CA,6019,Fresno County,6019005527,6019005527,0.6581,5.6,96488.0,5.3,34.9,13.7,6.29,60.73,13.9,8.3,8.0,2.7
CA,6019,Fresno County,6019005528,6019005528,0.2643,22.2,103701.0,2.3,24.1,5.1,0.0,38.74,3.8,0.0,1.2,5.4
CA,6019,Fresno County,6019005529,6019005529,0.0274,3.1,139250.0,6.3,11.6,1.5,3.48,100.0,8.2,0.0,3.7,0.6
CA,6019,Fresno County,6019005602,6019005602,0.7436,9.5,52386.0,7.9,37.9,10.2,9.22,61.69,18.2,6.0,17.1,8.8
CA,6019,Fresno County,6019005605,6019005605,0.3135,4.1,110179.0,5.6,18.5,2.8,0.33,39.05,12.5,6.7,3.7,0.1
CA,6019,Fresno County,6019005606,6019005606,0.3624,3.2,111992.0,3.4,12.4,0.9,2.22,72.65,14.9,5.7,2.1,2.0
CA,6019,Fresno County,6019005607,6019005607,0.6909,16.7,45452.0,3.6,56.3,5.6,0.81,82.61,17.4,4.1,4.0,0.4
CA,6019,Fresno County,6019005608,6019005608,0.7311,11.4,56250.0,7.6,37.5,7.5,2.32,5.95,23.1,5.7,14.1,4.1
CA,6019,Fresno County,6019005701,6019005701,0.3208,5.0,72594.0,3.4,33.4,4.0,2.56,60.9,10.2,4.6,11.3,2.5
CA,6019,Fresno County,6019005702,6019005702,0.1762,5.3,117232.0,3.9,19.6,0.7,3.91,82.64,4.2,1.0,2.1,1.2
CA,6019,Fresno County,6019005703,6019005703,0.28,8.4,108750.0,1.1,17.6,2.0,0.0,52.26,11.3,4.7,5.0,1.5
CA,6019,Fresno County,6019005704,6019005704,0.618,11.2,72726.0,5.9,26.5,3.1,0.0,55.9,16.1,8.1,4.1,7.8
CA,6019,Fresno County,6019005801,6019005801,0.4708,9.1,74420.0,3.9,37.8,10.4,0.0,26.42,14.0,1.1,13.1,3.2
CA,6019,Fresno County,6019005802,6019005802,0.1785,4.0,154500.0,1.6,17.1,0.5,0.18,19.48,8.9,4.8,4.1,1.3
CA,6019,Fresno County,6019005804,6019005804,0.623,10.3,81689.0,4.0,28.2,1.2,0.0,90.0,13.9,10.4,11.1,1.3
CA,6019,Fresno County,6019005805,6019005805,0.2683,6.8,121898.0,3.0,15.7,3.4,5.27,84.37,7.8,5.0,3.9,2.5
CA,6019,Fresno County,6019005904,6019005904,0.2781,3.8,108462.0,5.4,14.8,4.3,8.08,99.47,9.4,3.8,16.4,5.6
CA,6019,Fresno County,6019005906,6019005906,0.2458,14.7,93750.0,5.2,15.0,1.3,0.0,100.0,11.2,6.4,13.4,2.7
CA,6019,Fresno County,6019005907,6019005907,0.1531,4.0,112750.0,1.5,15.0,2.1,4.05,100.0,8.5,7.8,3.7,1.1
CA,6019,Fresno County,6019005911,6019005911,0.1219,2.6,133323.0,3.1,12.1,0.8,2.68,100.0,7.8,6.9,6.4,2.2
CA,6019,Fresno County,6019005912,6019005912,0.2581,11.2,106359.0,4.2,22.0,0.8,3.23,100.0,7.0,4.6,4.6,2.3
CA,6019,Fresno County,6019005913,6019005913,0.2114,13.9,121397.0,5.8,12.8,0.0,0.0,100.0,8.6,5.1,1.7,3.8
CA,6019,Fresno County,6019005914,6019005914,0.0865,2.6,156750.0,1.7,3.5,0.9,3.23,2.44,7.8,5.5,0.6,3.1
CA,6019,Fresno County,6019005915,6019005915,0.2798,12.1,116250.0,1.2,13.6,1.1,1.51,96.73,17.1,2.7,5.1,3.8
CA,6019,Fresno County,6019005916,6019005916,0.4236,16.6,107050.0,4.7,26.3,2.1,0.0,32.54,11.1,1.2,14.6,8.3
CA,6019,Fresno County,6019006001,6019006001,0.3475,6.9,94613.0,0.6,16.2,1.3,0.33,39.23,10.7,0.0,3.6,3.6
CA,6019,Fresno County,6019006002,6019006002,0.908,22.1,48870.0,3.0,38.0,12.6,1.46,8.13,17.4,14.9,21.0,11.0
CA,6019,Fresno County,6019006101,6019006101,0.5866,19.1,81477.0,6.1,33.6,2.2,6.55,100.0,8.1,10.1,17.2,7.3
CA,6019,Fresno County,6019006102,6019006102,0.7063,25.2,46556.0,11.0,38.7,6.4,1.96,5.7,14.6,16.7,21.6,9.2
CA,6019,Fresno County,6019006201,6019006201,0.9062,18.9,49150.0,9.8,41.4,13.7,2.82,43.46,6.3,3.8,25.4,24.3
CA,6019,Fresno County,6019006202,6019006202,0.7853,14.2,66058.0,6.8,26.4,6.5,0.0,11.92,12.4,5.3,18.9,15.6
CA,6019,Fresno County,6019006301,6019006301,0.6483,8.6,76384.0,6.9,23.9,1.4,6.01,100.0,6.7,5.3,11.4,14.1
CA,6019,Fresno County,6019006302,6019006302,0.4722,16.6,61986.0,2.9,47.9,0.0,1.49,100.0,13.5,1.0,9.5,1.2
CA,6019,Fresno County,6019006405,6019006405,0.1979,4.8,94254.0,3.8,15.3,1.1,1.39,95.53,15.7,2.8,11.3,1.7
CA,6019,Fresno County,6019006406,6019006406,0.3779,5.8,81384.0,5.8,18.0,5.8,0.0,43.91,13.4,1.6,21.0,0.0
CA,6019,Fresno County,6019006407,6019006407,0.2871,12.5,108594.0,2.8,12.5,14.3,0.58,68.65,14.3,5.1,10.4,0.7
CA,6019,Fresno County,6019006408,6019006408,0.3481,6.8,66563.0,8.3,33.1,0.7,0.0,0.83,13.3,3.7,17.7,1.0
CA,6019,Fresno County,6019006409,6019006409,0.4137,19.0,71707.0,7.8,27.4,2.4,0.95,2.34,23.5,3.8,14.5,0.0
CA,6019,Fresno County,6019006410,6019006410,0.4313,15.5,66101.0,13.0,29.6,3.3,0.98,2.1,6.6,1.9,25.8,10.0
CA,6019,Fresno County,6019006411,6019006411,0.4675,6.4,63987.0,19.1,20.2,2.6,0.0,64.38,10.0,4.1,23.5,0.4
CA,6019,Fresno County,6019006501,6019006501,0.9543,48.4,33427.0,13.0,47.3,12.8,1.83,37.18,4.5,10.1,39.8,24.6
CA,6019,Fresno County,6019006502,6019006502,0.9403,42.8,35511.0,6.7,52.8,17.5,2.64,69.18,10.3,17.7,27.8,28.8
CA,6019,Fresno County,6019006602,6019006602,0.9803,24.4,46984.0,9.4,45.6,13.5,3.65,39.74,12.7,13.7,32.5,28.1
CA,6019,Fresno County,6019006603,6019006603,0.6981,21.1,63125.0,14.5,33.0,0.0,0.0,62.87,7.1,15.6,30.7,10.8
CA,6019,Fresno County,6019006605,6019006605,0.7341,36.3,59297.0,6.9,38.3,0.0,5.01,75.81,8.2,12.8,32.8,8.1
CA,6019,Fresno County,6019006606,6019006606,0.8027,16.2,56667.0,15.0,33.9,8.6,3.35,18.33,11.6,9.7,36.3,34.8
CA,6019,Fresno County,6019006700,6019006700,0.7059,5.2,99096.0,14.4,22.9,5.2,0.0,47.31,8.3,12.3,10.4,12.5
CA,6019,Fresno County,6019006802,6019006802,0.9736,24.7,47684.0,9.1,48.6,13.9,1.18,29.22,11.7,9.2,29.3,24.1
CA,6019,Fresno County,6019006900,6019006900,0.6847,20.4,53243.0,8.0,35.2,0.8,12.85,100.0,11.1,7.7,22.7,20.8
CA,6019,Fresno County,6019007002,6019007002,0.7533,22.4,53765.0,10.7,31.6,3.5,5.31,23.18,9.3,6.4,16.1,16.6
CA,6019,Fresno County,6019007003,6019007003,0.7856,13.5,63319.0,4.7,40.3,9.7,0.0,59.29,13.7,16.4,25.4,8.6
CA,6019,Fresno County,6019007004,6019007004,0.8677,21.1,65213.0,7.7,35.3,9.3,2.79,55.03,15.6,2.6,13.9,12.4
CA,6019,Fresno County,6019007101,6019007101,0.9173,35.5,45737.0,10.6,48.0,4.8,1.15,52.21,13.3,11.3,22.3,24.9
CA,6019,Fresno County,6019007102,6019007102,0.7606,12.2,34250.0,14.2,30.3,10.9,2.71,23.18,9.7,15.9,33.3,6.0
CA,6019,Fresno County,6019007202,6019007202,0.6607,9.3,70053.0,7.6,31.0,10.2,6.62,26.39,16.8,9.6,11.3,2.3
CA,6019,Fresno County,6019007203,6019007203,0.3366,1.0,114438.0,8.2,17.5,6.9,0.0,16.29,11.8,1.5,8.3,2.6
CA,6019,Fresno County,6019007204,6019007204,0.6279,11.6,74880.0,2.8,29.3,7.9,4.36,98.5,11.1,1.2,8.7,2.8
CA,6019,Fresno County,6019007300,6019007300,0.6914,9.1,84574.0,9.3,16.8,2.3,4.74,100.0,14.8,7.6,14.8,14.7
CA,6019,Fresno County,6019007400,6019007400,0.7908,14.7,62045.0,6.5,35.7,14.5,7.41,92.38,16.6,9.7,38.3,12.5
CA,6019,Fresno County,6019007500,6019007500,0.6951,15.2,65310.0,13.5,26.4,2.6,2.73,68.73,8.2,6.7,15.5,12.0
CA,6019,Fresno County,6019007600,6019007600,0.9053,33.3,51645.0,12.1,30.6,2.3,10.89,100.0,14.2,12.9,38.4,18.0
CA,6019,Fresno County,6019007700,6019007700,0.7625,12.0,66066.0,18.7,26.6,0.4,0.0,76.63,11.5,5.8,21.4,23.3
CA,6019,Fresno County,6019007801,6019007801,0.9055,14.9,64306.0,17.7,27.8,11.5,16.22,89.39,10.7,15.2,16.6,38.8
CA,6019,Fresno County,6019007802,6019007802,0.9956,41.3,34537.0,18.6,49.5,13.5,5.25,64.57,8.0,7.4,30.4,39.8
CA,6019,Fresno County,6019007903,6019007903,0.8676,27.4,68025.0,20.1,31.7,0.0,0.0,100.0,18.3,7.0,5.9,10.5
CA,6019,Fresno County,6019008000,6019008000,0.9048,13.1,63023.0,7.3,26.6,8.6,1.13,31.97,19.6,12.4,12.0,14.3
CA,6019,Fresno County,6019008100,6019008100,0.8314,19.2,72829.0,7.0,11.7,8.3,8.01,39.72,11.0,13.7,6.5,8.8
CA,6019,Fresno County,6019008200,6019008200,0.8921,29.3,49565.0,9.3,32.5,3.0,4.54,86.56,5.7,15.6,12.5,25.4
CA,6019,Fresno County,6019008301,6019008301,0.9355,38.1,33411.0,16.5,43.8,20.6,14.77,81.65,6.5,14.2,21.1,49.2
CA,6019,Fresno County,6019008303,6019008303,0.7929,30.1,49464.0,14.8,37.6,6.0,7.53,89.45,5.7,10.1,16.2,37.7
CA,6019,Fresno County,6019008304,6019008304,0.9564,32.1,52050.0,15.2,30.5,14.8,1.54,59.23,4.8,12.5,25.3,37.3
CA,6019,Fresno County,6019008402,6019008402,0.5942,12.8,64076.0,11.9,25.1,1.3,2.22,98.71,9.3,4.4,24.2,21.7
CA,6019,Fresno County,6019008403,6019008403,0.6491,38.9,90230.0,1.2,59.3,19.8,0.0,48.77,2.4,19.5,30.7,28.5
CA,6019,Fresno County,6019008404,6019008404,0.9592,43.3,36553.0,10.4,42.6,16.6,0.02,86.93,7.1,22.8,28.7,38.7
CA,6019,Fresno County,6019008405,6019008405,0.9993,42.9,37292.0,14.8,41.9,14.2,13.51,17.05,15.3,7.6,31.0,39.7
CA,6019,Fresno County,6019008501,6019008501,0.8865,26.2,51042.0,21.5,41.8,3.4,0.0,20.52,5.8,5.8,30.8,29.9
CA,6019,Fresno County,6019008503,6019008503,0.8268,26.4,63148.0,7.2,37.8,3.2,2.88,54.98,12.3,5.6,28.6,24.2
CA,6019,Fresno County,6019008504,6019008504,0.7801,23.2,53804.0,18.2,41.9,2.3,1.72,100.0,7.7,6.8,23.3,23.3
CA,6019,Fresno County,6019008600,6019008600,0.9884,24.1,57581.0,5.6,32.7,22.9,8.14,84.02,19.4,15.5,35.8,10.0
CA,6021,Glenn County,6021010101,6021010101,0.8535,10.0,53582.0,12.7,37.7,3.8,2.1,89.66,16.7,8.8,19.4,14.5
CA,6021,Glenn County,6021010102,6021010102,0.6906,17.7,66890.0,10.2,24.4,7.2,5.28,9.62,10.1,6.1,4.3,7.6
CA,6021,Glenn County,6021010200,6021010200,0.4951,7.5,71280.0,6.8,24.4,3.3,6.8,97.57,13.9,2.8,13.0,5.3
CA,6021,Glenn County,6021010300,6021010300,0.5663,8.6,80625.0,7.9,19.2,4.5,6.92,95.1,21.5,5.7,17.7,3.5
CA,6021,Glenn County,6021010401,6021010401,0.2038,7.1,95250.0,22.1,29.0,0.0,3.77,23.01,6.0,3.8,3.8,2.8
CA,6021,Glenn County,6021010402,6021010402,0.8133,25.3,61806.0,12.6,31.5,2.6,0.0,87.74,9.9,9.2,13.9,7.0
CA,6021,Glenn County,6021010501,6021010501,0.7317,19.0,57667.0,12.1,29.9,2.4,0.0,100.0,12.9,15.4,19.5,12.2
CA,6021,Glenn County,6021010502,6021010502,0.3529,15.8,77292.0,6.2,26.6,1.5,6.11,100.0,8.3,6.6,17.9,3.4
CA,6023,Humboldt County,6023000100,6023000100,0.8195,33.5,35529.0,11.8,66.0,15.7,2.63,12.44,19.5,23.4,11.1,0.8
CA,6023,Humboldt County,6023000200,6023000200,0.622,18.6,48125.0,12.1,44.5,7.0,6.41,28.14,15.6,7.0,13.3,4.9
CA,6023,Humboldt County,6023000300,6023000300,0.5273,13.0,55216.0,4.2,35.4,8.9,3.52,37.33,25.1,6.7,7.9,0.7
CA,6023,Humboldt County,6023000400,6023000400,0.7582,31.8,44925.0,3.1,30.9,18.0,8.22,74.63,23.9,8.6,18.5,1.9
CA,6023,Humboldt County,6023000500,6023000500,0.7573,23.5,41886.0,4.8,45.3,22.6,20.88,52.57,22.6,6.8,15.7,1.8
CA,6023,Humboldt County,6023000600,6023000600,0.4917,10.6,78625.0,6.6,35.0,5.5,4.98,83.56,17.7,6.6,9.4,5.6
CA,6023,Humboldt County,6023000700,6023000700,0.3801,9.0,83438.0,6.5,27.3,5.3,1.35,37.25,16.4,4.9,5.8,0.0
CA,6023,Humboldt County,6023000800,6023000800,0.6548,18.4,54647.0,3.0,34.8,5.1,1.33,40.32,16.7,9.0,10.4,2.8
CA,6023,Humboldt County,6023000900,6023000900,0.4678,18.1,70313.0,9.8,32.9,1.2,6.32,84.25,12.7,7.3,4.5,0.4
CA,6023,Humboldt County,6023001001,6023001001,0.5856,26.9,48220.0,0.9,50.1,10.7,0.0,96.65,8.1,23.7,1.6,0.0
CA,6023,Humboldt County,6023001002,6023001002,0.624,52.4,26719.0,4.1,59.9,17.8,5.56,24.51,19.9,11.1,16.8,0.4
CA,6023,Humboldt County,6023001102,6023001102,0.5769,40.7,42585.0,5.7,55.8,4.1,0.64,30.92,13.7,8.0,9.0,2.2
CA,6023,Humboldt County,6023001103,6023001103,0.2695,16.1,72043.0,1.1,26.1,7.7,6.5,93.56,9.8,18.8,9.2,2.1
CA,6023,Humboldt County,6023001200,6023001200,0.5683,33.0,43159.0,4.1,47.8,2.9,0.68,78.55,17.8,12.9,2.8,0.0
CA,6023,Humboldt County,6023001300,6023001300,0.5579,11.6,63250.0,8.9,22.0,1.9,7.51,100.0,22.3,9.0,10.4,1.4
CA,6023,Humboldt County,6023010102,6023010102,0.4788,12.5,52500.0,4.4,27.9,5.1,3.07,91.03,26.4,5.4,17.4,0.0
CA,6023,Humboldt County,6023010200,6023010200,0.5612,15.3,63438.0,5.0,35.6,3.6,6.31,82.59,16.7,10.2,14.1,0.1
CA,6023,Humboldt County,6023010300,6023010300,0.3499,15.6,74632.0,9.3,20.4,6.4,10.76,93.58,14.9,10.4,10.3,0.0
CA,6023,Humboldt County,6023010400,6023010400,0.2998,9.6,72652.0,0.7,24.0,4.4,0.0,96.3,19.8,5.0,3.6,0.0
CA,6023,Humboldt County,6023010502,6023010502,0.4383,6.9,70134.0,3.4,33.6,6.4,0.78,52.61,15.0,5.5,12.5,0.0
CA,6023,Humboldt County,6023010503,6023010503,0.6007,22.6,56094.0,7.0,40.2,5.0,0.0,99.33,12.8,8.2,4.6,0.9
CA,6023,Humboldt County,6023010504,6023010504,0.4175,18.4,63525.0,6.3,37.8,2.3,9.46,70.82,15.1,17.6,8.4,0.0
CA,6023,Humboldt County,6023010600,6023010600,0.2343,15.8,89444.0,7.4,24.3,1.0,5.27,100.0,10.0,9.7,10.3,0.2
CA,6023,Humboldt County,6023010701,6023010701,0.6492,13.5,80918.0,9.2,29.3,1.8,3.86,58.22,11.8,4.8,6.7,8.1
CA,6023,Humboldt County,6023010702,6023010702,0.6658,26.3,61250.0,5.5,47.0,20.3,3.16,81.68,32.2,7.6,15.1,0.8
CA,6023,Humboldt County,6023010800,6023010800,0.6773,21.5,57596.0,10.3,40.7,6.7,5.57,68.64,19.5,7.9,10.6,1.7
CA,6023,Humboldt County,6023010901,6023010901,0.6466,17.4,58032.0,3.4,33.3,9.8,0.52,27.44,18.5,3.3,13.6,3.8
CA,6023,Humboldt County,6023010902,6023010902,0.3539,17.2,78145.0,6.9,21.2,1.3,0.0,98.2,21.2,12.1,8.3,0.4
CA,6023,Humboldt County,6023011000,6023011000,0.4822,7.1,59891.0,4.3,33.1,1.2,6.66,100.0,17.9,7.3,18.7,3.5
CA,6023,Humboldt County,6023011100,6023011100,0.7198,12.2,44813.0,4.9,43.1,3.9,3.32,86.86,16.5,10.1,18.2,0.8
CA,6023,Humboldt County,6023011200,6023011200,0.4451,15.8,67662.0,6.0,29.7,4.1,3.74,61.68,22.5,10.5,12.5,0.7
CA,6023,Humboldt County,6023011501,6023011501,0.5447,26.5,66327.0,6.6,32.8,5.4,0.0,44.86,15.3,0.0,13.4,4.4
CA,6023,Humboldt County,6023011502,6023011502,0.3448,21.4,41536.0,5.6,42.5,1.6,1.88,81.46,20.2,0.0,34.0,0.0
CA,6023,Humboldt County,6023011600,6023011600,0.7431,37.2,36792.0,9.6,40.9,11.7,1.11,83.87,20.0,1.6,11.7,0.0
CA,6023,Humboldt County,6023940000,6023940000,0.8748,28.3,55583.0,7.1,11.4,9.6,10.63,96.01,27.1,17.8,29.2,5.1
CA,6025,Imperial County,6025010101,6025010101,0.5323,87.9,10742.0,0.0,76.4,90.9,0.0,99.51,34.5,0.0,72.7,2.3
CA,6025,Imperial County,6025010102,6025010102,0.9438,31.3,40281.0,8.7,45.7,9.0,11.38,50.48,11.1,11.1,21.2,19.9
CA,6025,Imperial County,6025010200,6025010200,0.9104,40.2,35966.0,5.0,42.9,9.8,4.12,13.39,11.0,16.1,17.4,12.5
CA,6025,Imperial County,6025010300,6025010300,0.5937,11.1,71101.0,18.0,12.3,3.4,0.54,95.7,12.2,13.0,15.3,15.5
CA,6025,Imperial County,6025010401,6025010401,0.8728,22.8,26357.0,0.9,55.3,12.9,5.24,18.33,9.1,61.6,20.8,33.6
CA,6025,Imperial County,6025010402,6025010402,0.9367,40.3,41123.0,4.4,50.2,10.3,4.58,98.15,8.8,15.4,15.1,28.1
CA,6025,Imperial County,6025010500,6025010500,0.7412,12.6,83304.0,10.9,25.8,15.1,0.1,48.91,21.9,9.9,12.3,10.2
CA,6025,Imperial County,6025010600,6025010600,0.7635,17.0,85766.0,3.5,26.1,4.7,7.71,36.85,16.0,5.9,10.2,6.9
CA,6025,Imperial County,6025010700,6025010700,0.8955,34.5,33023.0,6.0,50.2,3.3,0.0,86.94,12.3,19.9,16.6,23.9
CA,6025,Imperial County,6025010800,6025010800,0.3241,18.3,98281.0,9.1,23.3,4.4,0.0,99.3,6.5,0.0,11.3,2.8
CA,6025,Imperial County,6025010900,6025010900,0.9394,20.2,54500.0,7.8,26.3,5.6,5.72,63.8,15.6,10.8,19.8,25.5
CA,6025,Imperial County,6025011001,6025011001,0.7052,18.9,91839.0,2.4,23.2,0.0,13.06,90.79,19.8,15.9,6.3,10.1
CA,6025,Imperial County,6025011002,6025011002,0.7201,11.0,100631.0,8.6,18.4,2.7,1.14,70.44,11.5,8.1,12.8,8.6
CA,6025,Imperial County,6025011100,6025011100,0.8467,22.3,55141.0,10.8,30.5,4.2,5.42,100.0,13.2,12.3,8.3,15.3
CA,6025,Imperial County,6025011201,6025011201,0.681,9.9,75854.0,5.2,33.2,0.3,2.26,80.76,14.7,6.2,4.4,16.8
CA,6025,Imperial County,6025011202,6025011202,0.9926,32.0,36580.0,3.4,47.9,6.9,0.0,17.85,19.9,16.2,6.9,28.1
CA,6025,Imperial County,6025011301,6025011301,0.8381,16.9,41750.0,16.0,40.0,3.3,1.55,98.46,9.6,0.4,12.1,25.7
CA,6025,Imperial County,6025011302,6025011302,0.9185,35.3,42955.0,5.5,28.0,6.2,9.03,99.21,14.3,15.2,18.0,28.3
CA,6025,Imperial County,6025011303,6025011303,0.7646,14.1,78160.0,11.3,14.2,1.6,1.29,73.67,8.8,7.2,3.5,20.2
CA,6025,Imperial County,6025011400,6025011400,0.9159,28.3,55230.0,10.3,38.7,7.0,10.95,90.45,13.2,6.9,13.3,18.1
CA,6025,Imperial County,6025011500,6025011500,0.9999,28.0,38293.0,8.9,45.3,12.6,15.02,55.74,21.1,18.8,15.9,25.8
CA,6025,Imperial County,6025011600,6025011600,0.8806,23.3,52132.0,3.4,41.6,7.3,15.67,73.72,22.7,7.9,12.6,18.0
CA,6025,Imperial County,6025011700,6025011700,0.7227,15.0,64474.0,9.8,33.2,0.0,0.0,22.31,17.0,15.8,8.0,17.5
CA,6025,Imperial County,6025011801,6025011801,0.4556,6.7,121767.0,4.5,22.4,3.7,4.61,95.61,10.6,5.8,8.7,8.3
CA,6025,Imperial County,6025011802,6025011802,0.8134,13.3,63587.0,3.2,31.6,11.9,8.43,86.21,15.8,7.2,7.0,15.8
CA,6025,Imperial County,6025011803,6025011803,0.5053,18.4,91919.0,3.4,30.3,0.5,3.24,85.08,9.7,4.2,1.0,13.5
CA,6025,Imperial County,6025011901,6025011901,0.5409,13.3,86042.0,22.1,20.6,7.4,5.92,97.39,5.6,2.6,13.6,17.2
CA,6025,Imperial County,6025011902,6025011902,0.9249,31.1,45261.0,5.3,46.2,9.2,0.77,95.02,16.1,13.6,8.8,34.8
CA,6025,Imperial County,6025011903,6025011903,0.585,6.5,110107.0,0.5,36.0,0.0,0.0,87.39,5.1,9.0,3.2,19.3
CA,6025,Imperial County,6025012001,6025012001,0.9864,30.6,36414.0,5.8,51.4,11.0,7.71,41.82,15.5,21.5,17.3,40.6
CA,6025,Imperial County,6025012003,6025012003,0.7008,13.9,87641.0,3.6,28.6,2.5,0.0,56.7,12.5,18.5,5.7,22.9
CA,6025,Imperial County,6025012004,6025012004,0.7563,9.3,58022.0,6.5,45.9,5.7,0.0,42.46,8.1,21.9,7.7,34.7
CA,6025,Imperial County,6025012101,6025012101,0.997,36.8,40305.0,11.9,61.1,30.5,0.71,100.0,19.7,23.1,21.8,25.3
CA,6025,Imperial County,6025012102,6025012102,0.9969,44.0,36250.0,9.8,49.6,6.9,0.62,16.44,16.1,26.7,12.6,38.0
CA,6025,Imperial County,6025012201,6025012201,0.7697,24.4,51328.0,13.4,35.9,1.4,13.79,58.51,8.1,19.5,18.0,31.1
CA,6025,Imperial County,6025012202,6025012202,0.9225,19.9,59821.0,4.9,36.3,7.7,1.02,72.78,15.1,18.9,18.7,35.2
CA,6025,Imperial County,6025012301,6025012301,0.7427,27.7,28661.0,6.9,36.0,7.6,17.71,98.29,8.0,25.0,23.4,4.7
CA,6025,Imperial County,6025012302,6025012302,0.5869,13.2,31971.0,3.4,27.5,0.6,0.0,100.0,17.2,11.6,22.3,28.2
CA,6025,Imperial County,6025012400,6025012400,0.6949,32.3,21250.0,11.6,48.6,20.6,0.48,99.06,25.8,6.9,34.8,3.9
CA,6025,Imperial County,6025940000,6025940000,0.9229,41.5,33462.0,10.8,22.5,16.8,21.83,100.0,17.6,21.0,16.8,2.7
CA,6027,Inyo County,6027000100,6027000100,0.5584,16.8,53015.0,7.0,35.6,0.8,1.1,100.0,16.1,8.8,10.9,0.0
CA,6027,Inyo County,6027000200,6027000200,0.505,11.3,81154.0,10.2,33.2,1.8,0.03,100.0,8.2,2.7,5.6,0.5
CA,6027,Inyo County,6027000300,6027000300,0.2236,6.7,105645.0,1.2,28.2,4.2,1.67,69.99,12.2,5.5,9.2,1.6
CA,6027,Inyo County,6027000400,6027000400,0.5729,10.5,68546.0,10.0,26.0,9.5,0.0,34.0,16.9,4.9,15.8,0.8
CA,6027,Inyo County,6027000500,6027000500,0.4594,9.7,60227.0,3.8,23.2,7.4,0.0,99.23,25.8,4.4,20.7,0.5
CA,6027,Inyo County,6027000800,6027000800,0.4531,16.0,47950.0,4.7,21.9,1.3,3.72,66.91,18.1,2.1,34.1,2.3
CA,6029,Kern County,6029000102,6029000102,0.5136,20.2,63371.0,2.6,39.9,7.7,6.36,39.33,19.0,9.4,9.1,2.0
CA,6029,Kern County,6029000103,6029000103,0.5301,43.8,48250.0,8.3,42.7,5.6,4.12,65.96,10.0,21.2,2.9,0.0
CA,6029,Kern County,6029000104,6029000104,0.5952,21.2,56815.0,14.3,64.4,0.0,0.0,3.25,15.3,13.0,4.2,4.2
CA,6029,Kern County,6029000105,6029000105,0.3518,10.9,75700.0,6.7,38.4,0.8,0.9,97.47,15.2,1.3,2.2,2.5
CA,6029,Kern County,6029000106,6029000106,0.3637,5.2,59965.0,4.3,25.3,9.1,9.24,9.44,10.5,3.0,3.6,0.0
CA,6029,Kern County,6029000201,6029000201,0.791,49.1,29696.0,9.0,58.1,11.9,0.0,65.46,19.4,17.1,9.6,2.3
CA,6029,Kern County,6029000202,6029000202,0.6551,22.2,34883.0,13.4,55.5,20.6,2.31,100.0,10.2,10.2,19.4,4.1
CA,6029,Kern County,6029000300,6029000300,0.864,32.2,45130.0,8.5,47.2,26.6,9.76,45.05,18.2,14.2,10.5,2.4
CA,6029,Kern County,6029000400,6029000400,0.964,41.2,25820.0,5.9,66.3,22.3,7.89,30.02,18.5,16.8,21.1,4.5
CA,6029,Kern County,6029000504,6029000504,0.8293,13.4,57250.0,4.8,35.2,17.2,16.5,92.16,17.3,9.7,9.0,2.8
CA,6029,Kern County,6029000505,6029000505,0.2837,7.8,85992.0,1.6,26.6,4.8,3.17,57.18,23.4,7.7,15.1,0.8
CA,6029,Kern County,6029000506,6029000506,0.3556,10.8,78313.0,3.6,25.4,6.9,5.6,26.45,6.5,2.0,3.7,3.1
CA,6029,Kern County,6029000507,6029000507,0.3236,3.2,96957.0,5.5,13.7,3.8,2.38,95.38,14.8,3.7,7.6,3.4
CA,6029,Kern County,6029000508,6029000508,0.0498,2.5,112689.0,2.7,18.7,0.0,1.29,2.91,7.1,1.1,3.0,1.2
CA,6029,Kern County,6029000509,6029000509,0.0022,6.2,179244.0,4.7,3.5,1.3,0.46,26.61,3.1,3.9,0.0,0.0
CA,6029,Kern County,6029000510,6029000510,0.3337,17.7,147262.0,5.4,8.4,0.0,3.48,1.79,10.8,6.6,0.6,4.6
CA,6029,Kern County,6029000601,6029000601,0.9852,38.0,30938.0,15.6,45.8,20.8,0.86,99.68,30.6,8.9,7.3,6.9
CA,6029,Kern County,6029000602,6029000602,0.6924,48.0,33208.0,7.3,53.7,2.8,8.62,57.96,3.7,2.5,23.7,2.4
CA,6029,Kern County,6029000603,6029000603,0.9573,57.1,25693.0,2.4,35.9,16.1,3.29,41.12,15.0,28.1,16.4,21.9
CA,6029,Kern County,6029000701,6029000701,0.682,32.0,43258.0,8.0,50.6,10.9,0.0,80.4,13.8,4.1,14.2,7.1
CA,6029,Kern County,6029000702,6029000702,0.5298,20.2,67609.0,7.0,28.2,3.3,0.82,42.39,14.1,16.5,7.6,4.0
CA,6029,Kern County,6029000800,6029000800,0.5555,16.7,63527.0,6.4,30.7,3.0,3.44,49.81,14.1,8.1,7.4,2.6
CA,6029,Kern County,6029000902,6029000902,0.6564,15.8,58800.0,7.6,31.8,6.3,0.0,59.43,10.5,7.6,9.9,3.4
CA,6029,Kern County,6029000903,6029000903,0.6552,9.8,77592.0,5.1,24.6,7.4,14.7,64.84,16.8,3.5,10.6,6.3
CA,6029,Kern County,6029000904,6029000904,0.9353,26.7,45458.0,12.2,39.7,6.0,0.0,41.81,15.5,7.3,11.1,5.4
CA,6029,Kern County,6029000905,6029000905,0.5004,6.6,59852.0,3.8,33.4,0.0,4.65,62.59,10.9,6.1,12.7,13.5
CA,6029,Kern County,6029000906,6029000906,0.6574,24.5,60799.0,7.9,37.2,1.7,0.28,28.0,5.9,10.8,14.3,19.7
CA,6029,Kern County,6029000907,6029000907,0.5787,15.7,68438.0,4.4,29.6,4.7,2.1,53.08,8.8,12.2,6.9,8.3
CA,6029,Kern County,6029000908,6029000908,0.6993,12.3,83963.0,4.1,33.0,8.3,4.84,96.74,14.5,3.6,7.6,6.4
CA,6029,Kern County,6029000909,6029000909,0.3707,8.1,93906.0,8.0,22.9,1.3,1.16,91.95,13.3,9.0,6.3,4.5
CA,6029,Kern County,6029000911,6029000911,0.6997,14.9,33966.0,12.6,65.7,16.0,0.0,2.63,5.6,5.5,6.5,6.0
CA,6029,Kern County,6029000912,6029000912,0.8785,30.0,63281.0,4.4,37.9,27.0,1.7,3.2,21.7,3.7,24.7,15.3
CA,6029,Kern County,6029000913,6029000913,0.0652,2.3,131071.0,2.6,4.7,1.7,0.66,61.57,6.5,4.1,0.0,3.7
CA,6029,Kern County,6029000914,6029000914,0.3735,5.0,91215.0,4.2,22.2,1.6,0.0,35.77,5.7,1.7,0.0,2.1
CA,6029,Kern County,6029001001,6029001001,0.63,17.1,91220.0,7.0,30.3,4.6,3.02,1.54,7.2,6.5,14.4,15.6
CA,6029,Kern County,6029001002,6029001002,0.8197,34.2,59375.0,31.1,41.4,6.3,4.64,96.48,7.2,10.0,14.1,27.5
CA,6029,Kern County,6029001003,6029001003,0.7013,10.1,64886.0,7.1,43.3,4.2,0.0,8.86,13.3,4.9,4.7,4.5
CA,6029,Kern County,6029001101,6029001101,0.9416,38.7,29139.0,4.7,57.6,2.1,6.31,33.57,10.5,6.0,27.8,17.3
CA,6029,Kern County,6029001104,6029001104,0.8999,31.4,46957.0,25.0,52.6,1.6,2.49,44.18,13.5,10.9,29.6,16.0
CA,6029,Kern County,6029001105,6029001105,0.8487,18.7,54010.0,11.8,37.0,4.0,0.39,100.0,7.7,8.8,27.7,26.8
CA,6029,Kern County,6029001106,6029001106,0.9757,32.5,39494.0,8.2,53.3,10.9,1.64,8.86,8.7,12.3,35.5,24.8
CA,6029,Kern County,6029001107,6029001107,0.9268,28.2,52825.0,9.9,42.6,7.0,1.89,86.58,11.1,3.6,16.4,29.6
CA,6029,Kern County,6029001201,6029001201,0.9829,31.6,42313.0,8.3,51.0,8.3,0.0,4.39,9.7,14.8,19.0,22.4
CA,6029,Kern County,6029001202,6029001202,0.9824,56.6,29389.0,8.1,52.2,30.2,4.39,16.94,17.2,12.0,20.5,20.2
CA,6029,Kern County,6029001301,6029001301,0.9976,52.4,27793.0,9.3,54.4,21.6,4.35,12.84,12.5,19.9,10.4,18.9
CA,6029,Kern County,6029001302,6029001302,0.9907,69.1,24506.0,7.6,63.0,15.8,0.0,59.5,11.7,19.8,39.3,16.5
CA,6029,Kern County,6029001401,6029001401,0.8833,11.5,36622.0,5.9,57.6,9.0,0.0,91.93,8.9,3.2,16.0,22.1
CA,6029,Kern County,6029001402,6029001402,0.9534,10.1,33155.0,7.3,54.3,19.3,4.16,100.0,12.3,4.2,14.3,7.4
CA,6029,Kern County,6029001500,6029001500,0.9905,35.0,34844.0,9.5,49.1,17.3,3.89,0.0,18.5,17.4,26.1,12.4
CA,6029,Kern County,6029001600,6029001600,0.9461,45.7,18778.0,5.1,58.4,24.9,25.14,78.45,21.6,11.6,15.8,4.6
CA,6029,Kern County,6029001700,6029001700,0.4977,22.8,71486.0,5.4,36.1,4.9,8.84,69.99,11.2,6.3,8.1,0.9
CA,6029,Kern County,6029001801,6029001801,0.8259,21.7,54420.0,9.5,40.9,10.7,8.27,31.47,9.6,8.0,9.3,8.4
CA,6029,Kern County,6029001803,6029001803,0.5519,8.1,70058.0,2.9,42.9,8.6,5.15,98.98,7.5,9.3,8.6,5.3
CA,6029,Kern County,6029001804,6029001804,0.4527,7.6,91250.0,9.9,23.6,3.2,11.6,50.06,13.7,4.1,1.3,0.0
CA,6029,Kern County,6029001901,6029001901,0.6952,19.2,64851.0,11.3,39.1,13.5,9.16,100.0,17.2,3.2,15.5,4.6
CA,6029,Kern County,6029001902,6029001902,0.8894,21.6,50250.0,10.8,39.9,6.0,13.59,67.41,15.0,13.9,6.8,4.0
CA,6029,Kern County,6029002001,6029002001,0.9842,71.0,18156.0,12.2,77.0,22.7,3.55,61.22,16.7,12.6,18.3,6.2
CA,6029,Kern County,6029002002,6029002002,0.9994,61.1,28831.0,9.1,60.3,26.5,3.3,39.2,17.1,27.8,10.6,12.8
CA,6029,Kern County,6029002100,6029002100,0.9902,49.1,32917.0,9.7,57.3,17.2,10.96,49.51,11.4,11.0,18.4,17.9
CA,6029,Kern County,6029002201,6029002201,0.711,25.8,40946.0,14.6,33.6,15.2,6.99,28.03,7.9,8.6,24.8,27.8
CA,6029,Kern County,6029002202,6029002202,0.9843,51.3,38049.0,12.7,51.6,17.8,1.12,77.52,11.7,18.7,23.9,21.6
CA,6029,Kern County,6029002302,6029002302,0.8511,27.4,50755.0,9.9,46.4,11.5,6.56,46.61,5.5,19.0,10.9,15.0
CA,6029,Kern County,6029002303,6029002303,0.9284,26.8,51046.0,21.6,38.1,17.9,5.15,85.15,4.0,9.1,4.3,18.0
CA,6029,Kern County,6029002304,6029002304,0.8283,30.4,47346.0,13.0,42.2,2.8,0.0,75.99,3.4,11.5,3.4,12.2
CA,6029,Kern County,6029002305,6029002305,0.692,12.2,62009.0,19.5,23.9,3.9,3.04,25.32,14.4,10.6,9.3,20.2
CA,6029,Kern County,6029002401,6029002401,0.6244,12.5,90230.0,9.2,26.2,1.2,0.56,99.53,16.9,5.4,26.4,16.5
CA,6029,Kern County,6029002402,6029002402,0.6812,14.3,69403.0,6.3,42.5,0.0,4.56,67.89,4.1,7.4,6.5,14.9
CA,6029,Kern County,6029002403,6029002403,0.9118,40.9,41250.0,3.7,47.2,17.0,5.52,36.76,11.2,8.1,20.1,7.0
CA,6029,Kern County,6029002501,6029002501,0.9809,35.9,40060.0,7.6,41.8,11.3,2.56,42.22,11.8,12.8,9.3,17.2
CA,6029,Kern County,6029002502,6029002502,0.8735,32.4,42050.0,12.7,34.1,6.6,2.17,95.65,1.3,19.5,16.8,22.1
CA,6029,Kern County,6029002503,6029002503,0.7806,33.6,60702.0,9.2,38.9,0.0,0.0,85.81,9.2,7.6,15.1,21.6
CA,6029,Kern County,6029002600,6029002600,0.9525,26.0,40872.0,11.8,45.0,8.7,3.03,60.73,15.5,9.3,11.0,12.5
CA,6029,Kern County,6029002701,6029002701,0.6476,28.3,58301.0,11.2,44.7,1.8,2.27,43.19,12.0,12.3,18.9,13.7
CA,6029,Kern County,6029002702,6029002702,0.8875,14.9,62270.0,9.6,43.0,12.3,6.53,50.0,17.6,8.6,14.3,11.6
CA,6029,Kern County,6029002804,6029002804,0.4309,16.7,45246.0,2.2,41.9,13.4,2.27,56.73,24.4,14.5,16.6,0.4
CA,6029,Kern County,6029002806,6029002806,0.2711,8.0,72632.0,10.1,32.7,0.5,0.0,57.93,4.4,0.7,1.1,5.2
CA,6029,Kern County,6029002807,6029002807,0.2645,6.8,128112.0,2.4,15.9,4.6,5.31,58.0,7.8,3.0,6.6,3.2
CA,6029,Kern County,6029002811,6029002811,0.16,0.9,170986.0,5.5,7.6,4.6,3.03,45.11,14.3,4.4,2.2,4.6
CA,6029,Kern County,6029002813,6029002813,0.8097,20.2,55257.0,13.9,44.5,8.9,0.0,20.05,7.9,11.7,5.1,2.9
CA,6029,Kern County,6029002814,6029002814,0.9239,16.7,41250.0,11.3,50.4,17.4,3.77,17.31,17.3,6.4,19.5,7.8
CA,6029,Kern County,6029002815,6029002815,0.7566,25.2,45287.0,7.7,45.1,8.7,3.45,47.1,10.8,8.5,7.2,5.9
CA,6029,Kern County,6029002816,6029002816,0.8233,22.6,64014.0,9.4,35.1,3.3,4.96,83.05,10.2,9.9,4.7,9.4
CA,6029,Kern County,6029002817,6029002817,0.8683,23.5,52744.0,5.1,47.5,11.9,0.0,38.48,16.0,6.7,7.5,2.8
CA,6029,Kern County,6029002818,6029002818,0.5525,11.4,80588.0,7.2,32.0,0.7,0.0,62.04,8.3,8.4,6.3,1.9
CA,6029,Kern County,6029002819,6029002819,0.4268,8.5,76449.0,5.0,29.3,2.7,0.0,18.54,9.3,9.4,3.8,2.5
CA,6029,Kern County,6029002820,6029002820,0.14,3.0,113603.0,2.5,23.8,0.0,0.45,100.0,7.8,4.9,4.1,5.6
CA,6029,Kern County,6029002821,6029002821,0.2072,4.1,85492.0,4.8,24.6,3.6,0.06,83.19,6.4,2.3,4.2,4.1
CA,6029,Kern County,6029002822,6029002822,0.1636,2.4,156548.0,1.5,19.5,4.7,1.37,19.86,11.0,8.7,0.0,2.0
CA,6029,Kern County,6029002823,6029002823,0.6876,18.5,69817.0,3.5,47.2,8.6,1.49,65.04,9.1,6.4,9.1,1.7
CA,6029,Kern County,6029002824,6029002824,0.739,22.8,39958.0,11.2,56.0,16.8,1.35,0.0,12.7,10.3,11.5,5.1
CA,6029,Kern County,6029002825,6029002825,0.694,29.2,46574.0,5.3,35.7,5.9,3.9,86.99,11.5,10.5,5.3,4.0
CA,6029,Kern County,6029002901,6029002901,0.8302,18.0,44645.0,24.2,53.8,5.4,0.0,54.38,6.0,11.1,22.7,15.0
CA,6029,Kern County,6029002902,6029002902,0.9211,28.6,45761.0,10.0,41.6,16.7,5.14,56.77,18.6,4.9,11.8,9.4
CA,6029,Kern County,6029003001,6029003001,0.9681,23.2,39859.0,10.7,42.5,6.4,2.92,96.73,20.6,12.3,16.8,10.9
CA,6029,Kern County,6029003002,6029003002,0.8863,33.3,37277.0,9.5,46.5,5.1,1.16,49.78,10.7,3.5,24.1,42.5
CA,6029,Kern County,6029003103,6029003103,0.9669,30.1,46788.0,16.7,49.1,13.2,3.07,37.49,15.9,10.2,12.2,15.5
CA,6029,Kern County,6029003112,6029003112,0.8446,11.7,59287.0,8.7,35.0,12.2,0.0,39.86,15.3,3.0,13.8,8.8
CA,6029,Kern County,6029003113,6029003113,0.9533,11.8,57222.0,10.9,39.9,5.3,6.29,7.34,12.5,13.2,4.3,11.6
CA,6029,Kern County,6029003124,6029003124,0.6215,8.1,82574.0,5.0,23.1,3.5,2.3,45.9,9.9,10.2,5.4,4.6
CA,6029,Kern County,6029003125,6029003125,0.8108,20.1,70254.0,3.6,20.7,3.5,1.04,80.16,15.4,5.8,2.5,12.0
CA,6029,Kern County,6029003126,6029003126,0.9686,21.2,49519.0,14.9,51.7,10.3,0.0,9.0,6.9,11.3,19.9,10.5
CA,6029,Kern County,6029003127,6029003127,0.83,21.7,48466.0,17.0,45.7,4.9,2.08,100.0,15.1,5.3,13.6,18.8
CA,6029,Kern County,6029003128,6029003128,0.8668,24.0,47668.0,13.3,53.8,1.1,1.93,74.94,8.2,9.5,23.4,10.5
CA,6029,Kern County,6029003129,6029003129,0.3317,35.7,65825.0,3.8,32.7,0.0,7.42,100.0,7.8,4.9,6.9,4.0
CA,6029,Kern County,6029003130,6029003130,0.2503,1.4,133409.0,3.9,20.5,3.3,7.69,10.35,9.9,12.5,1.6,2.9
CA,6029,Kern County,6029003131,6029003131,0.5305,4.4,73883.0,7.7,33.0,0.0,5.51,82.44,12.6,8.3,4.2,4.8
CA,6029,Kern County,6029003132,6029003132,0.8472,25.3,72024.0,14.8,33.7,6.1,2.29,14.25,10.0,19.9,10.2,12.3
CA,6029,Kern County,6029003133,6029003133,0.8736,28.4,88050.0,9.3,16.6,9.7,0.0,93.3,14.9,12.9,5.0,9.1
CA,6029,Kern County,6029003134,6029003134,0.2476,14.8,81797.0,2.4,39.5,5.3,1.07,29.54,4.6,2.2,5.3,4.4
CA,6029,Kern County,6029003135,6029003135,0.346,4.2,128666.0,13.6,11.1,6.4,7.16,79.56,11.4,5.4,4.1,2.6
CA,6029,Kern County,6029003136,6029003136,0.5685,13.1,59306.0,7.7,28.9,3.1,1.02,27.17,10.2,14.4,10.8,5.8
CA,6029,Kern County,6029003137,6029003137,0.8067,12.6,57475.0,22.1,33.5,5.9,0.23,29.19,11.3,3.0,11.6,15.9
CA,6029,Kern County,6029003203,6029003203,0.3821,11.5,109615.0,3.4,25.0,1.2,0.4,99.79,12.1,13.0,2.0,2.1
CA,6029,Kern County,6029003207,6029003207,0.6294,21.0,80365.0,12.7,36.3,0.0,0.77,22.63,8.3,3.9,0.0,10.7
CA,6029,Kern County,6029003208,6029003208,0.7127,8.0,68573.0,12.8,41.7,8.4,0.09,41.74,8.9,5.3,9.5,9.8
CA,6029,Kern County,6029003209,6029003209,0.5351,14.4,68805.0,8.1,49.9,2.4,3.25,0.19,5.9,7.3,9.4,2.8
CA,6029,Kern County,6029003210,6029003210,0.3174,8.4,70382.0,4.2,42.9,1.4,1.31,100.0,12.3,2.1,5.1,7.8
CA,6029,Kern County,6029003211,6029003211,0.647,8.7,115292.0,9.9,26.7,3.3,0.0,35.18,14.8,3.8,9.1,10.2
CA,6029,Kern County,6029003212,6029003212,0.0833,2.5,168657.0,4.4,6.0,1.6,7.46,100.0,8.4,1.0,4.1,6.8
CA,6029,Kern County,6029003213,6029003213,0.0033,0.8,116845.0,1.8,23.7,0.0,4.3,91.5,3.4,1.6,3.8,0.5
CA,6029,Kern County,6029003214,6029003214,0.7733,7.0,74284.0,7.9,39.7,0.0,0.0,20.65,12.8,9.7,2.3,21.0
CA,6029,Kern County,6029003215,6029003215,0.8435,14.5,68788.0,4.6,31.0,14.6,0.0,52.81,13.0,11.0,7.7,12.0
CA,6029,Kern County,6029003216,6029003216,0.3571,3.9,113155.0,12.0,14.6,0.0,2.87,68.24,5.6,3.7,0.2,16.7
CA,6029,Kern County,6029003217,6029003217,0.1847,8.3,110914.0,7.7,21.9,1.1,0.0,97.75,5.6,5.3,6.9,5.8
CA,6029,Kern County,6029003218,6029003218,0.2088,4.1,97435.0,3.9,17.5,4.0,0.49,0.0,4.4,0.7,4.1,8.5
CA,6029,Kern County,6029003219,6029003219,0.1398,5.5,110500.0,12.0,21.8,2.5,6.24,50.06,2.8,2.6,1.5,2.6
CA,6029,Kern County,6029003220,6029003220,0.1101,1.1,141310.0,8.3,23.0,3.5,3.47,20.56,7.6,1.4,6.3,0.4
CA,6029,Kern County,6029003221,6029003221,0.2428,2.4,120922.0,4.4,21.9,8.5,5.82,98.96,3.0,5.4,1.8,2.3
CA,6029,Kern County,6029003222,6029003222,0.73,16.6,54911.0,35.8,36.0,1.7,2.66,96.59,8.9,24.6,13.7,5.8
CA,6029,Kern County,6029003303,6029003303,0.6376,15.7,50333.0,7.7,26.1,2.3,0.58,90.03,14.8,12.5,15.0,8.7
CA,6029,Kern County,6029003304,6029003304,0.69,13.2,70357.0,13.6,23.7,3.5,4.98,85.58,9.1,14.0,12.9,7.3
CA,6029,Kern County,6029003305,6029003305,0.6494,32.6,40074.0,8.0,50.6,8.5,4.35,50.17,26.5,13.3,6.3,1.9
CA,6029,Kern County,6029003307,6029003307,0.4664,15.9,52791.0,4.4,41.8,2.0,2.45,100.0,16.3,9.1,8.2,1.0
CA,6029,Kern County,6029003308,6029003308,0.5801,20.5,48143.0,11.1,34.2,0.7,11.04,70.63,15.1,17.3,14.7,0.0
CA,6029,Kern County,6029003400,6029003400,0.7642,41.6,42826.0,22.6,43.6,17.5,1.76,47.96,8.5,20.8,12.7,19.5
CA,6029,Kern County,6029003500,6029003500,0.7424,22.2,51770.0,4.5,36.5,15.1,7.85,35.39,22.9,4.9,26.8,5.1
CA,6029,Kern County,6029003600,6029003600,0.6324,27.3,51324.0,7.5,37.6,4.6,8.66,79.96,10.7,12.4,23.8,19.3
CA,6029,Kern County,6029003806,6029003806,0.1386,9.3,129714.0,4.4,15.6,1.0,5.97,11.32,8.8,3.7,2.0,2.4
CA,6029,Kern County,6029003807,6029003807,0.2429,9.4,89483.0,2.5,20.4,1.3,5.95,66.97,10.4,7.6,3.3,1.6
CA,6029,Kern County,6029003808,6029003808,0.4688,9.5,84267.0,3.8,34.0,5.8,0.0,93.12,11.7,3.7,3.5,4.1
CA,6029,Kern County,6029003810,6029003810,0.0325,3.8,141750.0,1.1,9.2,1.9,3.52,28.9,9.7,5.3,0.6,1.8
CA,6029,Kern County,6029003811,6029003811,0.503,4.1,82188.0,10.6,30.1,0.0,0.0,50.26,9.5,8.6,4.6,1.9
CA,6029,Kern County,6029003812,6029003812,0.6846,5.5,86125.0,8.9,21.8,6.5,0.0,22.77,14.7,8.0,10.0,4.9
CA,6029,Kern County,6029003814,6029003814,0.0218,4.7,140608.0,0.2,4.2,0.1,1.26,28.86,4.6,7.4,1.7,0.7
CA,6029,Kern County,6029003815,6029003815,0.1736,13.6,124203.0,2.9,20.1,0.0,5.28,97.0,6.4,4.8,0.0,3.4
CA,6029,Kern County,6029003816,6029003816,0.2813,12.5,99583.0,4.0,28.4,4.7,0.0,18.76,13.3,1.6,14.7,6.3
CA,6029,Kern County,6029003817,6029003817,0.0874,10.3,138516.0,1.4,18.2,0.0,2.06,97.18,3.8,9.4,1.3,1.5
CA,6029,Kern County,6029003818,6029003818,0.2889,11.5,99124.0,3.7,20.0,0.8,0.0,33.24,9.6,6.2,1.2,1.6
CA,6029,Kern County,6029003819,6029003819,0.4235,12.1,98939.0,3.9,24.3,3.5,2.83,99.01,14.7,4.5,8.0,0.9
CA,6029,Kern County,6029003820,6029003820,0.0301,4.1,131563.0,0.0,8.0,0.0,2.4,93.17,14.8,5.1,0.0,1.8
CA,6029,Kern County,6029003821,6029003821,0.183,5.6,144740.0,9.6,19.4,1.6,0.0,89.3,4.2,4.5,1.6,5.5
CA,6029,Kern County,6029003822,6029003822,0.0394,12.1,120156.0,4.2,36.9,1.7,2.0,18.26,4.5,2.9,3.5,0.0
CA,6029,Kern County,6029003823,6029003823,0.1638,1.1,170729.0,2.8,10.9,1.1,1.1,100.0,9.6,2.9,4.6,0.7
CA,6029,Kern County,6029003824,6029003824,0.3083,8.9,84146.0,3.8,15.9,0.9,3.93,94.46,8.0,5.7,2.0,2.1
CA,6029,Kern County,6029003825,6029003825,0.0642,12.1,126932.0,4.0,6.1,0.0,0.39,98.54,2.8,14.8,1.9,0.3
CA,6029,Kern County,6029003826,6029003826,0.003,2.1,159743.0,2.0,10.5,1.0,3.68,97.41,5.1,3.8,0.7,0.0
CA,6029,Kern County,6029003827,6029003827,0.0046,0.1,90230.0,3.0,33.8,0.0,1.72,0.0,2.4,2.0,33.9,3.6
CA,6029,Kern County,6029003900,6029003900,0.4833,19.8,104881.0,3.7,37.0,0.0,3.11,97.88,4.9,4.3,9.5,6.9
CA,6029,Kern County,6029004001,6029004001,0.7678,12.2,74135.0,11.8,32.6,0.0,2.32,98.92,5.0,13.1,2.9,14.0
CA,6029,Kern County,6029004002,6029004002,0.5722,10.4,86563.0,7.0,29.4,1.3,0.09,35.99,2.3,6.4,21.0,18.2
CA,6029,Kern County,6029004101,6029004101,0.8343,30.3,72868.0,3.4,25.5,14.0,2.58,34.19,11.6,8.7,20.1,7.3
CA,6029,Kern County,6029004102,6029004102,0.8031,34.1,34242.0,16.2,46.5,2.3,13.59,82.96,6.7,3.3,28.3,20.9
CA,6029,Kern County,6029004302,6029004302,0.4999,10.0,90230.0,5.8,28.3,4.5,0.0,96.83,10.5,5.8,7.2,3.3
CA,6029,Kern County,6029004303,6029004303,0.9154,14.0,49483.0,12.4,33.1,3.6,0.0,19.32,7.1,10.8,18.3,30.3
CA,6029,Kern County,6029004304,6029004304,0.579,12.2,62800.0,9.4,33.5,1.0,1.04,2.76,5.5,2.9,40.2,41.7
CA,6029,Kern County,6029004305,6029004305,0.2553,20.8,90230.0,7.2,20.2,0.0,3.29,41.44,1.3,6.9,9.6,15.6
CA,6029,Kern County,6029004402,6029004402,0.9629,31.2,27807.0,11.6,44.5,6.3,0.0,17.74,6.6,9.2,45.0,23.7
CA,6029,Kern County,6029004403,6029004403,0.6622,12.8,57872.0,2.7,49.8,5.1,5.84,0.0,8.7,3.1,16.8,20.1
CA,6029,Kern County,6029004404,6029004404,0.7471,28.3,49907.0,6.6,47.8,1.4,0.44,96.37,10.9,13.6,18.0,21.8
CA,6029,Kern County,6029004500,6029004500,0.8563,22.0,46915.0,12.4,30.6,3.5,1.58,52.39,3.0,8.2,45.5,37.1
CA,6029,Kern County,6029004601,6029004601,0.4999,10.0,90230.0,5.8,28.3,4.5,2.77,98.28,10.5,5.8,7.2,4.5
CA,6029,Kern County,6029004603,6029004603,0.4999,10.0,90230.0,5.8,28.3,4.5,2.68,100.0,10.5,5.8,7.2,5.0
CA,6029,Kern County,6029004605,6029004605,0.3449,2.1,93965.0,4.5,18.6,0.0,11.28,56.14,0.5,6.3,13.6,14.6
CA,6029,Kern County,6029004606,6029004606,0.9895,21.4,33906.0,5.9,58.8,6.5,4.53,9.33,12.9,14.0,9.8,20.1
CA,6029,Kern County,6029004607,6029004607,0.5905,12.8,75960.0,3.5,15.1,0.0,0.0,64.16,5.8,8.0,8.2,19.6
CA,6029,Kern County,6029004702,6029004702,0.8722,30.1,35833.0,11.8,47.8,6.3,0.0,7.37,7.9,10.7,35.9,25.2
CA,6029,Kern County,6029004703,6029004703,0.8326,23.0,46250.0,7.0,47.2,4.1,7.83,95.2,2.7,4.6,25.0,21.7
CA,6029,Kern County,6029004704,6029004704,0.827,24.6,44397.0,3.4,34.9,11.2,6.18,49.36,5.4,4.2,22.1,17.1
CA,6029,Kern County,6029004801,6029004801,0.8481,33.7,38295.0,11.6,54.2,4.0,2.42,16.16,6.5,9.1,14.4,25.2
CA,6029,Kern County,6029004802,6029004802,0.9094,35.4,34583.0,7.8,47.1,7.5,1.85,98.6,6.9,17.0,39.4,32.3
CA,6029,Kern County,6029004901,6029004901,0.8876,20.4,41218.0,11.2,38.7,0.0,0.0,8.33,6.0,10.5,19.2,23.2
CA,6029,Kern County,6029004903,6029004903,0.498,4.3,72031.0,5.2,19.7,1.3,1.3,47.47,6.9,5.5,14.7,20.5
CA,6029,Kern County,6029004904,6029004904,0.7608,31.8,41712.0,7.3,38.2,5.5,0.0,43.02,10.2,7.1,17.5,27.3
CA,6029,Kern County,6029005003,6029005003,0.9577,24.9,37188.0,6.2,37.5,3.7,7.47,80.47,5.8,11.6,32.7,25.9
CA,6029,Kern County,6029005005,6029005005,0.8594,27.9,50143.0,8.3,45.0,7.4,11.52,31.13,3.9,16.4,25.4,25.7
CA,6029,Kern County,6029005006,6029005006,0.4946,4.2,95941.0,10.1,23.9,8.7,1.39,33.22,7.7,6.0,8.1,12.6
CA,6029,Kern County,6029005103,6029005103,0.5076,12.9,42409.0,3.9,36.2,6.7,4.64,88.43,37.3,1.3,14.4,7.6
CA,6029,Kern County,6029005104,6029005104,0.1331,5.7,97101.0,1.7,19.4,0.4,4.52,100.0,10.9,4.1,2.6,3.0
CA,6029,Kern County,6029005203,6029005203,0.6273,25.1,44886.0,3.3,35.4,9.3,1.51,80.38,22.7,7.1,17.7,1.1
CA,6029,Kern County,6029005205,6029005205,0.7452,41.0,26775.0,5.5,54.9,11.3,0.0,56.33,14.3,9.6,30.1,2.9
CA,6029,Kern County,6029005206,6029005206,0.4795,40.6,34193.0,3.0,37.0,1.5,1.29,18.05,31.4,25.1,12.5,2.0
CA,6029,Kern County,6029005207,6029005207,0.5718,19.8,40482.0,0.0,39.6,11.0,4.59,90.29,30.9,23.8,16.5,0.0
CA,6029,Kern County,6029005208,6029005208,0.4378,21.8,38208.0,8.9,24.8,5.0,0.0,76.89,24.1,4.6,14.3,3.5
CA,6029,Kern County,6029005300,6029005300,0.8169,20.1,45676.0,4.5,43.2,15.3,18.5,99.44,14.2,11.4,7.4,2.1
CA,6029,Kern County,6029005402,6029005402,0.1345,9.9,94906.0,3.1,15.0,3.9,4.65,95.07,15.0,7.0,7.9,0.2
CA,6029,Kern County,6029005405,6029005405,0.6235,13.6,70172.0,7.0,28.9,3.7,2.18,67.56,21.0,16.2,10.2,4.5
CA,6029,Kern County,6029005406,6029005406,0.4632,4.8,110889.0,1.8,11.2,3.9,2.21,39.37,12.2,6.1,5.7,3.1
CA,6029,Kern County,6029005407,6029005407,0.5497,18.5,64714.0,3.3,26.3,13.4,5.97,9.75,16.6,13.9,16.8,1.5
CA,6029,Kern County,6029005408,6029005408,0.5006,7.0,77460.0,2.3,28.4,4.7,0.0,0.44,12.0,4.1,7.6,4.8
CA,6029,Kern County,6029005409,6029005409,0.3608,7.3,98922.0,3.2,18.6,7.8,4.51,0.82,14.3,12.2,3.7,0.5
CA,6029,Kern County,6029005410,6029005410,0.6154,20.1,90230.0,13.1,26.9,13.3,0.0,44.04,15.2,0.5,18.2,7.6
CA,6029,Kern County,6029005508,6029005508,0.6907,22.5,53125.0,5.6,32.9,5.6,19.29,99.03,21.5,10.8,12.9,6.9
CA,6029,Kern County,6029005509,6029005509,0.4841,13.7,75598.0,5.7,14.8,4.6,1.63,85.27,15.8,10.2,6.8,1.1
CA,6029,Kern County,6029005510,6029005510,0.465,11.3,84871.0,5.0,19.9,4.6,0.77,21.5,23.7,13.0,21.8,0.8
CA,6029,Kern County,6029005511,6029005511,0.645,20.7,54978.0,3.8,39.2,10.1,4.16,93.76,18.7,20.2,10.8,6.5
CA,6029,Kern County,6029005512,6029005512,0.5996,27.6,58214.0,2.6,41.6,1.2,6.67,0.77,26.2,20.7,6.6,0.4
CA,6029,Kern County,6029005513,6029005513,0.3969,8.9,82529.0,4.8,30.4,3.9,1.31,46.45,18.4,0.0,12.6,3.8
CA,6029,Kern County,6029005514,6029005514,0.6269,3.3,77198.0,13.8,17.3,7.7,2.99,66.81,16.2,12.3,23.7,3.8
CA,6029,Kern County,6029005600,6029005600,0.7126,27.5,52969.0,3.0,35.3,9.8,11.37,100.0,29.1,10.9,22.2,3.0
CA,6029,Kern County,6029005700,6029005700,0.2032,2.9,77328.0,0.4,43.3,0.0,0.0,96.97,4.3,11.9,0.0,0.3
CA,6029,Kern County,6029005803,6029005803,0.8523,26.7,58663.0,20.3,32.1,5.6,0.58,96.42,17.2,4.0,13.2,9.2
CA,6029,Kern County,6029005804,6029005804,0.933,24.9,65123.0,7.2,40.1,3.5,3.3,36.33,19.2,14.6,16.4,13.0
CA,6029,Kern County,6029005805,6029005805,0.279,2.7,93147.0,2.8,25.4,3.1,0.0,59.87,17.3,2.5,2.6,2.9
CA,6029,Kern County,6029005806,6029005806,0.3647,8.3,127904.0,4.6,22.8,1.1,7.96,56.42,12.7,10.0,0.0,0.9
CA,6029,Kern County,6029005900,6029005900,0.7629,34.4,46797.0,9.0,45.5,3.0,17.16,91.14,21.9,7.2,20.3,7.2
CA,6029,Kern County,6029006002,6029006002,0.4999,10.0,90230.0,5.8,28.3,4.5,0.57,97.28,10.5,5.8,7.2,7.4
CA,6029,Kern County,6029006003,6029006003,0.3952,12.5,90921.0,6.5,16.7,0.8,4.31,94.41,12.1,9.2,5.4,5.0
CA,6029,Kern County,6029006004,6029006004,0.4739,17.0,58113.0,6.6,22.4,1.5,7.6,100.0,17.5,8.7,23.3,3.0
CA,6029,Kern County,6029006006,6029006006,0.1334,2.9,101500.0,2.1,14.6,0.0,1.57,96.05,17.7,1.7,10.8,0.9
CA,6029,Kern County,6029006009,6029006009,0.019,4.4,106924.0,3.1,13.1,0.0,3.65,3.17,14.3,4.0,7.1,0.0
CA,6029,Kern County,6029006010,6029006010,0.0396,1.9,116444.0,1.0,13.3,1.3,0.0,98.18,15.5,2.1,2.5,2.3
CA,6029,Kern County,6029006011,6029006011,0.3084,5.1,75538.0,5.4,20.0,0.0,4.55,96.37,24.7,2.9,9.3,4.2
CA,6029,Kern County,6029006012,6029006012,0.5634,13.0,86397.0,3.3,30.8,3.8,2.03,64.95,10.9,8.2,14.0,1.8
CA,6029,Kern County,6029006101,6029006101,0.7155,14.6,40953.0,10.1,40.1,2.0,0.35,9.77,15.4,8.2,15.1,1.3
CA,6029,Kern County,6029006102,6029006102,0.4117,8.6,79286.0,3.9,19.6,0.8,4.55,25.59,16.4,7.0,9.0,0.0
CA,6029,Kern County,6029006201,6029006201,0.9507,36.5,44531.0,10.0,40.0,4.2,8.42,100.0,9.1,15.8,8.3,16.1
CA,6029,Kern County,6029006202,6029006202,0.792,16.4,66912.0,9.3,42.8,1.5,4.49,99.7,4.4,8.7,12.1,23.1
CA,6029,Kern County,6029006301,6029006301,0.9861,32.8,42095.0,11.3,43.5,7.9,5.81,45.46,9.5,11.2,28.7,34.2
CA,6029,Kern County,6029006303,6029006303,0.9406,36.9,42705.0,12.7,45.7,7.5,7.3,58.06,3.1,13.0,14.1,25.5
CA,6029,Kern County,6029006304,6029006304,0.9329,35.6,39643.0,8.8,45.9,4.9,1.34,31.77,7.2,11.3,19.1,28.8
CA,6029,Kern County,6029006403,6029006403,0.9417,31.4,40359.0,8.8,47.9,3.5,0.0,15.59,11.1,13.2,23.7,28.3
CA,6029,Kern County,6029006404,6029006404,0.9894,42.6,22245.0,20.1,50.9,25.2,0.0,38.36,7.5,20.3,46.9,34.3
CA,6029,Kern County,6029006405,6029006405,0.8135,18.4,48505.0,10.2,33.5,1.3,4.33,18.05,5.7,10.5,9.5,29.7
CA,6029,Kern County,6029006406,6029006406,0.9114,47.6,28385.0,15.5,70.0,0.9,3.02,95.18,10.9,3.3,24.5,53.0
CA,6029,Kern County,6029006500,6029006500,0.7164,22.1,35694.0,18.0,26.0,1.1,1.51,100.0,28.6,11.5,17.3,4.4
CA,6029,Kern County,6029006600,6029006600,0.7637,24.1,61581.0,7.4,28.2,4.6,2.51,100.0,7.5,8.0,37.1,14.2
CA,6031,Kings County,6031000100,6031000100,0.5017,5.2,79449.0,12.7,19.3,0.5,0.0,100.0,9.5,4.4,27.3,14.1
CA,6031,Kings County,6031000200,6031000200,0.6829,15.1,85089.0,5.1,30.8,3.3,2.28,93.38,18.9,7.8,21.8,7.0
CA,6031,Kings County,6031000402,6031000402,0.3389,7.9,93117.0,7.8,21.1,0.0,7.78,82.45,11.7,6.4,6.8,7.0
CA,6031,Kings County,6031000403,6031000403,0.6669,13.6,74575.0,8.5,29.2,0.6,0.0,28.87,17.1,7.1,11.9,6.9
CA,6031,Kings County,6031000405,6031000405,0.7706,17.3,57063.0,8.7,35.0,2.6,0.0,53.2,10.9,15.8,8.9,10.0
CA,6031,Kings County,6031000406,6031000406,0.1673,4.7,110438.0,4.7,20.5,2.3,4.71,0.69,16.1,2.3,4.4,5.6
CA,6031,Kings County,6031000407,6031000407,0.5417,21.9,73333.0,4.6,41.3,2.9,1.25,49.79,11.1,16.2,11.7,3.3
CA,6031,Kings County,6031000500,6031000500,0.7796,12.8,65750.0,6.1,38.5,5.5,9.48,99.58,11.7,7.5,10.6,14.4
CA,6031,Kings County,6031000602,6031000602,0.3701,3.0,101970.0,2.0,23.1,5.2,7.06,82.3,11.2,8.3,11.5,0.2
CA,6031,Kings County,6031000603,6031000603,0.0265,0.0,138750.0,3.9,15.6,1.4,3.34,59.4,5.2,3.6,0.0,1.8
CA,6031,Kings County,6031000604,6031000604,0.2664,3.8,93172.0,10.9,17.6,1.6,0.0,85.97,9.2,3.7,10.0,7.7
CA,6031,Kings County,6031000701,6031000701,0.272,9.5,88953.0,5.1,20.1,2.3,3.21,89.62,12.7,7.3,5.8,0.5
CA,6031,Kings County,6031000702,6031000702,0.4001,13.5,76193.0,1.6,25.7,1.4,7.14,73.8,15.5,6.8,5.2,2.4
CA,6031,Kings County,6031000800,6031000800,0.7935,20.6,66316.0,6.4,30.7,7.9,11.15,78.71,17.6,7.3,14.9,6.4
CA,6031,Kings County,6031000901,6031000901,0.9213,29.2,37841.0,3.3,61.4,24.8,5.22,62.0,22.0,15.4,18.1,7.0
CA,6031,Kings County,6031000902,6031000902,0.9035,16.8,55472.0,4.5,37.4,11.1,5.2,32.97,17.0,5.9,32.8,9.0
CA,6031,Kings County,6031001001,6031001001,0.6435,8.8,89614.0,4.1,18.3,3.5,2.29,37.29,13.7,7.5,3.6,2.2
CA,6031,Kings County,6031001002,6031001002,0.9906,41.8,43462.0,11.0,43.5,15.3,3.14,35.77,12.8,9.6,25.7,23.5
CA,6031,Kings County,6031001003,6031001003,0.6004,7.2,71972.0,10.7,24.2,0.4,0.92,69.55,7.9,10.7,14.2,10.4
CA,6031,Kings County,6031001100,6031001100,0.995,31.9,37377.0,6.5,35.8,14.3,7.25,56.77,17.5,12.2,26.7,19.0
CA,6031,Kings County,6031001200,6031001200,0.4006,10.1,69292.0,7.1,19.3,0.0,0.0,100.0,8.1,5.1,15.1,11.0
CA,6031,Kings County,6031001300,6031001300,0.9379,41.9,33260.0,4.3,46.4,10.5,11.61,83.04,11.3,22.6,22.6,9.8
CA,6031,Kings County,6031001401,6031001401,0.9088,12.9,46000.0,12.1,41.3,7.7,10.22,87.0,11.7,6.4,47.1,30.2
CA,6031,Kings County,6031001402,6031001402,0.969,31.3,50357.0,7.8,31.4,10.6,2.56,22.21,15.8,11.6,15.7,17.5
CA,6031,Kings County,6031001500,6031001500,0.883,21.9,77996.0,7.0,28.9,7.3,2.24,37.69,15.5,5.2,15.1,14.1
CA,6031,Kings County,6031001601,6031001601,0.8074,26.4,47271.0,16.3,15.8,0.3,2.71,100.0,9.7,11.2,26.9,23.5
CA,6031,Kings County,6031001702,6031001702,0.8907,28.8,46925.0,15.2,48.7,4.0,0.0,100.0,11.1,13.8,11.3,28.9
CA,6031,Kings County,6031001703,6031001703,0.8261,10.9,58898.0,13.2,34.6,0.8,2.15,18.51,6.0,9.9,1.4,27.8
CA,6031,Kings County,6031980000,6031980000,0.256,10.2,63870.0,0.2,59.6,2.7,2.41,28.19,6.4,8.9,0.0,0.3
CA,6031,Kings County,6031980100,6031980100,0.4999,10.0,90230.0,5.8,28.3,4.5,0.0,99.93,10.5,5.8,7.2,7.1
CA,6031,Kings County,6031981800,6031981800,0.4999,10.0,90230.0,5.8,28.3,4.5,0.26,96.26,10.5,5.8,7.2,9.5
CA,6033,Lake County,6033000100,6033000100,0.6624,22.4,69620.0,15.3,18.5,2.0,0.95,100.0,15.9,10.6,15.3,1.8
CA,6033,Lake County,6033000300,6033000300,0.5747,13.3,68375.0,2.3,36.9,4.1,13.2,94.15,16.3,8.8,11.2,2.9
CA,6033,Lake County,6033000401,6033000401,0.1634,7.2,107708.0,1.4,9.9,0.0,0.0,0.0,10.1,0.0,3.4,3.3
CA,6033,Lake County,6033000402,6033000402,0.6476,15.8,45761.0,3.8,33.2,17.1,0.0,16.82,27.1,10.8,31.1,0.8
CA,6033,Lake County,6033000501,6033000501,0.6582,17.5,45860.0,8.1,37.3,13.8,0.0,100.0,24.5,8.9,14.9,1.9
CA,6033,Lake County,6033000502,6033000502,0.5191,13.4,69554.0,1.0,25.9,10.4,1.93,89.6,27.1,5.5,14.6,0.9
CA,6033,Lake County,6033000601,6033000601,0.6635,20.9,42399.0,4.9,35.3,3.2,5.1,74.77,36.2,18.1,22.4,5.6
CA,6033,Lake County,6033000602,6033000602,0.6011,23.8,44375.0,5.9,38.4,0.6,0.0,37.09,16.9,6.9,22.1,1.1
CA,6033,Lake County,6033000702,6033000702,0.9032,25.5,40346.0,9.3,53.1,6.7,4.13,69.62,20.5,20.8,29.4,6.0
CA,6033,Lake County,6033000703,6033000703,0.8128,13.1,36297.0,7.1,41.4,9.7,7.87,81.45,23.4,12.7,17.8,1.4
CA,6033,Lake County,6033000704,6033000704,0.7157,22.4,53682.0,10.5,38.0,4.0,1.98,33.35,16.6,20.2,20.8,2.8
CA,6033,Lake County,6033000801,6033000801,0.8819,29.8,38887.0,2.8,37.0,16.2,13.58,64.53,22.1,18.1,17.7,4.5
CA,6033,Lake County,6033000802,6033000802,0.8985,25.9,44728.0,8.3,39.5,13.6,6.24,24.21,22.1,11.6,19.0,4.4
CA,6033,Lake County,6033000901,6033000901,0.2219,4.0,77466.0,1.6,20.6,0.0,4.22,99.64,19.5,9.9,18.8,0.0
CA,6033,Lake County,6033000902,6033000902,0.3691,8.4,80085.0,0.0,27.2,1.9,0.58,100.0,23.7,9.4,13.8,1.4
CA,6033,Lake County,6033001000,6033001000,0.768,18.0,55573.0,13.3,32.4,1.8,11.45,96.95,14.9,9.3,13.9,6.8
CA,6033,Lake County,6033001101,6033001101,0.4418,12.9,73083.0,8.0,36.9,0.0,3.77,65.24,20.9,2.6,14.6,1.0
CA,6033,Lake County,6033001102,6033001102,0.2154,2.4,64507.0,2.7,27.5,0.0,6.55,72.73,20.0,9.7,4.8,0.0
CA,6033,Lake County,6033001200,6033001200,0.5456,28.4,44436.0,2.4,32.2,5.4,4.59,98.7,17.5,5.1,14.5,7.9
CA,6033,Lake County,6033001301,6033001301,0.1388,5.6,79688.0,4.2,37.7,2.5,0.0,30.9,14.0,5.5,2.5,0.0
CA,6033,Lake County,6033001302,6033001302,0.6869,6.9,86729.0,9.6,22.3,1.6,4.56,100.0,21.4,14.3,16.3,2.0
CA,6035,Lassen County,6035040100,6035040100,0.5416,12.7,45329.0,11.5,32.4,2.2,5.91,94.72,14.0,7.7,13.2,1.1
CA,6035,Lassen County,6035040200,6035040200,0.6018,22.9,49306.0,4.3,37.5,1.7,6.76,100.0,23.5,15.9,16.7,0.6
CA,6035,Lassen County,6035040302,6035040302,0.3782,5.1,90804.0,8.8,19.4,3.7,0.0,100.0,14.0,5.3,9.0,2.8
CA,6035,Lassen County,6035040303,6035040303,0.8011,13.3,52411.0,6.6,33.0,16.5,12.23,51.77,19.7,12.9,11.9,0.0
CA,6035,Lassen County,6035040304,6035040304,0.6415,35.5,47664.0,10.6,35.4,10.9,1.84,22.13,25.3,1.7,26.5,0.0
CA,6035,Lassen County,6035040305,6035040305,0.3645,11.5,67938.0,3.4,22.4,3.2,5.69,79.3,11.5,5.8,10.1,1.5
CA,6035,Lassen County,6035040400,6035040400,0.2612,9.4,86080.0,6.1,14.6,0.0,0.96,99.62,11.9,0.8,5.9,2.6
CA,6035,Lassen County,6035040500,6035040500,0.4249,7.1,64414.0,3.5,26.6,2.3,3.17,100.0,18.7,5.7,8.3,6.5
CA,6035,Lassen County,6035040600,6035040600,0.7268,32.4,47302.0,15.2,35.5,4.0,0.0,95.89,27.1,14.7,27.2,3.3
CA,6037,Los Angeles County,6037101110,6037101110,0.5696,8.7,68972.0,4.5,39.0,11.0,8.65,76.38,11.2,7.8,12.1,8.1
CA,6037,Los Angeles County,6037101122,6037101122,0.265,6.7,118859.0,4.2,19.2,0.6,3.44,100.0,10.7,9.6,2.3,7.0
CA,6037,Los Angeles County,6037101220,6037101220,0.6467,16.0,65139.0,8.7,36.6,4.9,0.0,76.42,18.0,12.7,10.9,18.7
CA,6037,Los Angeles County,6037101221,6037101221,0.8717,9.6,53348.0,9.7,60.0,18.9,2.44,96.74,27.0,4.3,18.8,17.0
CA,6037,Los Angeles County,6037101222,6037101222,0.7934,15.9,36779.0,7.8,55.5,24.0,4.42,55.48,23.6,11.8,25.4,21.9
CA,6037,Los Angeles County,6037101300,6037101300,0.4792,6.1,121490.0,2.9,20.9,2.2,3.08,16.48,15.5,7.3,4.4,10.4
CA,6037,Los Angeles County,6037101400,6037101400,0.7544,5.6,85945.0,8.3,35.9,15.5,3.46,59.58,14.2,8.5,6.3,10.1
CA,6037,Los Angeles County,6037102103,6037102103,0.4655,13.1,65250.0,3.5,51.7,10.7,8.89,72.81,11.7,8.7,13.1,5.9
CA,6037,Los Angeles County,6037102104,6037102104,0.5268,5.4,106250.0,6.3,24.4,4.4,5.55,100.0,9.7,5.5,12.2,4.2
CA,6037,Los Angeles County,6037102105,6037102105,0.2988,4.4,92917.0,5.6,32.9,1.4,7.09,100.0,5.3,3.4,6.8,14.2
CA,6037,Los Angeles County,6037102107,6037102107,0.533,13.4,97778.0,4.5,33.8,7.6,1.52,63.27,15.3,6.9,7.1,4.2
CA,6037,Los Angeles County,6037103101,6037103101,0.1607,3.3,125694.0,9.1,13.0,1.9,0.0,100.0,13.8,8.6,0.6,1.7
CA,6037,Los Angeles County,6037103102,6037103102,0.5627,8.5,84750.0,4.2,33.4,10.1,3.1,45.6,13.7,11.8,7.9,16.0
CA,6037,Los Angeles County,6037103201,6037103201,0.8662,10.4,84281.0,9.1,43.1,16.9,2.91,19.24,13.4,10.0,5.6,10.2
CA,6037,Los Angeles County,6037103202,6037103202,0.0655,2.3,112491.0,0.2,12.8,0.0,0.61,99.42,11.1,1.1,11.8,0.7
CA,6037,Los Angeles County,6037103300,6037103300,0.2046,6.2,133333.0,1.6,23.4,4.8,6.87,100.0,8.8,8.9,9.4,0.7
CA,6037,Los Angeles County,6037103401,6037103401,0.3488,4.3,96884.0,2.5,32.2,1.1,9.89,2.56,8.7,10.3,6.1,8.7
CA,6037,Los Angeles County,6037103402,6037103402,0.3803,6.3,113393.0,3.7,19.1,2.5,0.0,4.86,11.6,2.9,2.2,5.4
CA,6037,Los Angeles County,6037104103,6037104103,0.6517,4.7,107614.0,10.7,28.2,1.7,6.16,40.78,12.4,8.0,2.9,14.3
CA,6037,Los Angeles County,6037104105,6037104105,0.9606,22.7,58897.0,9.7,51.5,4.6,1.39,75.57,11.4,8.3,20.4,18.6
CA,6037,Los Angeles County,6037104108,6037104108,0.9277,14.2,62639.0,7.5,44.1,13.5,12.09,11.9,12.0,5.1,12.8,21.3
CA,6037,Los Angeles County,6037104124,6037104124,0.6835,12.2,76071.0,9.9,42.4,1.9,1.12,89.1,11.5,14.4,10.5,10.2
CA,6037,Los Angeles County,6037104201,6037104201,0.5913,11.4,93726.0,5.5,32.7,4.4,3.43,87.17,12.6,5.5,18.7,17.1
CA,6037,Los Angeles County,6037104203,6037104203,0.8295,20.3,65000.0,14.1,37.5,3.8,0.0,33.48,10.4,9.1,7.4,30.5
CA,6037,Los Angeles County,6037104204,6037104204,0.8606,12.8,75179.0,8.3,34.3,0.0,7.02,72.26,12.8,5.1,4.2,15.0
CA,6037,Los Angeles County,6037104310,6037104310,0.7065,7.8,87463.0,14.7,32.7,1.3,13.4,74.58,14.2,6.9,11.2,22.0
CA,6037,Los Angeles County,6037104321,6037104321,0.9165,22.9,36649.0,11.1,53.3,27.4,3.75,28.23,10.7,8.7,14.9,25.0
CA,6037,Los Angeles County,6037104322,6037104322,0.7649,5.1,72188.0,22.1,42.5,7.6,24.64,63.15,7.6,0.0,10.1,34.6
CA,6037,Los Angeles County,6037104401,6037104401,0.799,23.3,69306.0,16.4,39.5,10.5,0.0,13.08,9.9,5.1,4.4,22.0
CA,6037,Los Angeles County,6037104403,6037104403,0.6897,16.2,89653.0,14.8,30.4,7.3,5.76,7.49,8.8,6.9,12.5,17.8
CA,6037,Los Angeles County,6037104404,6037104404,0.8574,16.6,80556.0,15.8,39.0,10.7,2.65,0.0,11.9,9.2,16.7,26.8
CA,6037,Los Angeles County,6037104500,6037104500,0.7344,32.5,71058.0,7.3,37.1,5.3,0.6,74.93,10.6,4.5,12.8,25.1
CA,6037,Los Angeles County,6037104610,6037104610,0.8247,8.7,84107.0,11.5,35.9,10.2,4.03,12.1,14.5,2.0,20.0,27.4
CA,6037,Los Angeles County,6037104620,6037104620,0.766,17.7,81316.0,9.6,27.7,2.8,2.24,60.46,11.0,5.1,13.9,30.1
CA,6037,Los Angeles County,6037104701,6037104701,0.9848,23.2,49844.0,10.0,48.0,12.5,6.2,1.82,13.3,9.1,23.4,23.5
CA,6037,Los Angeles County,6037104703,6037104703,0.9866,16.9,48229.0,11.3,46.9,12.6,5.63,50.64,12.9,7.8,5.1,21.7
CA,6037,Los Angeles County,6037104704,6037104704,0.9194,24.0,56512.0,10.4,46.4,2.8,2.45,63.25,9.3,4.5,7.3,15.9
CA,6037,Los Angeles County,6037104821,6037104821,0.9412,17.5,69423.0,11.6,37.6,5.7,0.0,0.0,15.5,7.7,11.2,21.1
CA,6037,Los Angeles County,6037104822,6037104822,0.9746,25.7,48278.0,13.9,48.4,23.1,2.64,41.58,12.8,11.7,7.9,27.9
CA,6037,Los Angeles County,6037104823,6037104823,0.8043,25.6,81406.0,10.4,37.8,5.3,9.81,66.54,11.7,8.2,14.6,21.4
CA,6037,Los Angeles County,6037104824,6037104824,0.451,4.6,88088.0,15.2,17.1,2.5,1.53,45.42,9.5,2.8,7.5,16.0
CA,6037,Los Angeles County,6037106010,6037106010,0.4637,5.2,125556.0,4.8,17.2,3.3,5.46,100.0,11.9,4.8,3.7,8.0
CA,6037,Los Angeles County,6037106020,6037106020,0.5954,18.9,115282.0,17.3,26.3,1.9,0.91,76.18,14.4,10.4,4.1,11.8
CA,6037,Los Angeles County,6037106111,6037106111,0.567,5.1,124375.0,8.4,14.5,6.1,0.0,100.0,12.5,7.1,1.5,7.3
CA,6037,Los Angeles County,6037106112,6037106112,0.5331,14.6,109333.0,5.3,25.2,1.4,0.0,92.27,14.0,3.0,11.5,8.6
CA,6037,Los Angeles County,6037106113,6037106113,0.6055,5.5,111861.0,6.9,26.7,1.4,0.0,50.92,11.0,7.5,5.0,8.7
CA,6037,Los Angeles County,6037106114,6037106114,0.7303,21.9,75179.0,7.8,39.4,3.4,10.27,25.22,10.6,4.9,10.5,10.9
CA,6037,Los Angeles County,6037106403,6037106403,0.6086,7.6,91364.0,5.9,30.1,4.8,0.77,19.04,11.8,5.0,14.9,14.8
CA,6037,Los Angeles County,6037106405,6037106405,0.7062,20.6,86159.0,11.7,20.9,4.5,1.81,98.2,16.3,11.1,7.2,11.4
CA,6037,Los Angeles County,6037106406,6037106406,0.6877,3.8,99298.0,12.4,22.0,3.2,3.87,100.0,14.1,3.1,3.6,13.2
CA,6037,Los Angeles County,6037106407,6037106407,0.9942,32.8,34360.0,10.1,69.3,21.9,0.0,38.77,14.6,9.1,17.9,19.8
CA,6037,Los Angeles County,6037106408,6037106408,0.9177,32.5,54259.0,12.8,48.4,4.2,0.0,10.58,10.4,5.8,9.5,16.1
CA,6037,Los Angeles County,6037106510,6037106510,0.7461,15.4,113750.0,10.5,21.6,1.2,0.0,99.23,8.8,9.1,7.4,10.9
CA,6037,Los Angeles County,6037106520,6037106520,0.8033,15.2,90292.0,12.3,37.3,1.9,5.07,99.59,9.8,5.6,10.4,13.7
CA,6037,Los Angeles County,6037106603,6037106603,0.2614,6.1,135368.0,2.8,24.1,5.3,0.0,100.0,9.4,4.9,4.1,4.0
CA,6037,Los Angeles County,6037106604,6037106604,0.7535,11.3,63976.0,10.0,41.9,5.6,4.02,100.0,13.7,2.6,9.8,15.1
CA,6037,Los Angeles County,6037106641,6037106641,0.2821,6.2,114444.0,9.9,19.2,4.4,3.44,100.0,12.4,6.7,4.7,7.8
CA,6037,Los Angeles County,6037106642,6037106642,0.2698,8.1,137426.0,2.6,15.4,5.0,3.59,88.52,12.2,6.8,8.4,1.9
CA,6037,Los Angeles County,6037106643,6037106643,0.0936,1.7,197411.0,0.2,9.8,4.2,8.65,98.95,12.3,5.2,4.7,9.9
CA,6037,Los Angeles County,6037106645,6037106645,0.247,5.1,128382.0,4.6,20.7,4.7,0.0,100.0,7.4,10.8,5.0,3.6
CA,6037,Los Angeles County,6037106646,6037106646,0.4148,6.4,120865.0,3.1,24.9,2.4,1.93,74.76,12.8,9.0,8.4,6.4
CA,6037,Los Angeles County,6037106648,6037106648,0.9457,15.8,68583.0,10.1,46.5,3.2,5.62,72.44,17.1,1.5,17.0,21.4
CA,6037,Los Angeles County,6037106649,6037106649,0.6075,7.1,101528.0,9.3,25.6,2.2,0.0,48.35,9.0,7.4,5.9,13.9
CA,6037,Los Angeles County,6037107010,6037107010,0.7066,3.8,82109.0,10.1,30.5,4.9,0.0,38.95,11.7,5.0,7.8,23.8
CA,6037,Los Angeles County,6037107020,6037107020,0.7071,21.0,81625.0,7.7,35.9,7.1,1.1,70.32,5.9,8.9,10.0,13.3
CA,6037,Los Angeles County,6037108101,6037108101,0.0658,4.5,150000.0,3.3,11.9,2.6,4.19,100.0,7.8,5.3,8.1,5.7
CA,6037,Los Angeles County,6037108102,6037108102,0.3508,15.9,125540.0,3.3,23.9,1.4,0.41,46.9,10.1,7.4,2.6,9.1
CA,6037,Los Angeles County,6037108103,6037108103,0.0285,5.6,149118.0,0.9,15.3,0.8,1.44,97.72,8.6,5.6,1.6,3.5
CA,6037,Los Angeles County,6037108104,6037108104,0.1494,1.8,150550.0,10.3,11.8,2.0,0.0,100.0,5.5,1.6,7.8,4.3
CA,6037,Los Angeles County,6037108202,6037108202,0.0831,3.2,164905.0,3.3,23.0,1.4,0.0,80.86,5.6,2.3,3.0,3.4
CA,6037,Los Angeles County,6037108203,6037108203,0.1004,4.6,134917.0,3.5,18.2,1.4,1.74,28.81,8.4,3.2,0.0,5.2
CA,6037,Los Angeles County,6037108204,6037108204,0.1367,2.1,169178.0,0.5,21.7,13.4,3.84,99.67,8.5,1.4,0.9,3.5
CA,6037,Los Angeles County,6037109100,6037109100,0.8852,9.0,81500.0,7.0,33.2,15.5,11.33,84.17,18.2,7.8,21.4,21.2
CA,6037,Los Angeles County,6037109200,6037109200,0.32,4.7,119917.0,1.6,14.6,4.7,0.0,96.69,12.5,2.4,8.5,6.4
CA,6037,Los Angeles County,6037109300,6037109300,0.3041,6.1,112738.0,2.7,16.9,3.3,6.11,100.0,10.6,4.6,7.7,8.8
CA,6037,Los Angeles County,6037109400,6037109400,0.6395,4.3,93571.0,9.6,28.2,1.9,4.8,100.0,11.0,1.8,15.9,15.2
CA,6037,Los Angeles County,6037109500,6037109500,0.722,14.7,62500.0,8.5,47.1,2.8,0.0,79.57,11.6,8.5,12.2,13.6
CA,6037,Los Angeles County,6037109601,6037109601,0.4001,5.3,114853.0,10.4,22.1,0.7,0.31,77.76,9.0,7.8,3.7,7.9
CA,6037,Los Angeles County,6037109603,6037109603,0.7336,13.8,76545.0,7.4,39.9,3.0,0.0,21.77,11.9,5.2,10.0,15.0
CA,6037,Los Angeles County,6037109604,6037109604,0.4132,8.6,101822.0,7.3,25.7,4.3,0.0,19.35,9.3,4.4,4.8,10.3
CA,6037,Los Angeles County,6037109700,6037109700,0.5001,7.8,110500.0,3.1,31.3,3.7,0.0,14.57,14.1,8.9,8.5,4.6
CA,6037,Los Angeles County,6037109800,6037109800,0.6335,9.6,74803.0,5.4,41.3,6.3,7.08,26.89,17.1,7.2,8.7,7.2
CA,6037,Los Angeles County,6037111100,6037111100,0.3912,5.2,117813.0,6.2,21.4,2.2,0.0,25.65,11.2,5.2,6.1,5.6
CA,6037,Los Angeles County,6037111201,6037111201,0.2329,6.7,111439.0,4.3,27.1,2.9,3.27,34.77,8.4,8.9,3.9,4.5
CA,6037,Los Angeles County,6037111202,6037111202,0.6502,9.9,110686.0,18.2,23.3,9.2,0.0,31.96,8.5,12.9,4.8,12.5
CA,6037,Los Angeles County,6037111204,6037111204,0.1007,1.8,172376.0,3.3,14.2,2.5,5.55,49.7,10.8,4.9,0.0,6.6
CA,6037,Los Angeles County,6037111205,6037111205,0.29,7.9,103125.0,3.5,22.0,1.4,1.01,21.53,6.7,5.6,2.0,3.3
CA,6037,Los Angeles County,6037111206,6037111206,0.2179,5.8,154563.0,5.9,17.2,1.3,0.0,51.0,10.6,5.1,2.5,1.7
CA,6037,Los Angeles County,6037111302,6037111302,0.7647,10.8,88458.0,7.5,41.6,11.1,11.76,77.77,14.9,5.1,8.7,6.9
CA,6037,Los Angeles County,6037111303,6037111303,0.655,7.3,89688.0,6.6,39.5,0.9,2.4,8.46,19.0,11.2,7.7,4.5
CA,6037,Los Angeles County,6037111304,6037111304,0.5019,30.9,49583.0,17.6,69.0,2.7,0.0,100.0,11.2,1.8,10.1,4.4
CA,6037,Los Angeles County,6037111401,6037111401,0.414,3.3,130729.0,5.7,27.3,5.5,1.45,99.94,10.9,2.1,11.1,1.8
CA,6037,Los Angeles County,6037111402,6037111402,0.9148,16.3,56257.0,15.7,45.1,18.0,1.33,90.61,13.9,9.7,17.0,14.8
CA,6037,Los Angeles County,6037113101,6037113101,0.2958,10.3,121458.0,1.2,25.9,4.6,0.0,41.26,17.0,6.4,8.3,6.6
CA,6037,Los Angeles County,6037113102,6037113102,0.1001,5.1,179688.0,1.3,17.0,1.6,3.77,49.07,12.8,3.5,7.3,3.3
CA,6037,Los Angeles County,6037113211,6037113211,0.1784,6.0,109798.0,0.5,22.0,0.6,3.06,98.13,6.6,5.3,2.1,1.3
CA,6037,Los Angeles County,6037113212,6037113212,0.7308,3.1,91987.0,5.3,30.2,2.9,0.0,10.6,8.6,10.9,9.1,12.7
CA,6037,Los Angeles County,6037113213,6037113213,0.3525,4.4,118405.0,3.6,18.6,2.7,6.48,72.32,7.8,3.1,5.6,5.5
CA,6037,Los Angeles County,6037113231,6037113231,0.0951,6.3,122094.0,3.2,16.8,2.6,0.0,100.0,6.1,7.7,1.9,2.4
CA,6037,Los Angeles County,6037113232,6037113232,0.2313,8.4,143471.0,2.8,17.6,0.7,0.0,79.4,12.1,6.7,3.3,3.1
CA,6037,Los Angeles County,6037113234,6037113234,0.9781,15.7,71268.0,18.1,34.9,6.8,4.06,27.84,15.1,11.0,11.7,24.3
CA,6037,Los Angeles County,6037113235,6037113235,0.256,4.3,94010.0,1.3,21.6,1.4,1.26,100.0,12.6,9.4,1.4,0.7
CA,6037,Los Angeles County,6037113237,6037113237,0.3698,6.4,150278.0,3.8,24.0,3.9,2.1,98.23,12.8,2.8,2.4,1.1
CA,6037,Los Angeles County,6037113238,6037113238,0.5885,13.0,63333.0,4.3,48.3,5.3,10.4,100.0,7.2,4.0,8.8,16.9
CA,6037,Los Angeles County,6037113239,6037113239,0.9369,14.1,47297.0,15.1,60.9,26.0,2.81,70.08,25.4,10.5,7.4,9.4
CA,6037,Los Angeles County,6037113301,6037113301,0.4915,12.0,122692.0,4.3,25.8,8.0,1.18,25.36,12.2,9.6,6.1,5.8
CA,6037,Los Angeles County,6037113303,6037113303,0.4382,6.8,108924.0,4.3,24.5,10.2,3.94,76.77,10.5,5.0,16.3,5.2
CA,6037,Los Angeles County,6037113322,6037113322,0.5302,3.2,118286.0,3.8,19.4,6.3,0.0,50.93,18.5,5.5,5.2,4.1
CA,6037,Los Angeles County,6037113323,6037113323,0.5573,8.6,86838.0,7.9,41.4,4.5,0.0,1.9,10.1,5.6,9.2,2.9
CA,6037,Los Angeles County,6037113324,6037113324,0.4427,6.1,98214.0,29.4,25.0,4.8,4.35,31.27,4.5,3.2,7.2,17.0
CA,6037,Los Angeles County,6037113423,6037113423,0.566,16.3,77078.0,4.8,35.7,3.2,2.78,21.39,7.8,10.2,8.9,9.4
CA,6037,Los Angeles County,6037113424,6037113424,0.6665,8.2,106726.0,8.6,28.4,6.4,0.0,45.85,17.6,5.2,7.6,6.2
CA,6037,Los Angeles County,6037113425,6037113425,0.767,8.2,67031.0,12.3,52.6,8.2,5.67,33.29,6.9,6.9,2.6,13.0
CA,6037,Los Angeles County,6037113426,6037113426,0.756,21.4,63750.0,14.1,46.2,7.8,0.06,81.99,19.5,7.0,5.6,15.6
CA,6037,Los Angeles County,6037113427,6037113427,0.7116,14.5,62071.0,15.5,57.4,3.7,1.62,94.48,7.7,4.3,7.5,11.8
CA,6037,Los Angeles County,6037113428,6037113428,0.3846,10.1,117545.0,5.7,21.3,2.6,0.0,48.32,8.1,11.1,9.3,3.5
CA,6037,Los Angeles County,6037115101,6037115101,0.386,11.1,150280.0,7.5,27.3,8.7,3.95,73.85,12.3,6.5,6.1,4.5
CA,6037,Los Angeles County,6037115103,6037115103,0.271,15.4,90230.0,5.0,50.0,0.0,6.35,90.6,10.5,10.1,0.0,0.3
CA,6037,Los Angeles County,6037115104,6037115104,0.696,24.9,60682.0,9.6,48.7,13.9,8.91,89.62,9.6,11.1,6.3,4.5
CA,6037,Los Angeles County,6037115202,6037115202,0.6041,21.2,66528.0,11.8,49.1,3.6,0.0,15.48,11.2,9.0,3.3,6.3
CA,6037,Los Angeles County,6037115203,6037115203,0.6225,17.4,90300.0,5.0,33.9,19.9,1.93,30.93,17.7,1.5,10.6,5.8
CA,6037,Los Angeles County,6037115204,6037115204,0.5091,9.4,111528.0,1.4,35.6,5.7,4.28,29.1,12.8,6.2,3.4,4.8
CA,6037,Los Angeles County,6037115301,6037115301,0.6708,7.5,103894.0,14.3,28.1,2.2,11.73,93.25,12.5,1.8,7.8,9.2
CA,6037,Los Angeles County,6037115302,6037115302,0.8904,17.9,76250.0,10.1,42.4,4.7,0.0,4.61,10.8,5.4,9.3,22.2
CA,6037,Los Angeles County,6037115401,6037115401,0.7619,16.3,58909.0,12.4,55.4,0.9,7.49,84.07,13.5,4.9,4.8,15.1
CA,6037,Los Angeles County,6037115403,6037115403,0.7777,25.0,82875.0,12.1,34.7,7.7,0.0,4.66,6.9,8.1,4.4,14.8
CA,6037,Los Angeles County,6037115404,6037115404,0.5803,12.6,92250.0,8.3,37.4,1.6,1.34,3.57,8.1,9.6,4.3,9.0
CA,6037,Los Angeles County,6037117101,6037117101,0.5876,12.2,102639.0,8.1,31.4,4.3,0.91,0.0,10.1,4.3,6.5,11.6
CA,6037,Los Angeles County,6037117102,6037117102,0.6073,10.8,90833.0,10.7,37.7,2.1,0.0,76.07,9.3,5.8,14.8,13.0
CA,6037,Los Angeles County,6037117201,6037117201,0.9643,25.5,51395.0,15.9,55.6,19.4,9.76,34.87,11.9,8.6,11.5,15.1
CA,6037,Los Angeles County,6037117202,6037117202,0.7426,8.9,107313.0,13.7,24.7,16.5,0.0,30.36,15.9,17.8,8.2,8.5
CA,6037,Los Angeles County,6037117301,6037117301,0.2916,4.2,129266.0,4.7,20.9,4.5,3.19,43.0,11.3,7.8,4.5,5.1
CA,6037,Los Angeles County,6037117302,6037117302,0.4105,6.2,119311.0,4.1,19.3,5.5,0.0,35.86,8.5,6.3,7.0,6.0
CA,6037,Los Angeles County,6037117303,6037117303,0.4519,11.8,122096.0,4.6,23.1,1.2,0.0,7.95,14.2,4.7,4.3,3.9
CA,6037,Los Angeles County,6037117404,6037117404,0.4426,8.0,127821.0,6.0,19.3,2.0,8.01,30.26,12.5,7.3,4.5,7.6
CA,6037,Los Angeles County,6037117405,6037117405,0.9538,36.1,41480.0,18.9,70.6,8.1,1.64,83.47,9.8,5.9,11.7,31.2
CA,6037,Los Angeles County,6037117407,6037117407,0.9612,28.2,48341.0,15.6,64.8,10.7,5.36,1.71,10.7,10.2,7.2,24.8
CA,6037,Los Angeles County,6037117408,6037117408,0.9229,39.4,50714.0,16.7,58.8,8.4,12.98,83.74,8.5,5.3,8.4,17.6
CA,6037,Los Angeles County,6037117510,6037117510,0.8685,16.2,61875.0,17.4,51.7,8.4,6.02,30.04,8.2,4.3,19.9,22.4
CA,6037,Los Angeles County,6037117520,6037117520,0.9737,37.5,53558.0,16.8,55.6,10.5,0.74,4.87,9.5,7.7,9.3,21.7
CA,6037,Los Angeles County,6037117530,6037117530,0.9772,28.0,54654.0,12.6,49.8,17.9,11.29,85.34,9.7,7.7,14.9,27.3
CA,6037,Los Angeles County,6037119001,6037119001,0.6309,9.0,105536.0,11.9,21.1,5.7,6.76,95.95,8.5,4.8,7.6,11.3
CA,6037,Los Angeles County,6037119003,6037119003,0.7024,7.3,106625.0,13.4,23.7,2.0,0.0,88.45,14.8,4.7,8.2,23.2
CA,6037,Los Angeles County,6037119004,6037119004,0.8174,5.7,74375.0,8.7,39.3,14.4,0.0,0.22,7.3,11.3,16.1,17.0
CA,6037,Los Angeles County,6037119201,6037119201,0.7759,15.1,101667.0,14.2,25.9,7.1,0.0,31.74,11.6,11.8,10.4,18.7
CA,6037,Los Angeles County,6037119202,6037119202,0.7809,20.2,72807.0,15.5,41.5,0.4,8.55,4.7,15.2,4.4,10.3,24.1
CA,6037,Los Angeles County,6037119310,6037119310,0.9097,12.0,75588.0,15.3,43.2,9.5,0.0,0.0,12.2,6.4,4.8,15.2
CA,6037,Los Angeles County,6037119320,6037119320,0.777,7.5,86308.0,8.7,42.0,7.7,0.0,0.21,7.7,11.1,7.2,19.5
CA,6037,Los Angeles County,6037119340,6037119340,0.9587,32.7,47021.0,21.8,62.8,11.9,1.11,2.12,10.2,9.3,16.1,33.5
CA,6037,Los Angeles County,6037119341,6037119341,0.8926,15.6,51159.0,17.3,50.4,14.8,8.14,0.0,17.4,5.2,14.0,28.1
CA,6037,Los Angeles County,6037119342,6037119342,0.7696,14.0,76078.0,9.1,40.2,5.3,4.99,64.63,13.1,5.7,5.6,21.8
CA,6037,Los Angeles County,6037119400,6037119400,0.6579,10.5,93053.0,10.1,28.5,1.4,4.39,26.13,12.2,4.0,17.2,18.9
CA,6037,Los Angeles County,6037119700,6037119700,0.3546,4.4,92011.0,9.0,18.6,1.6,3.84,54.01,11.2,3.1,6.0,8.6
CA,6037,Los Angeles County,6037119801,6037119801,0.7288,5.7,94750.0,13.6,26.3,1.7,6.65,20.52,12.1,7.3,8.9,12.8
CA,6037,Los Angeles County,6037119802,6037119802,0.6741,12.7,91964.0,9.0,30.8,4.3,3.39,100.0,9.5,4.0,4.9,21.2
CA,6037,Los Angeles County,6037119900,6037119900,0.6028,3.0,87986.0,10.0,34.1,2.2,2.9,4.22,12.6,4.3,7.6,18.2
CA,6037,Los Angeles County,6037120010,6037120010,0.7258,8.1,60972.0,12.8,36.0,4.7,6.61,30.61,9.6,8.4,7.9,14.4
CA,6037,Los Angeles County,6037120020,6037120020,0.9483,19.5,43253.0,18.9,61.6,6.8,0.91,44.65,13.9,11.4,8.3,26.8
CA,6037,Los Angeles County,6037120030,6037120030,0.9735,34.4,42188.0,22.2,55.9,14.1,7.0,3.81,15.7,13.9,15.1,29.6
CA,6037,Los Angeles County,6037120103,6037120103,0.9823,51.2,35357.0,11.0,77.8,26.8,2.92,13.33,13.3,13.6,23.3,32.3
CA,6037,Los Angeles County,6037120104,6037120104,0.9378,24.9,46958.0,7.9,56.8,19.7,3.59,8.4,16.3,9.7,9.0,16.8
CA,6037,Los Angeles County,6037120105,6037120105,0.9265,23.1,45237.0,12.5,53.8,19.8,11.45,31.87,12.2,6.9,16.4,22.5
CA,6037,Los Angeles County,6037120106,6037120106,0.9973,26.7,38866.0,18.6,69.1,9.5,0.0,7.0,12.0,12.8,24.9,30.3
CA,6037,Los Angeles County,6037120107,6037120107,0.9712,31.6,40129.0,14.9,67.5,10.3,2.84,89.07,12.9,9.7,12.2,32.5
CA,6037,Los Angeles County,6037120108,6037120108,0.8879,21.4,55063.0,14.2,49.2,6.9,0.0,85.59,10.4,7.8,14.5,28.5
CA,6037,Los Angeles County,6037120300,6037120300,0.8254,16.7,66615.0,11.5,43.3,6.4,9.57,2.78,10.9,10.1,10.5,16.5
CA,6037,Los Angeles County,6037120400,6037120400,0.9186,10.8,68491.0,9.9,41.9,11.6,7.31,17.11,15.1,10.8,14.9,16.6
CA,6037,Los Angeles County,6037121010,6037121010,0.6268,6.8,82685.0,16.4,30.8,6.2,2.31,47.24,9.0,5.5,10.2,21.6
CA,6037,Los Angeles County,6037121020,6037121020,0.7487,15.2,70382.0,7.0,44.7,10.0,8.21,92.22,9.2,9.0,5.9,16.8
CA,6037,Los Angeles County,6037121101,6037121101,0.6761,11.2,66442.0,18.1,40.8,5.7,11.93,39.61,11.3,5.0,9.9,22.7
CA,6037,Los Angeles County,6037121102,6037121102,0.7123,6.6,72632.0,3.2,37.7,5.3,1.98,48.61,14.8,4.0,10.1,15.3
CA,6037,Los Angeles County,6037121210,6037121210,0.9856,9.4,71932.0,13.6,35.2,10.3,5.19,87.85,18.8,8.8,14.3,23.0
CA,6037,Los Angeles County,6037121221,6037121221,0.4994,10.2,78897.0,11.2,32.1,2.7,0.0,38.01,7.0,5.3,6.2,17.5
CA,6037,Los Angeles County,6037121222,6037121222,0.8868,15.9,71845.0,14.8,35.8,8.8,2.02,99.83,9.8,6.6,3.5,20.2
CA,6037,Los Angeles County,6037121600,6037121600,0.6643,13.4,100139.0,7.7,21.2,8.7,4.13,78.98,18.7,8.0,6.0,12.3
CA,6037,Los Angeles County,6037121801,6037121801,0.9278,13.1,45842.0,16.2,57.0,10.6,9.48,54.73,10.1,9.8,14.3,16.2
CA,6037,Los Angeles County,6037121802,6037121802,0.8645,21.3,83450.0,13.8,30.6,12.5,0.62,2.45,14.5,9.5,15.7,18.3
CA,6037,Los Angeles County,6037121900,6037121900,0.7967,14.9,67250.0,8.2,41.4,0.0,4.01,53.78,12.7,13.2,7.7,17.0
CA,6037,Los Angeles County,6037122000,6037122000,0.7756,8.0,93454.0,7.8,30.9,6.8,0.0,76.9,14.9,8.5,6.3,15.2
CA,6037,Los Angeles County,6037122120,6037122120,0.9077,13.0,59770.0,17.6,41.4,7.2,0.0,86.37,16.6,7.3,7.5,22.8
CA,6037,Los Angeles County,6037122121,6037122121,0.9306,22.0,61875.0,18.1,45.8,5.7,1.98,100.0,12.6,4.5,6.9,23.3
CA,6037,Los Angeles County,6037122122,6037122122,0.9921,29.0,46149.0,16.2,70.4,12.2,5.61,100.0,10.6,2.4,4.7,23.3
CA,6037,Los Angeles County,6037122200,6037122200,0.6787,9.1,65255.0,7.3,43.3,3.2,6.11,97.27,7.7,3.2,4.6,22.6
CA,6037,Los Angeles County,6037122410,6037122410,0.935,17.7,55345.0,18.4,44.4,7.2,9.31,100.0,10.2,5.9,9.4,23.7
CA,6037,Los Angeles County,6037122420,6037122420,0.7988,18.5,74966.0,16.5,43.1,6.2,13.15,77.14,7.4,3.6,12.7,13.1
CA,6037,Los Angeles County,6037123010,6037123010,0.9003,22.3,48549.0,14.6,59.2,6.1,0.0,86.31,17.0,5.6,11.4,24.6
CA,6037,Los Angeles County,6037123020,6037123020,0.7715,6.4,81250.0,24.6,33.6,8.6,1.14,30.0,10.2,5.2,11.1,19.2
CA,6037,Los Angeles County,6037123103,6037123103,0.6858,14.7,80857.0,11.8,37.8,5.0,2.92,0.46,7.9,8.7,8.6,12.3
CA,6037,Los Angeles County,6037123104,6037123104,0.8095,19.1,69276.0,11.4,46.1,11.8,0.0,56.08,13.3,4.3,18.4,12.6
CA,6037,Los Angeles County,6037123203,6037123203,0.7554,24.0,40938.0,14.5,66.6,3.2,1.7,46.78,13.5,3.8,17.0,21.9
CA,6037,Los Angeles County,6037123204,6037123204,0.725,25.0,64550.0,13.2,52.8,4.5,0.0,78.78,8.4,20.9,9.6,18.0
CA,6037,Los Angeles County,6037123205,6037123205,0.793,34.3,53281.0,13.4,55.0,3.2,9.15,96.35,12.3,11.7,8.4,19.4
CA,6037,Los Angeles County,6037123206,6037123206,0.971,27.0,41750.0,11.8,53.9,12.8,4.88,73.59,12.6,16.6,18.6,24.9
CA,6037,Los Angeles County,6037123301,6037123301,0.4618,9.5,72668.0,5.4,41.9,7.1,0.0,11.01,11.8,4.3,5.1,7.8
CA,6037,Los Angeles County,6037123303,6037123303,0.7482,18.1,69958.0,16.4,41.6,5.5,0.88,46.95,13.9,9.4,10.0,18.7
CA,6037,Los Angeles County,6037123304,6037123304,0.8866,24.3,44009.0,7.1,58.3,22.1,0.0,97.28,18.8,8.1,19.1,23.8
CA,6037,Los Angeles County,6037123410,6037123410,0.8304,23.3,51828.0,12.4,59.9,12.6,0.0,18.15,10.3,9.8,13.1,16.8
CA,6037,Los Angeles County,6037123420,6037123420,0.8613,24.8,54572.0,16.2,46.9,15.9,0.0,14.22,8.9,8.8,10.8,17.3
CA,6037,Los Angeles County,6037123510,6037123510,0.9237,24.4,47805.0,15.1,51.9,17.5,0.27,2.01,13.7,7.8,16.4,27.9
CA,6037,Los Angeles County,6037123520,6037123520,0.7352,24.3,57446.0,12.8,50.7,1.3,0.0,29.27,14.5,16.5,1.4,14.7
CA,6037,Los Angeles County,6037123601,6037123601,0.8131,15.6,66642.0,6.6,44.0,10.5,0.07,0.26,12.6,7.4,10.5,14.0
CA,6037,Los Angeles County,6037123602,6037123602,0.7913,26.9,58705.0,9.5,51.0,14.8,3.84,55.74,16.3,7.0,9.0,11.2
CA,6037,Los Angeles County,6037123700,6037123700,0.648,16.0,90767.0,11.6,31.2,15.3,3.21,3.1,9.4,5.6,5.7,14.8
CA,6037,Los Angeles County,6037123800,6037123800,0.6834,10.5,90933.0,6.2,38.0,11.0,6.1,10.43,13.3,6.8,5.8,9.7
CA,6037,Los Angeles County,6037123901,6037123901,0.8375,27.1,41154.0,12.8,52.2,3.7,4.18,11.08,11.7,5.8,12.4,8.6
CA,6037,Los Angeles County,6037123902,6037123902,0.4197,23.8,88438.0,7.4,35.2,3.3,5.19,56.53,7.3,14.4,6.6,6.3
CA,6037,Los Angeles County,6037124000,6037124000,0.4544,14.2,78493.0,3.2,43.5,9.2,2.31,52.96,14.1,5.6,9.4,6.6
CA,6037,Los Angeles County,6037124102,6037124102,0.7241,24.5,67131.0,11.5,46.3,6.2,0.0,47.64,7.0,8.4,12.1,7.4
CA,6037,Los Angeles County,6037124103,6037124103,0.7004,13.5,57793.0,6.7,50.6,10.8,0.0,29.39,11.4,7.6,16.4,14.6
CA,6037,Los Angeles County,6037124104,6037124104,0.8796,21.3,50724.0,11.3,59.1,11.5,4.48,100.0,12.4,9.0,6.1,20.1
CA,6037,Los Angeles County,6037124105,6037124105,0.6538,8.7,62845.0,18.1,48.2,10.7,1.8,69.55,8.9,4.1,13.9,26.0
CA,6037,Los Angeles County,6037124201,6037124201,0.5958,10.1,77379.0,10.0,32.1,5.4,5.95,7.74,7.3,7.0,8.2,18.8
CA,6037,Los Angeles County,6037124203,6037124203,0.7394,10.9,63851.0,10.6,47.8,10.5,5.57,24.03,10.3,7.9,10.5,12.4
CA,6037,Los Angeles County,6037124204,6037124204,0.882,27.4,50921.0,6.8,53.2,4.9,12.23,70.68,16.0,8.9,11.2,18.5
CA,6037,Los Angeles County,6037124300,6037124300,0.6649,7.3,62426.0,5.6,44.9,8.4,6.31,99.59,17.4,5.2,15.2,15.7
CA,6037,Los Angeles County,6037124400,6037124400,0.4566,8.9,84957.0,7.5,29.2,8.9,2.94,3.1,9.1,5.0,4.0,12.3
CA,6037,Los Angeles County,6037124500,6037124500,0.4278,15.3,75625.0,7.0,41.5,7.1,4.5,91.45,8.3,5.8,7.3,7.8
CA,6037,Los Angeles County,6037124600,6037124600,0.1948,7.2,91452.0,1.6,33.4,5.6,2.91,85.47,8.4,6.9,3.0,2.8
CA,6037,Los Angeles County,6037124700,6037124700,0.3844,8.4,101863.0,6.0,31.5,5.9,6.36,5.38,6.5,11.9,4.7,0.4
CA,6037,Los Angeles County,6037124902,6037124902,0.7438,13.3,58178.0,9.4,52.0,15.2,4.27,31.47,12.8,8.9,10.3,9.7
CA,6037,Los Angeles County,6037124903,6037124903,0.8092,23.4,75907.0,10.2,44.4,11.5,4.01,40.63,9.6,10.2,7.0,6.5
CA,6037,Los Angeles County,6037125101,6037125101,0.3524,12.1,81758.0,3.5,39.2,6.0,0.0,81.81,11.3,9.0,7.5,5.1
CA,6037,Los Angeles County,6037125102,6037125102,0.1479,8.7,158596.0,4.9,10.9,0.0,0.96,98.83,7.2,6.7,5.8,0.0
CA,6037,Los Angeles County,6037125200,6037125200,0.5188,10.7,88274.0,9.8,34.6,6.6,0.0,85.83,9.6,13.2,7.8,4.4
CA,6037,Los Angeles County,6037125310,6037125310,0.7025,18.5,58162.0,5.6,50.1,5.6,4.71,20.58,10.4,8.5,12.4,6.4
CA,6037,Los Angeles County,6037125321,6037125321,0.5083,18.3,53778.0,10.9,52.0,5.5,5.91,1.7,13.3,5.7,13.1,5.3
CA,6037,Los Angeles County,6037125322,6037125322,0.7565,30.9,34432.0,11.4,62.0,33.7,7.81,97.44,30.1,9.3,18.1,23.9
CA,6037,Los Angeles County,6037125402,6037125402,0.2648,8.6,86170.0,5.9,42.6,5.5,5.27,91.24,4.0,11.0,9.6,3.8
CA,6037,Los Angeles County,6037125403,6037125403,0.429,12.8,80893.0,12.5,41.6,8.8,1.24,44.07,10.6,9.9,5.8,6.5
CA,6037,Los Angeles County,6037125404,6037125404,0.2647,16.0,77574.0,7.5,35.5,5.4,2.96,12.58,6.0,14.3,6.5,2.0
CA,6037,Los Angeles County,6037125501,6037125501,0.5715,18.4,62109.0,12.2,47.0,8.7,0.0,6.64,11.6,9.6,15.1,2.3
CA,6037,Los Angeles County,6037125502,6037125502,0.5069,18.2,78139.0,3.8,41.8,7.9,9.18,98.49,11.4,13.0,18.9,7.6
CA,6037,Los Angeles County,6037125600,6037125600,0.2086,8.1,105432.0,6.1,27.9,3.1,1.76,31.39,7.8,5.1,5.2,2.0
CA,6037,Los Angeles County,6037127102,6037127102,0.833,25.5,50739.0,12.7,53.9,4.0,4.55,22.19,8.6,9.5,8.4,16.0
CA,6037,Los Angeles County,6037127103,6037127103,0.7711,8.8,58591.0,11.5,40.2,5.8,0.0,1.5,11.8,3.7,9.7,15.3
CA,6037,Los Angeles County,6037127104,6037127104,0.7617,19.9,63158.0,8.8,58.6,4.4,0.0,28.18,11.6,8.1,4.8,16.7
CA,6037,Los Angeles County,6037127210,6037127210,0.74,11.0,63255.0,10.9,45.8,11.8,2.32,20.96,10.1,9.5,10.1,18.6
CA,6037,Los Angeles County,6037127220,6037127220,0.9813,20.3,44846.0,13.2,55.1,15.7,0.0,97.44,10.3,13.2,18.9,19.6
CA,6037,Los Angeles County,6037127300,6037127300,0.7881,8.4,71860.0,7.2,44.8,6.3,6.42,38.65,9.6,7.7,9.0,14.8
CA,6037,Los Angeles County,6037127400,6037127400,0.7789,15.1,66009.0,17.1,42.9,15.6,8.99,82.09,9.9,7.6,19.7,16.0
CA,6037,Los Angeles County,6037127520,6037127520,0.9857,27.6,48750.0,20.1,61.7,18.1,15.79,68.41,13.0,7.9,16.2,23.1
CA,6037,Los Angeles County,6037127603,6037127603,0.8743,22.5,55739.0,11.7,53.5,9.1,9.58,100.0,6.9,7.6,5.6,23.9
CA,6037,Los Angeles County,6037127604,6037127604,0.7379,25.4,48750.0,10.8,57.0,11.3,8.98,41.53,11.2,3.1,11.4,24.2
CA,6037,Los Angeles County,6037127605,6037127605,0.8938,23.4,58903.0,13.1,49.7,16.3,0.19,28.66,10.4,6.8,11.8,19.5
CA,6037,Los Angeles County,6037127606,6037127606,0.7739,25.0,64915.0,12.3,44.3,5.4,11.96,60.99,15.4,3.0,7.9,10.8
CA,6037,Los Angeles County,6037127711,6037127711,0.5676,17.2,93441.0,19.2,26.2,0.0,4.33,16.23,9.8,8.1,4.0,16.6
CA,6037,Los Angeles County,6037127712,6037127712,0.873,24.3,60514.0,16.7,56.4,12.5,0.0,48.33,7.0,5.6,9.3,18.5
CA,6037,Los Angeles County,6037127803,6037127803,0.8928,21.8,64607.0,6.4,45.1,13.6,2.32,58.53,13.9,6.4,19.0,23.1
CA,6037,Los Angeles County,6037127804,6037127804,0.7774,10.7,68599.0,8.3,42.0,10.2,12.61,6.87,9.8,10.4,10.0,16.8
CA,6037,Los Angeles County,6037127805,6037127805,0.9836,20.5,52900.0,17.8,54.6,14.7,2.18,98.94,13.1,7.6,19.4,20.5
CA,6037,Los Angeles County,6037127806,6037127806,0.6559,14.9,75817.0,22.5,44.7,7.5,2.21,99.06,5.5,4.1,7.1,24.7
CA,6037,Los Angeles County,6037127910,6037127910,0.9928,27.3,53783.0,15.7,57.6,16.1,2.05,6.44,11.8,8.5,7.5,17.7
CA,6037,Los Angeles County,6037127920,6037127920,0.7177,19.6,69495.0,10.0,42.9,7.0,0.24,1.23,13.4,8.2,6.4,16.4
CA,6037,Los Angeles County,6037128101,6037128101,0.6174,11.1,80714.0,9.0,40.9,6.3,3.32,26.39,9.3,5.3,4.7,12.7
CA,6037,Los Angeles County,6037128102,6037128102,0.8246,13.2,58603.0,19.6,50.1,10.0,4.34,8.13,8.4,5.1,12.4,23.4
CA,6037,Los Angeles County,6037128210,6037128210,0.9363,28.8,57679.0,16.0,53.6,12.0,18.76,94.31,7.4,8.4,15.3,23.7
CA,6037,Los Angeles County,6037128220,6037128220,0.6347,20.3,61389.0,9.4,49.3,10.5,12.49,100.0,11.1,2.5,12.4,17.5
CA,6037,Los Angeles County,6037128302,6037128302,0.9454,29.7,63047.0,20.8,48.7,8.5,0.38,14.35,13.2,8.8,18.6,26.4
CA,6037,Los Angeles County,6037128303,6037128303,0.982,31.2,41328.0,16.3,60.3,15.3,12.9,86.47,12.7,9.5,9.0,29.8
CA,6037,Los Angeles County,6037128400,6037128400,0.2551,9.6,101955.0,5.6,30.8,1.9,0.0,1.19,8.9,3.7,4.2,8.9
CA,6037,Los Angeles County,6037128500,6037128500,0.4021,8.6,118460.0,3.8,30.5,10.2,3.07,32.14,7.7,4.3,4.4,1.4
CA,6037,Los Angeles County,6037128601,6037128601,0.7562,17.6,64482.0,10.9,42.0,6.2,1.97,74.73,9.5,9.1,10.3,19.2
CA,6037,Los Angeles County,6037128602,6037128602,0.3092,8.5,88333.0,2.8,32.6,4.8,8.22,99.94,5.8,8.5,7.2,5.1
CA,6037,Los Angeles County,6037128703,6037128703,0.5532,11.3,86080.0,14.0,38.4,5.4,2.07,14.8,12.9,22.9,7.3,2.4
CA,6037,Los Angeles County,6037128704,6037128704,0.2076,6.1,128472.0,10.2,15.4,5.6,6.55,62.1,10.2,7.2,4.0,1.9
CA,6037,Los Angeles County,6037128801,6037128801,0.1738,9.7,85781.0,7.6,36.4,0.9,3.92,53.86,5.7,8.5,0.0,6.5
CA,6037,Los Angeles County,6037128802,6037128802,0.4174,4.1,107653.0,3.6,29.2,10.5,0.0,49.59,14.6,4.7,9.0,3.8
CA,6037,Los Angeles County,6037128910,6037128910,0.233,6.0,108333.0,6.3,26.8,1.6,5.35,75.65,7.4,8.8,1.4,5.1
CA,6037,Los Angeles County,6037131021,6037131021,0.9263,10.4,58333.0,10.8,51.2,22.7,0.41,1.19,11.3,5.3,6.0,19.8
CA,6037,Los Angeles County,6037131022,6037131022,0.7545,15.3,63140.0,15.2,47.7,5.2,1.39,83.57,10.9,5.4,8.0,12.8
CA,6037,Los Angeles County,6037131023,6037131023,0.5237,11.1,77880.0,11.1,36.0,0.0,3.97,53.36,11.2,5.0,5.1,17.6
CA,6037,Los Angeles County,6037131024,6037131024,0.58,9.5,93929.0,7.2,26.1,3.6,0.0,100.0,5.6,9.3,13.3,14.7
CA,6037,Los Angeles County,6037131100,6037131100,0.4114,7.1,104750.0,8.5,26.7,3.2,0.0,52.87,12.0,7.6,6.0,7.1
CA,6037,Los Angeles County,6037131200,6037131200,0.4898,11.1,102095.0,5.5,28.0,3.9,11.26,64.55,12.5,2.8,8.5,7.5
CA,6037,Los Angeles County,6037131300,6037131300,0.6998,8.5,69651.0,5.4,37.7,5.4,10.11,93.2,9.5,7.2,7.4,12.6
CA,6037,Los Angeles County,6037131400,6037131400,0.7044,7.6,88661.0,9.7,35.4,6.0,3.66,83.09,12.1,3.4,10.6,9.3
CA,6037,Los Angeles County,6037131600,6037131600,0.7371,13.0,84524.0,12.0,36.7,4.2,3.09,18.55,12.6,11.6,8.8,16.3
CA,6037,Los Angeles County,6037131701,6037131701,0.6903,17.7,92935.0,8.7,36.6,3.4,0.0,15.26,9.5,6.9,6.0,13.3
CA,6037,Los Angeles County,6037131702,6037131702,0.7397,3.1,74227.0,10.6,48.0,3.3,0.0,36.93,15.1,6.3,4.1,10.5
CA,6037,Los Angeles County,6037131801,6037131801,0.8211,17.8,53707.0,7.1,50.7,18.6,0.93,76.49,10.7,3.8,10.2,17.2
CA,6037,Los Angeles County,6037131802,6037131802,0.2841,2.0,99087.0,13.6,14.4,1.4,5.38,99.82,11.6,2.8,6.4,7.6
CA,6037,Los Angeles County,6037131900,6037131900,0.1726,3.4,126282.0,10.4,18.5,0.0,1.7,0.0,8.4,7.4,5.0,8.4
CA,6037,Los Angeles County,6037132001,6037132001,0.5635,13.0,91012.0,3.9,36.6,8.7,0.0,7.35,14.4,6.3,3.3,9.4
CA,6037,Los Angeles County,6037132002,6037132002,0.4291,2.3,96408.0,3.0,36.2,1.4,1.68,15.39,9.2,7.4,6.2,8.3
CA,6037,Los Angeles County,6037132101,6037132101,0.7075,33.7,68246.0,5.1,34.3,6.1,4.37,70.13,10.1,9.6,8.4,10.6
CA,6037,Los Angeles County,6037132102,6037132102,0.9427,14.1,68548.0,10.3,51.3,10.5,7.25,43.43,17.9,7.9,11.0,17.5
CA,6037,Los Angeles County,6037132301,6037132301,0.8111,19.4,59484.0,20.4,44.6,14.4,3.11,71.23,10.1,5.8,17.9,17.4
CA,6037,Los Angeles County,6037132302,6037132302,0.6381,6.3,86464.0,13.5,31.5,1.7,3.87,100.0,10.6,5.2,2.2,16.8
CA,6037,Los Angeles County,6037132501,6037132501,0.8008,11.2,74205.0,13.2,41.3,2.4,9.97,100.0,8.6,7.3,11.0,11.8
CA,6037,Los Angeles County,6037132502,6037132502,0.9362,16.8,59018.0,9.6,49.1,9.2,4.2,35.51,16.8,11.7,11.0,14.2
CA,6037,Los Angeles County,6037132700,6037132700,0.7962,18.0,79893.0,8.2,38.1,12.0,0.0,36.91,9.1,5.9,13.7,19.2
CA,6037,Los Angeles County,6037132900,6037132900,0.5763,8.4,96767.0,9.2,30.3,5.7,5.9,34.52,13.6,2.2,13.3,7.7
CA,6037,Los Angeles County,6037133000,6037133000,0.6716,17.4,86914.0,13.8,26.1,3.1,6.88,14.98,13.4,12.5,12.2,12.5
CA,6037,Los Angeles County,6037133101,6037133101,0.4455,4.7,98750.0,5.5,30.4,3.7,2.17,32.25,10.8,3.4,11.7,11.9
CA,6037,Los Angeles County,6037133102,6037133102,0.8622,13.5,44125.0,3.9,49.6,18.9,4.88,24.72,12.8,6.5,17.9,16.4
CA,6037,Los Angeles County,6037134001,6037134001,0.7247,12.9,80682.0,11.8,33.5,4.4,0.0,0.0,4.7,7.4,6.1,17.3
CA,6037,Los Angeles County,6037134002,6037134002,0.9415,15.6,68750.0,8.0,47.2,8.5,0.0,8.41,14.9,10.9,9.4,19.6
CA,6037,Los Angeles County,6037134101,6037134101,0.7591,18.4,81417.0,15.8,35.1,2.7,2.82,21.78,7.2,4.5,12.7,27.8
CA,6037,Los Angeles County,6037134103,6037134103,0.8707,33.3,85000.0,4.8,36.7,12.8,0.0,5.08,11.2,6.7,13.1,16.9
CA,6037,Los Angeles County,6037134104,6037134104,0.9238,19.0,75174.0,15.1,40.4,5.9,4.98,97.85,14.7,8.5,4.7,20.7
CA,6037,Los Angeles County,6037134201,6037134201,0.4406,10.1,92024.0,10.5,30.1,0.0,0.0,60.06,7.4,7.3,6.0,12.4
CA,6037,Los Angeles County,6037134302,6037134302,0.4919,13.3,122563.0,8.5,24.8,11.1,0.66,93.28,13.3,4.1,2.2,10.3
CA,6037,Los Angeles County,6037134303,6037134303,0.4522,6.3,92461.0,6.2,19.3,3.6,2.36,9.32,8.7,8.1,5.2,8.1
CA,6037,Los Angeles County,6037134304,6037134304,0.8088,16.1,74875.0,8.9,38.6,6.5,0.0,0.0,11.2,10.7,11.0,8.1
CA,6037,Los Angeles County,6037134305,6037134305,0.9084,16.0,50278.0,13.9,59.7,15.0,4.17,38.61,10.8,6.7,9.6,22.0
CA,6037,Los Angeles County,6037134306,6037134306,0.92,21.7,51268.0,17.4,56.0,6.4,1.61,36.82,12.8,8.3,8.3,10.4
CA,6037,Los Angeles County,6037134421,6037134421,0.0876,3.2,124767.0,3.0,18.4,1.8,9.02,91.53,7.1,8.6,7.0,1.9
CA,6037,Los Angeles County,6037134422,6037134422,0.2671,3.0,157969.0,5.0,15.2,4.7,0.0,19.72,8.8,10.4,8.5,5.7
CA,6037,Los Angeles County,6037134423,6037134423,0.3992,8.5,115189.0,1.5,25.7,18.8,5.64,53.26,16.4,3.8,18.5,3.2
CA,6037,Los Angeles County,6037134424,6037134424,0.1413,4.2,149000.0,3.2,18.6,1.3,3.21,100.0,9.4,9.5,3.8,4.2
CA,6037,Los Angeles County,6037134520,6037134520,0.9211,24.4,50139.0,13.0,58.4,14.5,0.0,0.0,10.1,5.5,9.9,23.9
CA,6037,Los Angeles County,6037134521,6037134521,0.9485,25.2,53145.0,15.5,51.0,14.7,0.0,4.42,6.3,6.1,14.7,33.5
CA,6037,Los Angeles County,6037134522,6037134522,0.8834,24.7,49375.0,21.3,47.5,10.5,1.48,86.28,5.0,5.6,3.7,23.0
CA,6037,Los Angeles County,6037134710,6037134710,0.8976,26.2,52683.0,15.3,55.8,8.3,0.0,81.9,10.4,4.5,11.0,22.4
CA,6037,Los Angeles County,6037134720,6037134720,0.7091,13.9,86375.0,10.0,35.4,7.9,8.29,17.32,7.0,8.4,15.7,10.6
CA,6037,Los Angeles County,6037134801,6037134801,0.2565,15.5,97381.0,5.0,20.1,0.9,3.19,100.0,7.6,4.0,3.7,8.6
CA,6037,Los Angeles County,6037134802,6037134802,0.5777,25.1,83984.0,9.3,36.4,6.6,1.14,85.52,9.9,9.1,11.1,14.8
CA,6037,Los Angeles County,6037134901,6037134901,0.4827,16.6,78526.0,7.3,36.7,1.0,0.0,0.0,11.3,10.4,4.9,7.7
CA,6037,Los Angeles County,6037134904,6037134904,0.8001,17.2,75769.0,9.3,44.4,4.5,4.17,87.34,13.0,12.7,2.1,9.6
CA,6037,Los Angeles County,6037134905,6037134905,0.3662,19.2,100103.0,12.9,36.4,2.0,2.76,100.0,6.3,3.9,1.0,5.2
CA,6037,Los Angeles County,6037134906,6037134906,0.7502,12.4,83302.0,10.9,34.3,6.7,0.82,58.89,8.6,5.8,7.7,22.3
CA,6037,Los Angeles County,6037134907,6037134907,0.2535,22.5,99342.0,29.1,21.2,2.1,10.26,17.93,6.5,15.0,3.5,3.1
CA,6037,Los Angeles County,6037135102,6037135102,0.2854,8.1,153750.0,2.9,20.3,5.7,0.0,3.02,12.1,4.2,2.7,3.2
CA,6037,Los Angeles County,6037135111,6037135111,0.5131,8.2,98490.0,8.2,22.4,3.6,3.21,100.0,10.3,6.1,3.1,7.4
CA,6037,Los Angeles County,6037135113,6037135113,0.3616,12.7,110489.0,5.1,29.3,5.3,4.21,75.94,6.5,5.0,3.7,4.4
CA,6037,Los Angeles County,6037135115,6037135115,0.4372,4.1,86169.0,4.1,45.2,6.7,3.6,71.96,4.0,9.0,7.8,0.8
CA,6037,Los Angeles County,6037135116,6037135116,0.6127,21.1,68162.0,3.9,43.0,14.0,3.43,86.94,23.4,23.6,13.1,10.2
CA,6037,Los Angeles County,6037135201,6037135201,0.4336,15.1,123460.0,8.2,25.9,6.7,1.34,16.89,7.8,15.2,6.2,4.2
CA,6037,Los Angeles County,6037135202,6037135202,0.2652,9.1,130156.0,3.1,23.0,2.8,1.5,47.29,6.3,9.8,2.5,0.8
CA,6037,Los Angeles County,6037135204,6037135204,0.1677,2.6,112765.0,3.8,26.2,0.0,4.05,22.33,9.7,9.1,0.4,2.4
CA,6037,Los Angeles County,6037135205,6037135205,0.3176,13.5,121339.0,4.0,16.9,0.0,2.74,8.55,9.4,15.2,7.6,3.6
CA,6037,Los Angeles County,6037137000,6037137000,0.4277,7.7,108224.0,2.9,16.6,2.5,2.64,84.66,21.6,8.6,15.4,2.8
CA,6037,Los Angeles County,6037137103,6037137103,0.4121,15.5,90964.0,0.9,34.7,3.0,8.97,39.6,14.0,8.0,3.8,1.3
CA,6037,Los Angeles County,6037137104,6037137104,0.1747,18.9,98445.0,2.5,21.6,1.3,0.0,26.45,11.6,8.7,2.9,7.4
CA,6037,Los Angeles County,6037137202,6037137202,0.6606,11.4,71346.0,7.8,45.0,11.4,1.06,42.42,8.0,13.2,12.3,4.0
CA,6037,Los Angeles County,6037137203,6037137203,0.4802,6.7,119385.0,2.1,19.1,4.8,0.0,79.22,8.5,7.7,6.3,1.4
CA,6037,Los Angeles County,6037137301,6037137301,0.0272,2.1,181571.0,1.8,11.8,0.0,6.78,66.11,8.8,5.7,1.5,1.3
CA,6037,Los Angeles County,6037137302,6037137302,0.251,7.0,167500.0,1.3,15.1,1.0,2.69,92.94,12.4,6.7,1.9,1.2
CA,6037,Los Angeles County,6037137401,6037137401,0.2221,7.6,143859.0,6.0,12.8,1.0,1.4,52.05,6.0,3.4,2.4,3.0
CA,6037,Los Angeles County,6037137402,6037137402,0.3021,2.5,145182.0,2.4,21.3,3.7,3.29,43.56,9.3,8.6,2.1,1.9
CA,6037,Los Angeles County,6037137501,6037137501,0.5272,14.0,112800.0,2.5,34.8,6.7,0.0,20.6,7.5,10.8,7.4,4.4
CA,6037,Los Angeles County,6037137502,6037137502,0.2757,5.6,129395.0,7.3,18.6,5.5,2.86,29.17,10.0,5.4,10.9,5.7
CA,6037,Los Angeles County,6037137504,6037137504,0.0374,1.8,203750.0,2.0,9.4,2.9,0.0,100.0,15.0,4.4,1.2,3.2
CA,6037,Los Angeles County,6037138000,6037138000,0.0654,5.7,130690.0,4.4,16.4,1.3,1.75,97.76,10.5,5.3,2.0,1.3
CA,6037,Los Angeles County,6037139001,6037139001,0.2875,7.1,98926.0,2.7,25.4,1.0,0.02,24.48,9.1,9.4,0.9,1.7
CA,6037,Los Angeles County,6037139200,6037139200,0.3165,8.2,94250.0,5.0,31.4,3.4,0.0,0.0,11.0,5.2,4.7,2.2
CA,6037,Los Angeles County,6037139301,6037139301,0.1239,5.3,175673.0,1.2,13.6,4.1,1.1,43.19,6.0,3.9,5.8,2.6
CA,6037,Los Angeles County,6037139302,6037139302,0.7872,14.0,80119.0,14.0,36.7,8.1,0.0,89.79,14.3,7.8,7.6,10.1
CA,6037,Los Angeles County,6037139303,6037139303,0.8223,9.5,56200.0,6.9,52.0,18.8,0.0,97.94,18.3,5.7,14.2,16.4
CA,6037,Los Angeles County,6037139401,6037139401,0.5002,9.4,78320.0,4.7,41.6,15.5,0.5,6.61,15.1,2.8,13.7,4.8
CA,6037,Los Angeles County,6037139402,6037139402,0.0389,11.8,172500.0,1.8,20.9,0.4,0.0,44.73,9.4,4.8,3.8,0.9
CA,6037,Los Angeles County,6037139502,6037139502,0.2493,5.2,119707.0,3.8,23.6,4.6,0.0,0.0,7.9,5.6,4.6,5.4
CA,6037,Los Angeles County,6037139504,6037139504,0.6541,17.8,65625.0,8.0,50.7,10.9,0.33,96.51,13.3,10.2,4.9,9.2
CA,6037,Los Angeles County,6037139505,6037139505,0.6873,23.1,45833.0,5.1,66.2,20.6,0.54,61.52,15.1,15.4,11.1,13.9
CA,6037,Los Angeles County,6037139506,6037139506,0.4246,4.3,67538.0,4.9,48.9,3.7,0.79,100.0,8.7,1.9,3.4,7.9
CA,6037,Los Angeles County,6037139600,6037139600,0.2509,6.0,94444.0,2.7,24.1,5.3,0.0,15.08,7.6,11.7,6.4,1.2
CA,6037,Los Angeles County,6037139701,6037139701,0.3512,13.2,153875.0,3.5,14.8,7.4,1.85,11.39,13.6,9.3,6.3,4.8
CA,6037,Los Angeles County,6037139703,6037139703,0.2083,2.9,176875.0,5.0,19.0,2.1,0.83,69.48,9.5,6.0,4.5,5.1
CA,6037,Los Angeles County,6037139704,6037139704,0.1648,7.4,132050.0,1.1,15.1,3.1,0.0,100.0,5.7,7.2,2.1,2.5
CA,6037,Los Angeles County,6037139705,6037139705,0.0298,1.2,250001.0,0.4,5.7,5.2,0.0,30.08,10.3,5.5,3.4,2.8
CA,6037,Los Angeles County,6037139801,6037139801,0.0304,3.3,203125.0,2.7,16.3,0.8,0.0,81.61,7.6,8.5,3.4,3.2
CA,6037,Los Angeles County,6037139802,6037139802,0.0375,8.3,221398.0,0.4,17.7,0.0,0.0,100.0,9.9,6.9,2.9,1.3
CA,6037,Los Angeles County,6037141101,6037141101,0.2137,7.4,85313.0,4.8,40.8,4.2,1.57,83.35,7.0,8.7,0.4,1.6
CA,6037,Los Angeles County,6037141102,6037141102,0.3629,10.5,109976.0,7.8,35.0,6.3,2.67,35.33,8.7,13.7,1.6,0.7
CA,6037,Los Angeles County,6037141201,6037141201,0.2121,11.5,78795.0,4.0,36.8,2.8,6.09,83.6,5.7,7.0,4.2,3.2
CA,6037,Los Angeles County,6037141202,6037141202,0.1874,8.8,103157.0,9.8,31.4,1.2,0.0,0.0,3.9,4.3,4.2,1.2
CA,6037,Los Angeles County,6037141303,6037141303,0.4393,12.3,89375.0,10.4,37.2,13.7,5.52,39.58,12.1,9.7,3.1,8.3
CA,6037,Los Angeles County,6037141304,6037141304,0.3125,11.5,103894.0,2.5,33.8,14.0,2.52,12.92,11.2,5.5,8.7,0.6
CA,6037,Los Angeles County,6037141305,6037141305,0.184,11.4,95938.0,9.5,29.1,3.5,2.13,100.0,3.9,13.7,2.1,2.6
CA,6037,Los Angeles County,6037141306,6037141306,0.0887,2.9,97355.0,1.3,22.7,8.3,3.21,0.0,8.1,13.7,0.9,1.2
CA,6037,Los Angeles County,6037141400,6037141400,0.441,5.7,104877.0,5.9,30.4,15.2,4.11,49.72,12.2,4.2,8.2,3.2
CA,6037,Los Angeles County,6037141500,6037141500,0.0018,2.9,209320.0,1.9,10.6,0.9,2.35,100.0,10.1,2.6,1.0,0.0
CA,6037,Los Angeles County,6037141600,6037141600,0.0384,5.5,177031.0,4.1,19.3,4.5,0.0,76.23,6.6,5.3,1.1,1.8
CA,6037,Los Angeles County,6037141700,6037141700,0.0603,1.7,250001.0,5.8,5.3,1.5,0.0,72.63,6.1,16.1,4.4,0.5
CA,6037,Los Angeles County,6037143101,6037143101,0.249,3.3,96827.0,1.3,19.7,11.6,0.0,83.63,14.5,6.3,0.0,0.0
CA,6037,Los Angeles County,6037143102,6037143102,0.1102,3.4,104455.0,2.8,28.6,1.7,0.0,83.7,4.0,6.5,7.9,4.4
CA,6037,Los Angeles County,6037143200,6037143200,0.329,9.6,84513.0,10.3,38.6,5.0,9.96,84.32,5.7,8.6,3.5,4.2
CA,6037,Los Angeles County,6037143301,6037143301,0.2787,5.2,88365.0,1.3,40.7,6.2,1.44,66.77,9.0,5.7,6.9,0.2
CA,6037,Los Angeles County,6037143302,6037143302,0.3615,7.6,100833.0,6.5,24.4,1.4,2.13,100.0,9.0,9.1,6.8,5.2
CA,6037,Los Angeles County,6037143401,6037143401,0.3897,5.4,132672.0,5.5,20.3,14.1,0.0,83.56,13.7,9.8,16.3,2.2
CA,6037,Los Angeles County,6037143402,6037143402,0.1259,2.2,161484.0,10.6,24.3,3.1,0.0,99.43,3.5,10.6,6.1,2.9
CA,6037,Los Angeles County,6037143500,6037143500,0.1913,5.0,150556.0,3.0,23.9,4.2,0.0,0.0,5.2,8.3,6.7,0.0
CA,6037,Los Angeles County,6037143602,6037143602,0.4138,13.8,95455.0,2.3,37.2,6.5,2.53,15.39,7.0,12.7,3.9,3.7
CA,6037,Los Angeles County,6037143603,6037143603,0.1033,10.4,94738.0,3.2,29.9,1.8,0.0,41.89,5.2,7.1,3.6,4.2
CA,6037,Los Angeles County,6037143605,6037143605,0.2567,9.9,104271.0,23.2,26.3,9.2,5.83,42.69,6.7,9.8,4.3,1.2
CA,6037,Los Angeles County,6037143606,6037143606,0.0968,10.1,97589.0,7.1,37.8,4.9,0.0,73.6,6.2,4.8,2.9,2.1
CA,6037,Los Angeles County,6037143700,6037143700,0.1065,7.0,142717.0,2.2,27.3,0.0,0.7,84.21,6.7,8.6,1.9,0.3
CA,6037,Los Angeles County,6037143801,6037143801,0.0637,4.8,187888.0,1.5,12.1,3.6,2.44,56.57,3.5,14.7,1.1,0.0
CA,6037,Los Angeles County,6037143802,6037143802,0.3456,3.8,134926.0,6.7,21.0,8.2,2.27,87.47,12.6,13.7,6.1,0.0
CA,6037,Los Angeles County,6037143901,6037143901,0.0761,2.1,200757.0,1.9,17.8,0.8,1.71,60.43,4.1,5.0,3.3,3.2
CA,6037,Los Angeles County,6037143902,6037143902,0.2312,9.3,141534.0,1.6,26.5,3.2,8.19,48.76,8.2,9.3,1.2,0.6
CA,6037,Los Angeles County,6037181000,6037181000,0.2251,9.8,129388.0,3.2,18.3,2.2,0.0,9.96,9.0,5.2,3.5,2.8
CA,6037,Los Angeles County,6037181300,6037181300,0.3373,6.0,142283.0,5.1,17.2,3.0,0.0,12.2,9.0,6.2,4.9,5.4
CA,6037,Los Angeles County,6037181400,6037181400,0.6668,7.3,102887.0,4.4,20.5,4.7,0.01,17.96,10.7,8.6,4.9,5.7
CA,6037,Los Angeles County,6037181500,6037181500,0.4459,14.7,122476.0,4.6,25.4,6.8,0.0,8.87,10.6,5.1,1.8,8.3
CA,6037,Los Angeles County,6037181600,6037181600,0.355,2.3,110819.0,3.9,29.5,12.2,4.39,35.83,9.3,4.6,5.4,4.5
CA,6037,Los Angeles County,6037183101,6037183101,0.4289,15.7,86944.0,12.1,30.3,6.2,1.77,19.18,8.1,4.7,9.9,14.0
CA,6037,Los Angeles County,6037183103,6037183103,0.5512,9.4,82902.0,9.4,27.9,9.0,2.56,56.36,6.3,9.4,5.2,10.6
CA,6037,Los Angeles County,6037183104,6037183104,0.4646,10.1,110833.0,5.6,28.1,8.2,3.76,80.62,12.5,4.2,11.6,5.0
CA,6037,Los Angeles County,6037183220,6037183220,0.6866,9.0,107667.0,4.0,29.4,7.6,1.07,20.68,11.6,8.9,8.1,15.0
CA,6037,Los Angeles County,6037183221,6037183221,0.6394,11.6,88625.0,7.9,38.9,8.2,0.0,32.02,7.4,15.1,6.4,9.9
CA,6037,Los Angeles County,6037183222,6037183222,0.5303,12.3,101118.0,6.2,23.9,6.6,6.46,39.98,13.8,7.9,6.4,8.2
CA,6037,Los Angeles County,6037183300,6037183300,0.5213,6.4,86963.0,7.4,26.5,10.8,4.17,34.75,10.3,7.4,10.9,10.0
CA,6037,Los Angeles County,6037183401,6037183401,0.7775,13.7,79617.0,6.8,31.6,10.1,0.49,28.61,14.1,5.0,7.9,13.1
CA,6037,Los Angeles County,6037183402,6037183402,0.6143,13.6,84583.0,5.7,34.2,6.2,5.09,93.15,9.4,8.4,5.7,9.5
CA,6037,Los Angeles County,6037183510,6037183510,0.5077,5.8,102784.0,7.7,33.7,2.2,3.04,33.77,9.1,9.1,10.8,12.0
CA,6037,Los Angeles County,6037183520,6037183520,0.8571,15.0,66020.0,11.7,33.0,11.2,10.5,99.31,9.8,7.5,7.0,16.5
CA,6037,Los Angeles County,6037183610,6037183610,0.9476,21.5,75395.0,11.5,43.8,10.0,1.52,83.21,15.5,9.8,9.7,11.7
CA,6037,Los Angeles County,6037183620,6037183620,0.7018,10.1,89784.0,10.9,31.1,7.8,0.0,95.0,12.6,7.0,6.7,18.7
CA,6037,Los Angeles County,6037183701,6037183701,0.6506,14.3,73615.0,13.0,43.9,8.5,0.0,0.0,8.6,8.9,15.0,5.0
CA,6037,Los Angeles County,6037183702,6037183702,0.4716,5.9,108353.0,8.9,16.5,4.2,5.7,12.93,12.7,6.1,6.0,6.3
CA,6037,Los Angeles County,6037183810,6037183810,0.8289,16.2,83488.0,12.3,34.7,14.1,7.89,41.88,10.1,9.0,6.0,20.8
CA,6037,Los Angeles County,6037183820,6037183820,0.6722,7.4,71424.0,15.1,35.1,11.6,11.0,5.5,9.0,11.4,8.6,25.3
CA,6037,Los Angeles County,6037185101,6037185101,0.7552,7.1,81801.0,12.7,24.0,5.3,4.4,97.97,15.4,15.7,5.3,14.3
CA,6037,Los Angeles County,6037185102,6037185102,0.1758,7.7,163194.0,5.2,10.4,0.9,0.48,22.27,9.4,10.6,0.0,2.2
CA,6037,Los Angeles County,6037185202,6037185202,0.4577,8.2,118125.0,6.9,27.2,7.7,0.0,29.31,8.7,4.5,11.7,12.8
CA,6037,Los Angeles County,6037185203,6037185203,0.6243,18.6,68500.0,11.9,33.5,8.8,3.83,4.49,8.0,4.1,8.2,15.8
CA,6037,Los Angeles County,6037185204,6037185204,0.4097,19.3,115417.0,7.8,12.5,2.6,4.77,85.26,8.9,7.8,4.2,5.6
CA,6037,Los Angeles County,6037185310,6037185310,0.6479,18.8,78542.0,13.2,27.9,9.6,3.49,59.1,8.9,4.0,15.6,20.7
CA,6037,Los Angeles County,6037185320,6037185320,0.8791,24.0,55947.0,12.8,41.1,10.9,2.58,38.44,10.5,6.6,18.4,22.2
CA,6037,Los Angeles County,6037186100,6037186100,0.1533,4.9,113365.0,5.6,20.5,2.4,1.83,56.69,8.1,6.4,5.5,5.5
CA,6037,Los Angeles County,6037186201,6037186201,0.608,13.3,77354.0,8.2,30.1,17.5,21.41,96.95,23.1,3.3,8.6,9.3
CA,6037,Los Angeles County,6037186202,6037186202,0.5289,13.3,92276.0,5.3,31.1,10.8,9.18,13.65,15.2,5.3,1.5,6.7
CA,6037,Los Angeles County,6037186203,6037186203,0.3435,5.2,131083.0,5.0,25.7,0.2,0.0,62.17,8.7,9.2,5.6,11.7
CA,6037,Los Angeles County,6037186301,6037186301,0.8746,21.6,79018.0,11.3,42.6,5.9,11.01,62.76,12.3,12.1,3.6,19.9
CA,6037,Los Angeles County,6037186302,6037186302,0.3754,5.5,89737.0,5.3,29.7,1.5,0.0,45.58,8.2,9.6,1.4,5.3
CA,6037,Los Angeles County,6037186401,6037186401,0.8334,12.0,57120.0,11.9,54.4,14.6,15.55,76.92,12.0,4.4,10.9,21.0
CA,6037,Los Angeles County,6037186403,6037186403,0.7731,7.5,85446.0,6.7,31.7,8.1,0.91,80.8,11.3,3.9,10.8,13.6
CA,6037,Los Angeles County,6037186404,6037186404,0.8427,23.5,73971.0,9.2,40.1,4.1,0.0,18.46,12.9,12.9,7.6,14.4
CA,6037,Los Angeles County,6037187101,6037187101,0.4424,7.0,93533.0,9.4,16.1,6.6,9.32,95.5,18.3,5.5,6.5,10.2
CA,6037,Los Angeles County,6037187102,6037187102,0.6591,19.4,70590.0,4.2,40.6,2.1,6.36,23.06,15.1,4.3,5.6,14.1
CA,6037,Los Angeles County,6037187200,6037187200,0.5946,10.3,82500.0,5.4,37.8,3.8,0.0,25.47,15.9,10.9,7.7,13.1
CA,6037,Los Angeles County,6037187300,6037187300,0.1976,6.3,111250.0,5.2,28.3,6.0,0.0,32.0,6.7,9.9,1.5,1.4
CA,6037,Los Angeles County,6037188100,6037188100,0.581,13.4,81151.0,8.2,41.6,2.7,14.2,92.14,14.0,6.7,5.2,13.9
CA,6037,Los Angeles County,6037188201,6037188201,0.2063,7.0,108061.0,4.9,26.7,3.5,0.0,14.64,6.0,7.7,3.0,1.6
CA,6037,Los Angeles County,6037188202,6037188202,0.0731,5.5,169764.0,6.9,20.7,1.0,8.34,86.62,7.5,3.7,3.9,0.4
CA,6037,Los Angeles County,6037188300,6037188300,0.2254,8.2,125022.0,2.8,10.6,7.4,1.07,78.13,5.9,6.3,7.8,4.2
CA,6037,Los Angeles County,6037189101,6037189101,0.2579,8.1,96607.0,3.5,27.3,15.0,2.29,84.05,12.8,9.3,2.7,4.5
CA,6037,Los Angeles County,6037189102,6037189102,0.1183,6.7,114143.0,4.5,22.2,3.9,3.62,7.6,6.8,9.6,5.7,0.8
CA,6037,Los Angeles County,6037189201,6037189201,0.4562,18.5,67974.0,4.7,42.7,19.4,5.22,26.47,10.3,10.2,7.8,9.9
CA,6037,Los Angeles County,6037189202,6037189202,0.1574,8.6,145417.0,8.4,22.5,4.9,0.54,20.11,7.1,4.4,2.6,1.2
CA,6037,Los Angeles County,6037189300,6037189300,0.1295,12.1,175854.0,7.9,27.4,6.7,0.0,39.44,4.5,6.8,6.1,1.7
CA,6037,Los Angeles County,6037189400,6037189400,0.0676,8.7,135278.0,3.2,24.2,2.3,3.36,77.77,7.4,7.2,0.0,1.2
CA,6037,Los Angeles County,6037189501,6037189501,0.0938,10.3,77074.0,4.8,28.7,6.6,0.0,100.0,4.2,9.4,0.6,0.0
CA,6037,Los Angeles County,6037189502,6037189502,0.5534,18.7,54811.0,13.8,46.6,28.7,0.37,98.6,9.8,11.0,8.8,3.0
CA,6037,Los Angeles County,6037189600,6037189600,0.2899,10.9,82446.0,5.6,36.9,10.8,0.8,10.89,6.7,6.0,2.8,2.7
CA,6037,Los Angeles County,6037189702,6037189702,0.4101,11.5,89707.0,2.3,31.0,18.8,6.54,45.66,13.8,13.1,7.1,2.4
CA,6037,Los Angeles County,6037189703,6037189703,0.2896,7.1,95403.0,8.4,37.3,4.8,12.4,94.4,12.3,1.3,9.4,2.0
CA,6037,Los Angeles County,6037189704,6037189704,0.1437,9.0,134145.0,3.5,20.5,0.9,0.0,55.79,14.2,2.2,0.0,4.9
CA,6037,Los Angeles County,6037189801,6037189801,0.3018,4.5,64257.0,5.7,46.7,16.4,0.0,5.69,9.5,4.9,12.8,2.8
CA,6037,Los Angeles County,6037189802,6037189802,0.6777,19.6,79484.0,13.6,35.4,14.1,0.0,16.14,14.7,12.4,15.3,2.1
CA,6037,Los Angeles County,6037189903,6037189903,0.3142,8.3,101932.0,10.5,26.8,8.9,4.49,46.52,11.3,13.3,3.4,3.7
CA,6037,Los Angeles County,6037189904,6037189904,0.5738,15.2,65221.0,10.5,57.2,16.4,3.12,90.34,12.8,8.7,6.0,10.2
CA,6037,Los Angeles County,6037189905,6037189905,0.4617,9.9,80256.0,5.5,37.7,9.5,2.58,2.49,10.5,5.3,2.7,3.7
CA,6037,Los Angeles County,6037189906,6037189906,0.3114,11.7,96667.0,7.2,30.9,10.9,1.51,99.38,5.2,5.9,4.1,4.5
CA,6037,Los Angeles County,6037189907,6037189907,0.2788,9.2,87994.0,4.7,33.8,11.9,2.29,97.21,9.7,8.8,6.2,1.3
CA,6037,Los Angeles County,6037190101,6037190101,0.399,25.0,55866.0,2.8,52.6,21.5,0.0,45.37,2.6,5.9,10.0,3.4
CA,6037,Los Angeles County,6037190102,6037190102,0.5569,15.3,76037.0,21.6,41.3,8.9,3.78,91.15,5.3,6.0,3.0,14.6
CA,6037,Los Angeles County,6037190201,6037190201,0.8562,20.1,34626.0,17.3,57.7,43.3,6.19,8.76,13.0,12.2,20.8,15.7
CA,6037,Los Angeles County,6037190202,6037190202,0.5688,26.4,45755.0,15.0,49.1,40.8,0.0,43.92,17.7,10.9,16.8,7.0
CA,6037,Los Angeles County,6037190302,6037190302,0.8238,18.4,62545.0,12.1,43.1,19.6,4.65,38.74,10.9,8.7,13.3,9.0
CA,6037,Los Angeles County,6037190303,6037190303,0.8018,23.9,35297.0,17.0,60.2,46.5,0.0,5.04,24.5,17.0,6.1,19.2
CA,6037,Los Angeles County,6037190401,6037190401,0.7486,7.2,64028.0,8.6,48.9,27.5,0.85,100.0,16.0,9.4,8.8,13.4
CA,6037,Los Angeles County,6037190402,6037190402,0.5642,18.2,60096.0,5.7,50.0,16.4,9.48,56.37,13.3,4.7,8.0,13.3
CA,6037,Los Angeles County,6037190510,6037190510,0.7773,24.6,58110.0,12.5,50.4,25.0,0.0,59.09,8.3,11.2,2.0,15.5
CA,6037,Los Angeles County,6037190520,6037190520,0.7335,28.1,51701.0,4.5,48.5,27.2,1.49,98.75,11.1,4.4,7.9,17.7
CA,6037,Los Angeles County,6037190701,6037190701,0.8983,27.0,48403.0,6.2,36.0,36.9,6.24,63.71,29.1,7.4,13.7,18.4
CA,6037,Los Angeles County,6037190702,6037190702,0.4077,5.8,71125.0,6.2,42.8,18.5,0.0,88.95,9.2,14.5,19.7,6.3
CA,6037,Los Angeles County,6037190801,6037190801,0.9069,30.6,51150.0,14.8,40.4,32.4,20.73,76.54,22.2,11.6,16.8,15.1
CA,6037,Los Angeles County,6037190802,6037190802,0.6856,22.3,70608.0,10.0,38.5,17.9,25.93,68.19,14.0,8.1,15.8,9.0
CA,6037,Los Angeles County,6037190901,6037190901,0.9876,30.0,41250.0,23.3,51.6,28.6,2.58,98.64,15.7,8.1,21.4,35.9
CA,6037,Los Angeles County,6037190902,6037190902,0.8345,16.9,64286.0,19.4,43.7,23.3,5.26,18.3,14.5,7.6,4.7,19.8
CA,6037,Los Angeles County,6037191000,6037191000,0.6003,12.6,63563.0,10.1,43.6,18.0,3.0,94.38,9.9,9.5,5.4,7.3
CA,6037,Los Angeles County,6037191110,6037191110,0.7875,49.4,46910.0,4.5,52.6,32.4,4.43,84.81,12.0,9.1,20.0,11.8
CA,6037,Los Angeles County,6037191120,6037191120,0.9551,16.2,46429.0,10.6,56.2,19.2,0.33,48.75,16.3,17.0,12.2,17.9
CA,6037,Los Angeles County,6037191201,6037191201,0.8623,22.8,41967.0,16.7,51.9,26.1,1.15,97.43,14.6,8.7,14.9,11.1
CA,6037,Los Angeles County,6037191203,6037191203,0.8838,22.6,46204.0,12.4,49.8,28.3,3.48,79.57,11.0,9.0,6.9,18.6
CA,6037,Los Angeles County,6037191204,6037191204,0.7832,22.9,59297.0,10.7,44.6,14.4,0.9,13.35,8.4,4.2,17.1,11.1
CA,6037,Los Angeles County,6037191301,6037191301,0.8244,22.7,69667.0,8.6,39.5,25.8,0.04,0.0,11.2,10.4,16.1,13.6
CA,6037,Los Angeles County,6037191302,6037191302,0.6455,9.7,59318.0,8.5,47.2,15.8,5.71,7.96,5.8,8.9,6.8,9.8
CA,6037,Los Angeles County,6037191410,6037191410,0.9537,31.0,50168.0,7.8,47.7,26.6,14.21,86.59,12.5,10.3,23.1,23.6
CA,6037,Los Angeles County,6037191420,6037191420,0.7658,12.9,73917.0,18.4,47.5,20.0,3.46,58.8,8.6,7.0,6.8,25.7
CA,6037,Los Angeles County,6037191500,6037191500,0.8485,16.9,62313.0,10.3,42.9,11.4,1.7,12.41,9.1,10.3,7.7,27.6
CA,6037,Los Angeles County,6037191610,6037191610,0.8666,21.2,48482.0,7.8,55.4,24.6,0.0,87.5,6.8,7.3,12.0,22.0
CA,6037,Los Angeles County,6037191620,6037191620,0.9692,21.8,52045.0,13.6,55.3,18.5,2.94,51.73,10.4,6.6,18.0,33.2
CA,6037,Los Angeles County,6037191710,6037191710,0.9791,25.8,28750.0,26.0,65.3,40.1,0.42,79.56,13.1,7.2,16.7,45.3
CA,6037,Los Angeles County,6037191720,6037191720,0.8042,16.6,39475.0,36.9,53.4,37.0,3.85,50.1,9.5,7.6,21.5,37.1
CA,6037,Los Angeles County,6037191810,6037191810,0.7004,6.1,55991.0,25.8,58.8,14.6,2.47,15.26,8.9,8.4,16.6,20.9
CA,6037,Los Angeles County,6037191820,6037191820,0.4944,13.3,71341.0,10.3,43.5,13.1,3.43,94.58,9.2,6.1,12.9,8.3
CA,6037,Los Angeles County,6037191901,6037191901,0.4456,20.6,64516.0,10.9,45.5,16.5,2.19,54.0,7.8,7.8,6.0,5.0
CA,6037,Los Angeles County,6037191902,6037191902,0.2546,13.7,88568.0,4.8,39.5,2.1,5.66,5.34,9.4,6.4,2.6,1.7
CA,6037,Los Angeles County,6037192001,6037192001,0.5574,20.1,93606.0,4.2,39.8,23.5,1.71,85.28,14.2,6.7,5.4,6.5
CA,6037,Los Angeles County,6037192002,6037192002,0.2898,7.8,111500.0,3.3,32.2,6.0,0.61,77.84,12.9,8.2,13.6,2.3
CA,6037,Los Angeles County,6037192300,6037192300,0.3643,10.0,92063.0,6.4,37.3,16.2,0.0,0.0,6.2,8.9,6.3,7.1
CA,6037,Los Angeles County,6037192410,6037192410,0.1366,6.2,111250.0,5.2,23.3,4.8,0.0,9.08,6.2,6.3,4.1,5.6
CA,6037,Los Angeles County,6037192420,6037192420,0.6852,14.5,61929.0,10.3,55.9,10.5,0.8,78.95,7.3,4.3,14.1,25.1
CA,6037,Los Angeles County,6037192510,6037192510,0.8002,20.7,62963.0,9.8,54.9,11.1,5.59,20.72,4.6,6.3,8.5,26.2
CA,6037,Los Angeles County,6037192520,6037192520,0.8774,18.5,61711.0,25.1,49.0,8.8,2.35,72.99,4.8,13.3,11.1,28.1
CA,6037,Los Angeles County,6037192610,6037192610,0.9294,22.2,47056.0,21.0,63.9,20.6,0.78,49.96,10.1,7.4,7.8,25.6
CA,6037,Los Angeles County,6037192620,6037192620,0.9545,25.4,49375.0,13.0,60.1,14.3,5.97,1.05,10.0,5.2,16.2,33.5
CA,6037,Los Angeles County,6037192700,6037192700,0.903,23.6,54775.0,18.1,49.2,22.0,0.0,2.16,15.4,7.5,12.3,20.0
CA,6037,Los Angeles County,6037194101,6037194101,0.3178,7.9,100893.0,7.6,32.2,10.6,1.07,65.54,10.4,13.4,2.0,5.0
CA,6037,Los Angeles County,6037194102,6037194102,0.1603,14.0,127917.0,5.3,24.4,6.9,4.33,82.74,8.2,5.3,9.0,2.6
CA,6037,Los Angeles County,6037194200,6037194200,0.1073,3.0,168821.0,4.9,24.5,1.8,0.0,59.26,12.1,9.0,2.3,1.4
CA,6037,Los Angeles County,6037194300,6037194300,0.0015,5.9,248173.0,2.8,16.2,0.7,4.14,91.36,4.5,4.9,1.2,0.0
CA,6037,Los Angeles County,6037194401,6037194401,0.3758,10.1,100234.0,4.5,28.6,13.3,1.13,21.13,8.7,9.1,8.2,5.4
CA,6037,Los Angeles County,6037194402,6037194402,0.3267,13.4,108309.0,4.0,36.2,5.1,4.95,100.0,11.7,6.4,3.1,2.3
CA,6037,Los Angeles County,6037194500,6037194500,0.3171,6.8,119762.0,1.1,27.4,9.7,0.43,100.0,8.6,6.7,7.0,7.0
CA,6037,Los Angeles County,6037195100,6037195100,0.1281,5.4,160804.0,1.2,15.3,3.9,0.0,41.56,5.8,2.1,3.0,1.7
CA,6037,Los Angeles County,6037195201,6037195201,0.2082,9.7,108831.0,3.6,26.9,3.7,3.04,39.28,9.2,8.7,4.5,6.4
CA,6037,Los Angeles County,6037195202,6037195202,0.0357,7.6,153537.0,1.8,14.7,3.2,0.0,19.14,5.3,8.8,2.5,2.1
CA,6037,Los Angeles County,6037195300,6037195300,0.4306,12.6,96298.0,5.0,28.6,7.2,0.3,85.44,12.6,16.6,6.4,3.3
CA,6037,Los Angeles County,6037195400,6037195400,0.2716,8.7,110051.0,4.6,25.6,8.3,6.62,83.95,10.4,9.1,7.8,3.0
CA,6037,Los Angeles County,6037195500,6037195500,0.2827,4.6,116815.0,1.2,21.4,7.5,6.32,49.2,5.4,8.1,6.1,7.6
CA,6037,Los Angeles County,6037195600,6037195600,0.741,27.2,61842.0,23.6,37.5,11.7,4.17,0.0,8.1,4.6,19.2,20.1
CA,6037,Los Angeles County,6037195710,6037195710,0.9291,35.8,66520.0,10.8,57.6,13.9,4.55,1.07,13.9,8.8,15.6,15.0
CA,6037,Los Angeles County,6037195720,6037195720,0.7736,18.5,70075.0,8.1,46.0,7.6,1.54,86.83,15.5,10.1,13.1,17.3
CA,6037,Los Angeles County,6037195802,6037195802,0.75,14.9,77216.0,17.3,43.1,12.4,2.91,24.55,13.7,6.2,13.0,16.4
CA,6037,Los Angeles County,6037195803,6037195803,0.6451,14.3,86333.0,7.3,33.7,12.3,1.96,98.77,14.2,9.1,6.7,7.3
CA,6037,Los Angeles County,6037195804,6037195804,0.6823,14.9,66659.0,8.1,29.2,8.4,9.08,40.31,14.4,5.7,4.0,14.3
CA,6037,Los Angeles County,6037195901,6037195901,0.6631,14.8,86477.0,6.4,35.6,22.0,0.0,23.44,7.7,16.3,5.4,12.0
CA,6037,Los Angeles County,6037195902,6037195902,0.217,7.5,127500.0,4.7,30.1,6.9,0.0,55.15,3.4,9.3,1.7,0.0
CA,6037,Los Angeles County,6037195903,6037195903,0.4522,9.4,88750.0,3.7,32.7,7.8,1.43,23.15,15.2,6.6,2.0,7.4
CA,6037,Los Angeles County,6037197200,6037197200,0.5626,5.7,73385.0,6.7,31.3,10.0,2.21,81.96,18.2,3.2,7.3,17.4
CA,6037,Los Angeles County,6037197300,6037197300,0.4543,7.8,103042.0,7.3,27.8,10.7,3.53,19.69,8.6,9.0,5.2,7.9
CA,6037,Los Angeles County,6037197410,6037197410,0.4239,10.0,94594.0,7.2,21.2,3.3,3.08,95.69,13.5,10.1,9.9,6.4
CA,6037,Los Angeles County,6037197420,6037197420,0.6845,7.1,87125.0,13.4,35.5,6.6,0.58,10.31,8.3,7.3,4.6,13.5
CA,6037,Los Angeles County,6037197500,6037197500,0.4657,11.2,82979.0,12.5,29.7,12.5,11.35,38.66,10.4,6.2,8.1,13.1
CA,6037,Los Angeles County,6037197600,6037197600,0.5084,23.5,94219.0,11.9,24.6,5.8,0.0,96.79,6.4,8.9,7.8,12.6
CA,6037,Los Angeles County,6037197700,6037197700,0.7463,15.4,63073.0,11.6,49.0,15.4,1.56,5.31,11.8,4.7,14.2,25.1
CA,6037,Los Angeles County,6037199001,6037199001,0.9228,18.7,52258.0,20.0,50.4,10.8,0.0,93.59,17.6,7.6,10.5,42.4
CA,6037,Los Angeles County,6037199002,6037199002,0.7045,8.6,67279.0,6.7,40.7,10.4,2.67,60.91,17.8,10.0,13.5,17.6
CA,6037,Los Angeles County,6037199110,6037199110,0.7304,15.5,73750.0,18.5,21.9,13.8,11.18,93.82,12.1,13.9,13.8,19.1
CA,6037,Los Angeles County,6037199120,6037199120,0.9844,25.9,46678.0,18.4,51.7,19.7,9.42,53.12,9.2,11.8,11.4,22.5
CA,6037,Los Angeles County,6037199201,6037199201,0.8799,25.0,54695.0,14.9,44.2,26.0,0.0,11.65,7.6,7.8,23.1,29.8
CA,6037,Los Angeles County,6037199202,6037199202,0.9122,15.7,89375.0,15.3,39.6,22.6,0.57,53.64,12.5,8.1,22.7,16.0
CA,6037,Los Angeles County,6037199300,6037199300,0.6498,13.5,99375.0,16.0,19.5,18.2,2.39,69.86,14.7,9.6,10.4,19.0
CA,6037,Los Angeles County,6037199400,6037199400,0.8309,29.0,55997.0,11.5,40.9,10.4,6.47,28.9,7.2,15.2,13.4,31.6
CA,6037,Los Angeles County,6037199700,6037199700,0.8632,18.8,50584.0,8.7,48.4,10.0,2.14,31.82,17.2,4.1,15.4,19.9
CA,6037,Los Angeles County,6037199801,6037199801,0.884,15.5,60333.0,16.3,42.1,16.9,4.93,99.12,6.6,7.3,15.7,30.7
CA,6037,Los Angeles County,6037199802,6037199802,0.6896,13.2,57880.0,9.3,41.3,7.7,0.0,80.64,12.7,6.9,4.2,36.3
CA,6037,Los Angeles County,6037199900,6037199900,0.9128,16.1,49612.0,11.3,47.6,20.4,19.77,71.43,12.9,10.7,23.0,28.7
CA,6037,Los Angeles County,6037201110,6037201110,0.6706,10.6,91313.0,7.3,28.3,5.9,0.56,13.72,12.9,1.9,9.6,9.4
CA,6037,Los Angeles County,6037201120,6037201120,0.6566,12.7,85663.0,8.9,31.0,5.5,0.0,0.0,11.4,8.7,9.1,13.0
CA,6037,Los Angeles County,6037201200,6037201200,0.6302,12.9,80885.0,12.7,29.0,7.7,0.0,9.84,11.5,5.2,11.2,19.2
CA,6037,Los Angeles County,6037201301,6037201301,0.7667,14.3,87574.0,3.0,18.3,13.4,9.89,84.41,11.6,10.2,6.1,15.9
CA,6037,Los Angeles County,6037201302,6037201302,0.3684,9.7,110682.0,1.1,22.6,1.9,4.33,67.66,15.6,5.8,4.4,9.3
CA,6037,Los Angeles County,6037201401,6037201401,0.8917,24.3,67404.0,12.1,44.6,9.8,6.47,41.79,9.7,11.1,10.0,12.1
CA,6037,Los Angeles County,6037201402,6037201402,0.7595,18.6,75391.0,4.1,24.5,7.5,11.68,98.6,17.2,6.7,14.5,19.5
CA,6037,Los Angeles County,6037201501,6037201501,0.8347,12.1,87554.0,9.3,31.0,2.9,0.0,24.72,15.6,11.2,3.4,17.7
CA,6037,Los Angeles County,6037201503,6037201503,0.8319,12.9,60375.0,13.6,30.5,11.8,0.0,24.08,9.2,9.6,18.8,20.0
CA,6037,Los Angeles County,6037201504,6037201504,0.718,15.0,73929.0,9.3,37.3,4.0,3.81,11.44,11.9,8.0,10.1,24.6
CA,6037,Los Angeles County,6037201601,6037201601,0.7664,16.5,65655.0,17.6,34.9,7.2,8.35,100.0,9.9,21.7,9.6,21.0
CA,6037,Los Angeles County,6037201602,6037201602,0.9273,14.5,68972.0,7.8,34.0,8.6,9.7,80.44,20.0,10.5,17.8,20.5
CA,6037,Los Angeles County,6037201700,6037201700,0.6327,9.3,76507.0,5.3,30.0,4.3,5.71,95.57,8.4,6.7,7.0,11.8
CA,6037,Los Angeles County,6037203100,6037203100,0.9691,25.2,50515.0,18.7,45.3,9.8,22.13,100.0,10.7,10.6,12.7,29.3
CA,6037,Los Angeles County,6037203200,6037203200,0.8905,23.5,63750.0,11.8,41.6,7.2,22.06,98.73,9.4,9.4,8.7,23.4
CA,6037,Los Angeles County,6037203300,6037203300,0.9965,47.4,24236.0,8.9,68.4,21.4,38.12,100.0,17.2,13.8,15.7,15.3
CA,6037,Los Angeles County,6037203500,6037203500,0.9707,29.8,48194.0,12.7,50.3,20.5,17.97,83.96,17.5,12.3,21.9,18.9
CA,6037,Los Angeles County,6037203601,6037203601,0.9608,20.5,46078.0,17.0,54.3,9.0,0.76,29.8,23.1,10.4,14.9,26.7
CA,6037,Los Angeles County,6037203602,6037203602,0.8197,33.6,70047.0,26.4,45.3,17.9,6.39,82.8,12.5,3.0,15.0,24.8
CA,6037,Los Angeles County,6037203710,6037203710,0.902,23.8,70515.0,27.2,46.1,7.5,16.18,62.09,9.4,10.1,5.1,23.7
CA,6037,Los Angeles County,6037203720,6037203720,0.9267,19.7,69015.0,18.4,43.1,11.6,4.1,3.98,12.7,10.4,12.8,27.0
CA,6037,Los Angeles County,6037203800,6037203800,0.85,26.0,53895.0,17.3,44.8,21.7,9.58,21.63,10.3,6.6,9.6,16.9
CA,6037,Los Angeles County,6037203900,6037203900,0.7571,12.3,91250.0,22.0,24.5,6.7,0.0,2.17,9.3,5.5,17.0,26.8
CA,6037,Los Angeles County,6037204110,6037204110,0.7823,24.2,70878.0,17.1,39.9,21.5,23.66,94.49,10.8,6.4,20.6,25.8
CA,6037,Los Angeles County,6037204120,6037204120,0.9073,8.4,78938.0,18.5,33.8,20.3,14.68,2.78,11.6,11.6,18.7,23.2
CA,6037,Los Angeles County,6037204200,6037204200,0.9312,26.9,45662.0,16.6,48.2,15.1,2.5,100.0,10.1,11.0,17.4,26.4
CA,6037,Los Angeles County,6037204300,6037204300,0.9958,23.9,53421.0,12.1,42.4,23.9,1.47,100.0,11.0,7.9,18.9,33.8
CA,6037,Los Angeles County,6037204410,6037204410,0.9395,28.7,90230.0,19.6,53.0,30.1,4.69,29.3,17.6,7.5,17.2,36.7
CA,6037,Los Angeles County,6037204420,6037204420,0.9971,28.7,46507.0,17.9,44.3,21.7,3.66,0.0,14.0,11.8,14.8,29.4
CA,6037,Los Angeles County,6037204600,6037204600,0.9556,22.7,45357.0,12.0,57.1,14.5,3.9,0.51,13.5,13.5,18.3,23.0
CA,6037,Los Angeles County,6037204700,6037204700,0.8862,23.0,69861.0,15.6,37.7,9.7,0.0,0.0,10.8,8.8,9.3,23.4
CA,6037,Los Angeles County,6037204810,6037204810,0.9704,20.7,53988.0,9.0,44.5,14.3,0.0,2.98,9.2,6.6,15.2,21.2
CA,6037,Los Angeles County,6037204820,6037204820,0.7361,15.3,61176.0,8.5,36.0,7.2,0.17,47.22,9.7,0.9,16.2,22.8
CA,6037,Los Angeles County,6037204910,6037204910,0.9697,27.9,47017.0,12.8,44.6,25.4,0.69,7.18,10.6,8.3,20.4,26.1
CA,6037,Los Angeles County,6037204920,6037204920,0.9751,19.9,67083.0,12.2,35.5,15.0,2.17,0.56,15.2,11.7,9.2,24.9
CA,6037,Los Angeles County,6037205110,6037205110,0.9588,26.4,51389.0,24.3,59.2,14.3,7.43,63.99,7.4,16.1,28.3,31.8
CA,6037,Los Angeles County,6037205120,6037205120,0.9648,34.4,29946.0,10.4,56.0,19.0,21.29,99.83,12.5,15.3,16.3,24.8
CA,6037,Los Angeles County,6037206010,6037206010,0.8963,28.0,57653.0,12.6,47.3,25.7,5.68,34.09,9.6,16.2,12.0,23.0
CA,6037,Los Angeles County,6037206020,6037206020,0.3946,14.4,118438.0,6.8,26.7,5.6,0.0,30.44,1.4,4.3,0.0,5.5
CA,6037,Los Angeles County,6037206050,6037206050,0.9988,17.9,47431.0,8.0,41.3,24.0,8.29,20.32,15.2,15.8,31.1,26.2
CA,6037,Los Angeles County,6037206051,6037206051,0.135,5.0,128000.0,14.9,21.9,4.8,0.0,27.28,2.3,8.8,3.7,0.0
CA,6037,Los Angeles County,6037206052,6037206052,0.2435,13.4,103519.0,6.0,31.6,9.8,0.0,82.69,3.1,3.8,0.9,3.9
CA,6037,Los Angeles County,6037206053,6037206053,0.9946,29.8,36833.0,14.2,46.6,32.0,2.26,1.32,15.6,6.0,36.1,31.3
CA,6037,Los Angeles County,6037206054,6037206054,0.9523,41.8,41852.0,17.5,49.0,11.0,2.02,52.3,5.6,12.0,8.6,27.0
CA,6037,Los Angeles County,6037206201,6037206201,0.7264,33.3,46250.0,5.4,53.1,20.8,0.0,99.94,16.3,17.8,22.6,6.1
CA,6037,Los Angeles County,6037206202,6037206202,0.9358,44.8,22353.0,2.6,50.0,58.9,4.45,55.11,29.0,5.5,46.1,25.0
CA,6037,Los Angeles County,6037206301,6037206301,0.7816,65.9,13738.0,8.8,47.8,83.0,3.42,96.85,59.3,30.5,62.3,0.9
CA,6037,Los Angeles County,6037206302,6037206302,0.7618,68.2,9417.0,10.9,46.4,78.5,1.08,59.46,50.9,44.4,47.6,2.0
CA,6037,Los Angeles County,6037206303,6037206303,0.8556,73.7,11359.0,21.6,49.8,82.8,2.07,81.43,51.3,44.6,66.1,6.2
CA,6037,Los Angeles County,6037207101,6037207101,0.7559,27.6,57755.0,20.6,45.1,21.1,0.0,0.0,9.9,5.0,24.0,20.6
CA,6037,Los Angeles County,6037207102,6037207102,0.939,28.6,90230.0,5.5,34.7,23.7,5.03,50.45,13.5,13.3,25.7,29.0
CA,6037,Los Angeles County,6037207103,6037207103,0.9008,21.9,41667.0,13.7,51.6,35.0,0.0,99.22,9.7,7.9,27.1,41.0
CA,6037,Los Angeles County,6037207303,6037207303,0.64,22.6,30867.0,10.9,45.0,44.8,1.97,55.91,14.8,4.7,10.0,10.9
CA,6037,Los Angeles County,6037207304,6037207304,0.7645,46.0,12443.0,11.3,42.3,63.9,38.73,59.37,26.8,18.6,33.6,6.0
CA,6037,Los Angeles County,6037207305,6037207305,0.5252,8.9,67188.0,23.7,45.3,36.0,8.61,3.29,13.3,5.7,3.2,2.5
CA,6037,Los Angeles County,6037207306,6037207306,0.545,23.4,45321.0,10.0,37.4,44.8,3.95,2.51,23.5,9.1,12.3,1.5
CA,6037,Los Angeles County,6037207307,6037207307,0.6762,51.4,14940.0,2.6,35.8,70.3,4.37,0.0,35.6,17.3,23.2,1.2
CA,6037,Los Angeles County,6037207308,6037207308,0.2292,9.9,97188.0,10.2,23.2,17.9,2.8,49.62,5.0,15.1,5.7,0.0
CA,6037,Los Angeles County,6037207400,6037207400,0.6409,31.7,59703.0,9.0,39.2,7.9,3.93,4.1,4.2,10.8,21.2,10.8
CA,6037,Los Angeles County,6037207501,6037207501,0.2772,16.3,99321.0,11.6,32.9,15.3,13.67,89.06,6.0,5.6,4.6,1.0
CA,6037,Los Angeles County,6037207502,6037207502,0.926,41.8,19328.0,6.3,53.2,50.5,1.18,1.4,31.5,12.3,36.2,39.4
CA,6037,Los Angeles County,6037207711,6037207711,0.2548,8.0,165379.0,1.6,20.1,13.8,0.0,3.64,8.2,7.1,1.9,0.8
CA,6037,Los Angeles County,6037207712,6037207712,0.7238,23.6,85886.0,7.7,31.2,35.1,2.9,91.98,14.8,5.5,21.1,17.6
CA,6037,Los Angeles County,6037207901,6037207901,0.5106,30.1,83828.0,8.5,28.1,25.0,7.87,25.31,8.6,4.0,15.8,9.4
CA,6037,Los Angeles County,6037207902,6037207902,0.299,16.6,112796.0,9.2,27.1,13.1,3.5,23.54,3.5,8.4,5.3,1.7
CA,6037,Los Angeles County,6037208001,6037208001,0.3075,21.8,85435.0,5.4,37.0,3.4,10.7,1.47,3.2,0.0,4.7,13.1
CA,6037,Los Angeles County,6037208002,6037208002,0.8635,30.9,47151.0,24.5,48.8,19.8,7.91,98.92,6.3,9.8,20.9,26.6
CA,6037,Los Angeles County,6037208301,6037208301,0.9042,37.9,41719.0,34.2,46.6,31.8,0.0,100.0,9.3,5.6,20.1,34.4
CA,6037,Los Angeles County,6037208302,6037208302,0.9576,31.9,56106.0,15.7,45.4,30.8,1.34,86.81,11.4,3.9,15.5,21.4
CA,6037,Los Angeles County,6037208401,6037208401,0.9439,24.2,49900.0,21.4,46.0,31.4,0.55,58.36,13.8,7.4,15.2,40.8
CA,6037,Los Angeles County,6037208402,6037208402,0.8439,17.8,70500.0,14.0,42.2,19.8,2.76,21.28,9.2,5.4,5.9,14.2
CA,6037,Los Angeles County,6037208501,6037208501,0.7631,18.2,75694.0,8.5,34.0,15.7,3.65,99.59,12.2,5.9,13.9,20.7
CA,6037,Los Angeles County,6037208502,6037208502,0.9747,19.8,47654.0,23.2,60.6,24.9,3.73,87.65,13.5,4.5,20.0,36.2
CA,6037,Los Angeles County,6037208610,6037208610,0.929,16.1,73598.0,17.7,38.1,12.7,0.0,2.15,11.3,9.6,6.6,21.3
CA,6037,Los Angeles County,6037208620,6037208620,0.8308,18.5,74046.0,16.2,36.0,16.7,4.19,0.32,11.2,6.3,9.4,17.8
CA,6037,Los Angeles County,6037208710,6037208710,0.7584,8.7,61754.0,13.6,45.9,17.2,42.88,38.47,11.7,9.4,12.2,21.5
CA,6037,Los Angeles County,6037208720,6037208720,0.9503,37.9,39085.0,26.3,62.8,34.6,2.65,76.33,12.3,11.0,29.7,33.1
CA,6037,Los Angeles County,6037208801,6037208801,0.9871,25.9,45097.0,18.0,52.2,45.8,1.25,28.22,21.4,6.1,33.4,27.3
CA,6037,Los Angeles County,6037208802,6037208802,0.9374,21.8,37798.0,16.7,54.6,34.4,3.52,97.36,13.4,7.2,13.7,26.4
CA,6037,Los Angeles County,6037208902,6037208902,0.9758,46.4,35497.0,43.5,63.4,55.2,10.58,83.69,3.9,6.0,24.2,41.0
CA,6037,Los Angeles County,6037208903,6037208903,0.9635,44.5,46573.0,41.9,54.7,42.0,4.36,99.48,9.2,5.2,33.7,51.1
CA,6037,Los Angeles County,6037208904,6037208904,0.9819,50.7,27088.0,27.3,63.1,60.6,0.0,3.63,9.7,4.7,44.4,47.9
CA,6037,Los Angeles County,6037209103,6037209103,0.9904,51.0,31948.0,25.0,65.0,43.0,12.66,76.7,9.5,6.4,42.4,36.9
CA,6037,Los Angeles County,6037209104,6037209104,0.9934,33.8,37692.0,24.7,50.9,41.1,7.6,94.05,14.4,4.7,29.7,33.9
CA,6037,Los Angeles County,6037209105,6037209105,0.9877,50.2,31125.0,14.5,68.4,49.2,2.18,44.63,13.5,7.6,37.7,32.1
CA,6037,Los Angeles County,6037209106,6037209106,0.8351,33.5,47102.0,23.9,49.3,29.4,2.97,59.91,11.5,2.1,21.8,23.0
CA,6037,Los Angeles County,6037209201,6037209201,0.4574,23.0,72313.0,14.8,41.0,12.8,2.5,89.71,7.3,4.1,6.1,2.9
CA,6037,Los Angeles County,6037209202,6037209202,0.9333,33.4,35694.0,20.1,67.1,30.2,3.08,60.26,9.5,0.0,18.7,13.9
CA,6037,Los Angeles County,6037209300,6037209300,0.9625,46.7,31655.0,17.2,61.5,34.4,7.68,22.89,13.8,9.0,24.0,19.1
CA,6037,Los Angeles County,6037209401,6037209401,0.9945,22.3,34739.0,23.5,43.5,48.5,3.99,93.96,16.1,7.5,28.5,41.1
CA,6037,Los Angeles County,6037209402,6037209402,0.978,31.7,47411.0,41.1,50.6,61.4,0.54,26.91,11.0,2.1,40.4,58.9
CA,6037,Los Angeles County,6037209403,6037209403,0.9986,26.7,31446.0,22.4,67.3,60.5,5.44,100.0,10.1,12.1,29.7,31.4
CA,6037,Los Angeles County,6037209510,6037209510,0.9579,22.7,40777.0,36.9,59.5,19.5,4.0,62.15,8.5,6.1,15.7,39.7
CA,6037,Los Angeles County,6037209520,6037209520,0.9865,27.3,41318.0,25.8,51.6,43.4,16.25,73.1,12.0,11.4,23.2,31.1
CA,6037,Los Angeles County,6037209810,6037209810,0.9951,31.6,34327.0,25.9,60.3,34.0,2.15,84.09,17.6,6.9,30.0,40.1
CA,6037,Los Angeles County,6037209820,6037209820,0.966,20.1,48269.0,37.0,44.7,26.1,2.94,86.85,10.9,6.6,24.3,32.0
CA,6037,Los Angeles County,6037210010,6037210010,0.998,33.3,32969.0,26.6,46.1,45.4,7.74,95.79,13.5,12.5,31.8,41.0
CA,6037,Los Angeles County,6037211000,6037211000,0.333,9.1,155122.0,5.3,25.0,1.7,3.66,51.17,5.1,8.9,3.6,7.3
CA,6037,Los Angeles County,6037211121,6037211121,0.889,19.2,71250.0,20.2,40.6,7.4,3.58,89.32,11.5,13.4,8.2,15.5
CA,6037,Los Angeles County,6037211122,6037211122,0.9257,29.0,49653.0,18.9,52.6,32.7,4.13,19.92,10.0,3.8,12.3,12.3
CA,6037,Los Angeles County,6037211123,6037211123,0.4398,12.8,80063.0,10.1,37.2,16.1,4.85,56.16,7.8,1.2,5.2,12.8
CA,6037,Los Angeles County,6037211124,6037211124,0.8888,17.1,60559.0,14.6,45.2,25.1,4.04,68.71,10.1,6.3,8.6,26.3
CA,6037,Los Angeles County,6037211201,6037211201,0.854,19.0,57478.0,22.1,54.9,11.6,3.11,84.99,12.3,4.3,15.6,21.1
CA,6037,Los Angeles County,6037211202,6037211202,0.7763,25.9,49385.0,14.9,43.6,33.6,3.46,100.0,8.2,6.9,15.9,23.2
CA,6037,Los Angeles County,6037211310,6037211310,0.9146,28.7,43287.0,20.5,58.2,26.8,0.0,100.0,5.4,9.2,11.6,18.8
CA,6037,Los Angeles County,6037211320,6037211320,0.9729,28.0,37959.0,15.2,54.3,46.1,0.0,97.69,10.0,7.9,18.7,31.3
CA,6037,Los Angeles County,6037211410,6037211410,0.9878,13.6,48333.0,17.9,71.9,16.6,3.0,25.69,9.3,4.9,9.3,34.0
CA,6037,Los Angeles County,6037211420,6037211420,0.8918,21.6,55492.0,21.7,47.3,24.5,0.2,77.25,12.0,7.3,10.8,26.7
CA,6037,Los Angeles County,6037211500,6037211500,0.5566,9.8,72375.0,9.7,43.2,11.0,0.2,25.76,7.8,4.8,6.4,14.5
CA,6037,Los Angeles County,6037211701,6037211701,0.5073,8.2,96599.0,7.9,37.5,6.4,0.0,16.47,7.8,5.8,7.7,12.1
CA,6037,Los Angeles County,6037211703,6037211703,0.7669,14.9,58029.0,12.9,47.6,20.5,1.71,99.59,9.3,2.9,11.1,20.8
CA,6037,Los Angeles County,6037211704,6037211704,0.7309,18.0,42250.0,11.8,50.3,23.3,1.87,8.84,10.3,3.0,21.8,20.1
CA,6037,Los Angeles County,6037211802,6037211802,0.8189,24.6,50090.0,11.9,53.2,22.6,7.84,29.34,9.2,9.1,5.4,15.5
CA,6037,Los Angeles County,6037211803,6037211803,0.8072,17.6,56000.0,14.7,52.4,12.7,14.93,89.49,5.8,10.0,7.7,15.4
CA,6037,Los Angeles County,6037211804,6037211804,0.9463,22.8,46361.0,15.8,56.6,17.0,2.5,81.04,12.5,13.3,15.4,17.6
CA,6037,Los Angeles County,6037211910,6037211910,0.8212,13.5,60988.0,20.7,55.4,19.5,0.85,98.96,12.2,4.9,11.8,17.2
CA,6037,Los Angeles County,6037211921,6037211921,0.7602,28.9,37849.0,24.2,60.1,24.1,0.33,13.38,9.7,3.2,15.8,35.9
CA,6037,Los Angeles County,6037211922,6037211922,0.8024,13.0,51060.0,15.2,56.6,29.4,2.55,30.81,9.5,11.3,11.8,17.5
CA,6037,Los Angeles County,6037212101,6037212101,0.6096,28.3,53098.0,16.8,45.9,26.8,1.44,96.97,3.6,5.2,4.3,13.1
CA,6037,Los Angeles County,6037212102,6037212102,0.9715,21.0,34790.0,14.5,58.5,31.8,1.9,0.0,13.8,5.2,18.9,20.6
CA,6037,Los Angeles County,6037212202,6037212202,0.8496,22.7,53006.0,28.3,52.0,33.5,2.58,100.0,8.4,0.9,29.8,39.6
CA,6037,Los Angeles County,6037212203,6037212203,0.96,32.4,39238.0,23.5,51.4,41.1,1.34,83.72,14.6,7.5,25.9,35.2
CA,6037,Los Angeles County,6037212204,6037212204,0.8489,33.8,40431.0,20.7,62.4,26.2,0.0,51.91,6.8,2.3,15.0,35.3
CA,6037,Los Angeles County,6037212303,6037212303,0.8969,36.5,35074.0,30.3,58.6,35.9,1.05,18.48,3.8,6.5,11.0,33.3
CA,6037,Los Angeles County,6037212304,6037212304,0.9506,29.4,41206.0,24.5,65.5,49.0,6.77,16.92,6.3,7.0,16.3,27.0
CA,6037,Los Angeles County,6037212305,6037212305,0.9631,32.2,46615.0,31.3,52.4,29.9,3.7,99.17,9.3,5.4,11.7,33.6
CA,6037,Los Angeles County,6037212306,6037212306,0.8775,27.4,54177.0,20.5,59.3,17.6,0.79,97.59,4.1,4.9,14.1,28.5
CA,6037,Los Angeles County,6037212410,6037212410,0.7847,13.6,49223.0,25.0,60.0,23.7,2.9,50.68,6.6,5.8,12.7,38.4
CA,6037,Los Angeles County,6037212420,6037212420,0.918,25.2,48864.0,24.2,60.1,34.4,0.0,36.7,8.0,3.7,13.0,30.9
CA,6037,Los Angeles County,6037212501,6037212501,0.674,14.2,47574.0,25.7,52.5,28.2,0.0,0.0,3.8,4.4,13.0,25.9
CA,6037,Los Angeles County,6037212502,6037212502,0.7858,20.4,61469.0,18.3,51.5,28.7,0.0,80.09,8.5,2.9,3.3,26.2
CA,6037,Los Angeles County,6037212610,6037212610,0.7117,16.2,66550.0,20.5,42.7,12.2,1.89,6.87,8.3,4.8,5.4,23.1
CA,6037,Los Angeles County,6037212620,6037212620,0.9131,27.6,45412.0,16.2,56.6,24.0,0.0,0.0,12.2,6.5,16.0,26.7
CA,6037,Los Angeles County,6037212701,6037212701,0.7814,9.6,71563.0,14.0,43.5,8.2,0.0,37.66,8.8,4.8,6.6,23.1
CA,6037,Los Angeles County,6037212702,6037212702,0.5477,11.0,94940.0,10.3,34.1,5.2,1.25,97.6,5.4,5.2,10.5,22.7
CA,6037,Los Angeles County,6037212800,6037212800,0.5231,8.8,73478.0,8.5,41.3,15.5,0.0,3.69,7.9,5.2,19.2,17.8
CA,6037,Los Angeles County,6037212900,6037212900,0.8518,19.0,51948.0,32.1,44.6,24.6,0.0,50.67,8.6,4.7,14.6,25.7
CA,6037,Los Angeles County,6037213100,6037213100,0.736,24.0,55980.0,13.5,50.1,9.6,7.28,74.15,7.5,2.1,6.6,26.6
CA,6037,Los Angeles County,6037213201,6037213201,0.9052,25.3,40756.0,20.4,59.0,19.4,1.41,100.0,7.5,11.4,8.4,29.5
CA,6037,Los Angeles County,6037213202,6037213202,0.9566,18.9,62516.0,21.8,40.1,22.6,4.65,100.0,10.0,6.4,18.2,34.1
CA,6037,Los Angeles County,6037213310,6037213310,0.7639,22.3,69087.0,22.4,27.9,14.7,7.92,85.82,5.4,6.8,16.0,44.7
CA,6037,Los Angeles County,6037213320,6037213320,0.8621,19.0,33576.0,13.5,48.3,31.3,1.06,9.66,9.4,1.6,29.2,27.7
CA,6037,Los Angeles County,6037213401,6037213401,0.9204,19.9,46121.0,26.8,54.0,18.6,0.0,100.0,6.8,4.5,18.3,41.6
CA,6037,Los Angeles County,6037213402,6037213402,0.9345,22.8,51740.0,26.6,65.1,17.1,4.97,51.2,4.4,2.0,25.0,27.5
CA,6037,Los Angeles County,6037214000,6037214000,0.2471,2.1,148846.0,5.2,21.1,7.3,4.37,53.22,8.5,10.0,6.4,0.7
CA,6037,Los Angeles County,6037214100,6037214100,0.1253,5.6,138125.0,3.4,25.3,2.5,3.08,6.58,9.0,5.7,9.9,1.5
CA,6037,Los Angeles County,6037214400,6037214400,0.2355,15.2,95882.0,5.7,27.7,10.2,5.43,100.0,8.2,15.2,7.7,2.2
CA,6037,Los Angeles County,6037214501,6037214501,0.4168,8.3,107725.0,2.9,27.4,9.0,0.0,5.88,6.3,5.7,18.9,10.8
CA,6037,Los Angeles County,6037214503,6037214503,0.5029,18.2,85960.0,7.2,34.7,9.9,4.93,34.43,9.2,9.4,6.0,5.0
CA,6037,Los Angeles County,6037214504,6037214504,0.4639,17.0,102539.0,10.3,34.8,11.3,1.04,83.13,5.6,7.6,5.3,5.1
CA,6037,Los Angeles County,6037214505,6037214505,0.2676,13.0,82148.0,11.4,45.1,5.2,0.42,2.88,7.8,8.7,18.5,0.5
CA,6037,Los Angeles County,6037214600,6037214600,0.3468,12.0,115326.0,1.1,23.5,7.8,0.0,71.16,18.2,8.3,3.9,1.1
CA,6037,Los Angeles County,6037214700,6037214700,0.3619,11.1,115057.0,7.1,26.6,6.2,0.0,20.6,12.5,12.5,5.7,1.0
CA,6037,Los Angeles County,6037214800,6037214800,0.3116,16.4,123320.0,0.6,24.7,6.4,4.84,10.67,6.4,8.1,7.9,5.1
CA,6037,Los Angeles County,6037214902,6037214902,0.3233,12.0,112940.0,5.0,34.1,5.2,1.74,99.05,10.2,1.8,4.1,4.7
CA,6037,Los Angeles County,6037214903,6037214903,0.3649,19.2,90230.0,3.8,52.0,13.4,4.09,33.84,12.7,3.2,11.8,10.2
CA,6037,Los Angeles County,6037214904,6037214904,0.0564,4.5,116734.0,2.9,24.6,2.2,3.63,26.08,4.5,5.4,0.0,3.7
CA,6037,Los Angeles County,6037215101,6037215101,0.2748,14.5,80071.0,11.5,42.6,19.8,0.0,0.0,6.0,11.6,6.4,2.8
CA,6037,Los Angeles County,6037215102,6037215102,0.1863,10.7,91944.0,5.1,37.1,12.2,2.76,5.87,7.0,10.7,5.5,0.7
CA,6037,Los Angeles County,6037216100,6037216100,0.3299,11.9,139565.0,9.0,27.4,0.6,0.0,2.15,6.2,7.1,5.4,6.9
CA,6037,Los Angeles County,6037216201,6037216201,0.0868,12.3,110094.0,2.5,35.5,2.6,0.18,10.65,4.2,2.2,8.5,0.7
CA,6037,Los Angeles County,6037216202,6037216202,0.2933,10.0,79085.0,7.3,35.5,1.2,1.25,80.72,6.1,7.3,6.6,1.1
CA,6037,Los Angeles County,6037216301,6037216301,0.1093,8.9,90230.0,8.1,11.2,6.2,2.31,30.03,15.8,5.6,1.3,0.3
CA,6037,Los Angeles County,6037216302,6037216302,0.235,11.3,98194.0,6.5,34.4,5.8,2.62,58.83,4.8,3.4,8.9,9.8
CA,6037,Los Angeles County,6037216401,6037216401,0.5647,9.2,97663.0,9.9,35.5,11.9,2.13,100.0,12.2,6.0,6.4,5.6
CA,6037,Los Angeles County,6037216402,6037216402,0.3081,9.8,94079.0,4.8,30.6,11.9,3.11,15.89,6.8,14.4,4.3,1.5
CA,6037,Los Angeles County,6037216700,6037216700,0.476,12.3,104948.0,5.6,28.3,10.5,0.0,0.0,9.1,4.4,6.1,4.5
CA,6037,Los Angeles County,6037216800,6037216800,0.31,4.1,125241.0,11.7,31.8,5.5,3.89,8.9,5.4,4.4,3.5,6.6
CA,6037,Los Angeles County,6037216901,6037216901,0.1627,9.2,111696.0,1.9,24.6,4.2,0.0,53.88,6.0,3.2,14.0,0.1
CA,6037,Los Angeles County,6037216902,6037216902,0.678,27.2,65893.0,13.7,42.9,9.4,0.73,23.01,2.7,10.6,16.2,1.9
CA,6037,Los Angeles County,6037217001,6037217001,0.4039,4.5,123462.0,5.7,28.2,10.8,0.21,25.26,9.1,10.0,4.9,1.7
CA,6037,Los Angeles County,6037217002,6037217002,0.4405,9.3,110278.0,3.3,32.8,8.1,4.43,9.65,9.2,3.1,6.4,3.1
CA,6037,Los Angeles County,6037217101,6037217101,0.6357,16.2,83125.0,2.1,38.4,11.9,1.23,1.57,6.9,26.5,10.3,19.3
CA,6037,Los Angeles County,6037217102,6037217102,0.3079,10.1,100063.0,6.1,30.6,10.1,4.01,99.74,5.6,3.6,16.8,4.8
CA,6037,Los Angeles County,6037217200,6037217200,0.7665,11.5,79028.0,14.0,36.1,10.9,2.94,12.34,15.9,7.4,5.9,13.2
CA,6037,Los Angeles County,6037218110,6037218110,0.9673,22.6,43990.0,20.1,48.5,16.8,0.84,61.7,9.6,14.5,9.3,14.0
CA,6037,Los Angeles County,6037218120,6037218120,0.9398,22.9,50606.0,10.3,41.4,21.8,3.08,89.57,12.8,8.3,12.4,26.3
CA,6037,Los Angeles County,6037218210,6037218210,0.8912,15.3,55614.0,32.2,47.5,19.2,0.0,16.13,8.6,6.3,19.3,22.2
CA,6037,Los Angeles County,6037218220,6037218220,0.8461,12.2,69028.0,9.6,43.4,13.8,1.83,13.33,12.4,5.6,13.3,12.5
CA,6037,Los Angeles County,6037218300,6037218300,0.5649,14.8,63971.0,12.2,36.2,9.2,12.67,58.89,9.0,15.4,11.8,3.8
CA,6037,Los Angeles County,6037218400,6037218400,0.7287,11.2,86006.0,16.6,38.1,11.0,0.0,12.24,10.9,3.5,15.5,10.4
CA,6037,Los Angeles County,6037218500,6037218500,0.7912,22.7,66489.0,14.2,42.8,13.6,7.94,54.48,7.9,7.9,17.1,12.2
CA,6037,Los Angeles County,6037218600,6037218600,0.656,10.4,75466.0,13.8,40.9,9.5,12.36,98.98,8.6,4.1,6.7,8.1
CA,6037,Los Angeles County,6037218701,6037218701,0.8864,19.0,54936.0,17.0,56.2,17.7,1.84,43.71,12.2,11.1,18.6,19.0
CA,6037,Los Angeles County,6037218702,6037218702,0.9202,19.1,52891.0,19.9,44.1,8.7,7.91,31.02,8.1,14.1,5.9,14.6
CA,6037,Los Angeles County,6037218800,6037218800,0.943,23.6,50011.0,11.9,54.8,6.1,0.0,68.04,8.0,3.9,13.1,20.2
CA,6037,Los Angeles County,6037218900,6037218900,0.9431,24.2,51094.0,20.3,42.5,14.8,8.88,41.92,13.6,11.4,7.1,13.0
CA,6037,Los Angeles County,6037219010,6037219010,0.7051,13.1,74643.0,9.5,35.0,9.5,3.16,46.47,10.8,8.6,17.2,10.5
CA,6037,Los Angeles County,6037219020,6037219020,0.7472,29.8,73214.0,4.7,38.8,9.6,13.8,72.1,8.0,7.7,7.4,9.3
CA,6037,Los Angeles County,6037219300,6037219300,0.7118,18.8,51500.0,10.9,48.2,4.8,0.65,95.42,7.5,6.0,30.1,14.7
CA,6037,Los Angeles County,6037219500,6037219500,0.4429,4.2,110865.0,4.2,23.9,10.4,3.04,77.31,13.7,4.4,11.7,6.1
CA,6037,Los Angeles County,6037219700,6037219700,0.7456,17.8,60618.0,10.5,52.9,7.8,13.96,43.12,10.5,5.0,15.0,5.5
CA,6037,Los Angeles County,6037219800,6037219800,0.6698,10.8,68450.0,16.2,29.8,10.4,4.67,97.27,8.3,4.9,10.6,16.3
CA,6037,Los Angeles County,6037219901,6037219901,0.8809,12.1,61157.0,23.0,45.5,12.5,3.48,23.07,5.4,3.2,12.0,16.7
CA,6037,Los Angeles County,6037219902,6037219902,0.6033,12.9,82750.0,6.9,33.8,7.8,2.81,0.0,8.2,9.1,9.1,16.6
CA,6037,Los Angeles County,6037220000,6037220000,0.8069,27.3,45682.0,5.4,55.5,14.0,4.29,30.27,9.2,15.2,21.8,3.4
CA,6037,Los Angeles County,6037220100,6037220100,0.6879,8.4,62813.0,0.8,30.3,18.1,0.0,99.7,12.5,9.4,16.7,6.2
CA,6037,Los Angeles County,6037221110,6037221110,0.9941,24.5,46717.0,22.4,47.6,26.2,6.25,36.0,13.3,10.1,11.0,40.1
CA,6037,Los Angeles County,6037221120,6037221120,0.9482,29.4,47026.0,20.9,49.3,21.3,2.44,35.47,7.4,4.6,16.9,37.7
CA,6037,Los Angeles County,6037221210,6037221210,0.8183,13.8,66014.0,23.9,34.9,13.2,4.88,98.87,8.8,5.8,14.3,35.7
CA,6037,Los Angeles County,6037221220,6037221220,0.9063,21.2,57563.0,20.8,48.3,18.9,0.0,86.09,9.4,5.9,19.3,32.7
CA,6037,Los Angeles County,6037221302,6037221302,0.953,26.7,34655.0,17.7,60.2,25.0,7.54,77.58,10.8,4.3,19.3,27.0
CA,6037,Los Angeles County,6037221303,6037221303,0.9546,28.8,48445.0,28.8,42.8,27.4,1.44,97.54,7.0,6.3,12.6,41.7
CA,6037,Los Angeles County,6037221304,6037221304,0.99,15.4,51237.0,13.4,51.5,14.3,17.45,16.57,14.5,10.6,15.2,28.3
CA,6037,Los Angeles County,6037221401,6037221401,0.965,22.0,36490.0,9.9,63.5,17.6,5.22,100.0,22.1,5.0,21.0,17.5
CA,6037,Los Angeles County,6037221402,6037221402,0.9574,22.7,53125.0,21.7,42.8,20.7,1.76,19.32,11.5,11.4,21.5,23.2
CA,6037,Los Angeles County,6037221500,6037221500,0.9867,34.9,34047.0,13.9,51.5,30.4,18.21,96.45,18.4,6.4,14.5,23.3
CA,6037,Los Angeles County,6037221601,6037221601,0.9853,24.9,51833.0,20.7,45.1,22.1,3.54,64.8,18.0,9.0,16.5,25.9
CA,6037,Los Angeles County,6037221602,6037221602,0.7897,18.0,52614.0,28.9,51.5,16.4,1.69,24.19,7.4,3.0,11.1,37.2
CA,6037,Los Angeles County,6037221710,6037221710,0.9067,33.1,48466.0,14.2,54.5,30.3,1.63,57.12,6.6,14.8,26.7,21.9
CA,6037,Los Angeles County,6037221810,6037221810,0.8356,46.7,32168.0,11.3,50.9,27.9,0.86,68.88,8.3,13.0,19.3,13.1
CA,6037,Los Angeles County,6037221820,6037221820,0.5928,50.3,24266.0,3.1,60.2,30.4,2.74,88.03,4.0,22.7,10.7,2.6
CA,6037,Los Angeles County,6037221900,6037221900,0.8352,53.5,28500.0,5.5,56.4,35.4,5.62,96.43,10.6,17.0,18.4,12.3
CA,6037,Los Angeles County,6037222001,6037222001,0.7982,18.9,85417.0,9.3,37.6,10.1,0.0,99.91,11.4,7.1,7.6,18.9
CA,6037,Los Angeles County,6037222002,6037222002,0.95,20.4,67928.0,22.9,37.0,16.8,9.09,16.04,11.0,7.7,9.2,21.5
CA,6037,Los Angeles County,6037222100,6037222100,0.9532,13.4,69464.0,14.9,39.9,12.3,3.32,21.58,19.3,7.2,18.6,23.3
CA,6037,Los Angeles County,6037222200,6037222200,0.8282,18.2,46988.0,9.1,44.9,14.5,1.93,99.22,9.0,9.4,10.8,23.6
CA,6037,Los Angeles County,6037222500,6037222500,0.7997,16.0,78814.0,15.0,35.4,8.2,0.71,6.38,10.9,6.7,11.9,18.1
CA,6037,Los Angeles County,6037222600,6037222600,0.8648,40.3,44886.0,14.0,46.3,18.2,2.07,81.34,9.0,14.9,10.9,10.7
CA,6037,Los Angeles County,6037222700,6037222700,0.5148,57.4,90230.0,2.4,45.7,23.8,11.65,12.32,6.1,8.5,29.8,0.1
CA,6037,Los Angeles County,6037224010,6037224010,0.8615,26.7,43396.0,14.5,48.5,36.4,18.42,42.69,12.6,2.4,19.1,17.2
CA,6037,Los Angeles County,6037224020,6037224020,0.9924,35.2,31897.0,18.3,60.7,39.8,19.8,39.62,12.6,11.9,27.7,26.0
CA,6037,Los Angeles County,6037224200,6037224200,0.9248,19.9,51202.0,28.0,59.6,29.2,1.63,23.39,7.2,5.4,21.2,29.0
CA,6037,Los Angeles County,6037224310,6037224310,0.9959,28.1,53182.0,31.3,39.6,23.6,6.13,27.76,11.7,9.5,36.3,35.7
CA,6037,Los Angeles County,6037224320,6037224320,0.996,38.9,30332.0,24.6,58.4,30.2,2.12,0.0,19.2,7.3,27.8,36.6
CA,6037,Los Angeles County,6037224410,6037224410,0.8798,37.2,34018.0,6.6,67.3,24.5,5.63,21.83,16.1,2.6,11.1,13.2
CA,6037,Los Angeles County,6037224420,6037224420,0.9961,37.2,25164.0,21.6,65.4,33.6,7.48,24.75,14.7,18.1,38.6,37.0
CA,6037,Los Angeles County,6037224600,6037224600,0.9933,23.1,46250.0,22.4,55.4,26.9,9.63,26.49,12.3,11.2,27.3,26.2
CA,6037,Los Angeles County,6037224701,6037224701,0.5684,52.4,37310.0,5.2,43.5,38.7,0.0,100.0,6.3,16.2,10.8,1.4
CA,6037,Los Angeles County,6037224702,6037224702,0.7115,71.1,11609.0,9.2,64.6,45.2,0.0,77.02,6.5,10.3,27.0,5.7
CA,6037,Los Angeles County,6037226001,6037226001,0.9397,25.9,38458.0,18.6,64.1,22.7,3.95,0.0,8.2,13.7,17.9,33.5
CA,6037,Los Angeles County,6037226002,6037226002,0.8423,35.3,42833.0,15.8,54.5,44.6,5.6,83.22,12.6,11.0,20.7,12.9
CA,6037,Los Angeles County,6037226410,6037226410,0.9733,35.1,42861.0,15.3,58.2,22.7,2.7,73.85,17.5,7.8,18.3,33.4
CA,6037,Los Angeles County,6037226420,6037226420,0.9542,28.5,41804.0,16.7,64.0,19.0,5.41,72.44,11.2,13.8,31.6,38.0
CA,6037,Los Angeles County,6037226701,6037226701,0.8258,19.4,76071.0,11.1,42.1,4.0,1.83,33.4,12.4,6.1,13.3,31.7
CA,6037,Los Angeles County,6037226702,6037226702,0.931,30.7,61862.0,18.6,43.7,11.8,3.57,89.25,12.7,12.8,22.7,38.5
CA,6037,Los Angeles County,6037227010,6037227010,0.9498,28.2,48688.0,17.2,54.6,9.8,6.13,21.44,9.8,13.7,16.3,30.6
CA,6037,Los Angeles County,6037227020,6037227020,0.9325,14.8,61615.0,19.8,58.5,4.0,9.3,63.95,12.7,7.3,12.0,37.9
CA,6037,Los Angeles County,6037228100,6037228100,0.8322,28.4,65086.0,11.7,46.8,5.2,4.0,41.29,7.3,3.3,11.8,28.6
CA,6037,Los Angeles County,6037228210,6037228210,0.9657,24.6,48542.0,16.9,62.7,13.4,12.11,33.23,12.1,11.9,22.0,29.6
CA,6037,Los Angeles County,6037228220,6037228220,0.9847,31.9,53750.0,16.3,58.3,15.0,7.8,3.68,14.2,11.0,18.7,32.7
CA,6037,Los Angeles County,6037228310,6037228310,0.9558,28.0,39770.0,12.6,58.1,20.2,3.83,1.05,9.8,11.4,28.9,29.6
CA,6037,Los Angeles County,6037228320,6037228320,0.8127,29.3,51039.0,14.9,39.7,6.9,17.69,48.95,4.4,7.1,15.1,31.8
CA,6037,Los Angeles County,6037228410,6037228410,0.8869,25.4,47870.0,20.1,57.3,7.1,39.86,83.07,9.1,9.2,15.4,27.9
CA,6037,Los Angeles County,6037228420,6037228420,0.8284,23.3,82798.0,18.0,36.1,14.7,0.83,7.51,8.5,8.2,15.3,27.5
CA,6037,Los Angeles County,6037228500,6037228500,0.9216,46.0,43616.0,16.9,52.2,13.5,12.78,46.49,7.2,13.5,13.7,26.6
CA,6037,Los Angeles County,6037228600,6037228600,0.9466,31.9,44902.0,19.6,48.4,15.8,0.36,80.37,10.3,8.4,23.2,36.3
CA,6037,Los Angeles County,6037228710,6037228710,0.9301,27.9,47227.0,19.6,51.8,11.1,14.77,48.2,8.6,6.3,23.3,31.9
CA,6037,Los Angeles County,6037228720,6037228720,0.8727,25.9,56184.0,20.7,48.9,10.7,0.0,23.61,6.7,12.5,14.3,30.8
CA,6037,Los Angeles County,6037228800,6037228800,0.8781,24.9,53897.0,22.4,53.7,12.9,2.84,93.04,8.7,7.6,13.6,30.4
CA,6037,Los Angeles County,6037228900,6037228900,0.9628,31.6,32969.0,17.9,37.4,17.4,0.0,0.04,21.2,17.0,23.3,32.9
CA,6037,Los Angeles County,6037229100,6037229100,0.875,27.1,64464.0,24.0,50.5,23.1,4.19,98.0,16.2,7.5,18.4,26.2
CA,6037,Los Angeles County,6037229200,6037229200,0.9126,20.2,48421.0,17.2,58.6,10.0,2.96,29.41,6.3,10.4,15.4,34.4
CA,6037,Los Angeles County,6037229300,6037229300,0.9908,24.0,55161.0,20.1,51.0,15.2,5.47,11.86,10.4,12.0,24.5,31.1
CA,6037,Los Angeles County,6037229410,6037229410,0.8737,21.1,60075.0,18.9,57.1,11.4,0.0,98.24,6.9,4.7,12.9,29.9
CA,6037,Los Angeles County,6037229420,6037229420,0.927,30.0,53977.0,20.6,51.1,15.4,9.48,100.0,10.2,11.9,23.1,30.0
CA,6037,Los Angeles County,6037231100,6037231100,0.9822,43.4,41989.0,18.6,54.0,30.1,1.4,6.14,19.4,24.4,14.7,20.2
CA,6037,Los Angeles County,6037231210,6037231210,0.9079,37.0,41006.0,13.5,58.5,13.3,5.34,46.88,11.8,7.0,24.2,19.8
CA,6037,Los Angeles County,6037231220,6037231220,0.9977,27.1,33458.0,12.4,53.3,36.0,4.24,96.24,16.4,15.5,22.8,26.1
CA,6037,Los Angeles County,6037231301,6037231301,0.9221,13.5,56875.0,17.4,43.0,13.7,1.02,67.27,10.4,12.1,20.2,32.0
CA,6037,Los Angeles County,6037231302,6037231302,0.7874,6.3,57314.0,16.9,41.0,7.6,0.0,38.37,10.2,7.3,16.2,21.8
CA,6037,Los Angeles County,6037231400,6037231400,0.8813,25.1,58973.0,10.9,45.6,15.5,15.02,96.77,14.1,3.2,13.6,16.2
CA,6037,Los Angeles County,6037231500,6037231500,0.8082,15.0,77083.0,16.0,38.0,9.9,12.78,97.98,11.9,8.3,10.5,20.5
CA,6037,Los Angeles County,6037231601,6037231601,0.7541,14.1,75131.0,17.9,37.9,5.6,4.06,20.9,16.9,7.1,9.3,27.0
CA,6037,Los Angeles County,6037231602,6037231602,0.4992,10.2,85273.0,13.7,33.7,1.6,3.92,98.2,6.6,4.9,19.0,21.2
CA,6037,Los Angeles County,6037231603,6037231603,0.9792,35.2,45037.0,20.3,50.1,16.5,1.19,99.99,13.5,9.1,20.4,31.2
CA,6037,Los Angeles County,6037231710,6037231710,0.9719,25.8,44347.0,21.1,57.0,24.6,2.1,7.22,15.5,7.5,21.2,30.2
CA,6037,Los Angeles County,6037231720,6037231720,0.9873,34.0,47012.0,15.7,48.4,28.0,4.36,28.56,15.7,6.2,21.9,41.3
CA,6037,Los Angeles County,6037231800,6037231800,0.9448,29.1,44025.0,24.4,60.4,18.0,5.97,11.21,7.4,10.5,17.1,34.6
CA,6037,Los Angeles County,6037231901,6037231901,0.8168,20.6,49271.0,13.9,50.7,19.4,0.0,4.22,9.7,5.8,11.7,37.2
CA,6037,Los Angeles County,6037231902,6037231902,0.9739,42.4,43523.0,9.9,60.1,17.6,13.06,5.57,14.0,5.0,13.9,31.1
CA,6037,Los Angeles County,6037232110,6037232110,0.9885,26.1,51875.0,21.1,54.7,19.8,2.39,69.49,15.2,8.5,16.9,33.2
CA,6037,Los Angeles County,6037232120,6037232120,0.9554,25.4,52156.0,13.8,52.6,17.0,0.0,38.45,9.9,9.9,12.3,22.3
CA,6037,Los Angeles County,6037232200,6037232200,0.9785,20.0,62292.0,10.4,32.3,22.4,14.16,40.85,15.9,7.3,13.4,12.8
CA,6037,Los Angeles County,6037232300,6037232300,0.8504,16.5,74022.0,12.5,28.0,8.8,9.97,50.95,8.3,3.3,15.7,18.3
CA,6037,Los Angeles County,6037232401,6037232401,0.7961,13.5,67962.0,9.4,51.2,8.3,2.51,23.11,10.0,9.2,11.9,17.9
CA,6037,Los Angeles County,6037232402,6037232402,0.8934,24.0,42465.0,6.2,48.7,7.6,6.33,100.0,16.2,8.4,7.1,21.5
CA,6037,Los Angeles County,6037232500,6037232500,0.8881,15.4,63750.0,9.8,43.3,15.1,0.0,12.79,17.4,7.9,16.5,12.4
CA,6037,Los Angeles County,6037232601,6037232601,0.8435,14.3,53587.0,19.7,58.6,16.5,2.73,39.76,8.9,6.0,12.3,30.0
CA,6037,Los Angeles County,6037232602,6037232602,0.8802,19.1,75741.0,14.1,27.9,14.0,0.0,28.39,10.7,6.0,7.4,25.2
CA,6037,Los Angeles County,6037232701,6037232701,0.9038,19.7,76316.0,13.8,40.5,12.5,3.47,98.52,9.4,4.1,13.6,25.0
CA,6037,Los Angeles County,6037232702,6037232702,0.8545,14.4,67438.0,18.5,45.0,9.8,0.24,87.58,10.6,5.1,19.9,18.5
CA,6037,Los Angeles County,6037232800,6037232800,0.9116,24.2,55750.0,16.2,44.0,16.2,5.89,0.44,11.3,9.5,16.2,27.9
CA,6037,Los Angeles County,6037234001,6037234001,0.445,11.0,72743.0,4.0,29.8,10.8,3.43,99.64,16.0,1.6,11.7,2.8
CA,6037,Los Angeles County,6037234002,6037234002,0.6273,21.7,58792.0,6.0,49.1,3.0,10.52,44.19,12.7,1.8,10.6,10.5
CA,6037,Los Angeles County,6037234200,6037234200,0.4579,10.9,75625.0,3.2,33.0,2.8,0.0,1.74,16.3,12.3,12.5,4.7
CA,6037,Los Angeles County,6037234301,6037234301,0.3451,11.4,42295.0,1.7,43.9,13.9,0.58,81.58,12.7,17.6,10.0,0.0
CA,6037,Los Angeles County,6037234302,6037234302,0.5012,18.0,45000.0,1.4,63.5,8.9,2.65,76.55,9.7,8.4,21.3,1.7
CA,6037,Los Angeles County,6037234501,6037234501,0.7921,7.0,93056.0,4.7,26.1,6.8,0.0,71.26,13.7,15.5,6.4,8.0
CA,6037,Los Angeles County,6037234502,6037234502,0.8541,22.4,31225.0,4.8,52.1,21.2,23.82,100.0,25.3,17.2,28.4,9.0
CA,6037,Los Angeles County,6037234600,6037234600,0.8159,14.3,71406.0,3.1,39.9,15.1,3.76,1.97,24.5,11.9,10.9,6.5
CA,6037,Los Angeles County,6037234700,6037234700,0.9171,21.5,67928.0,10.3,45.0,10.1,4.53,16.54,12.8,10.9,21.8,6.5
CA,6037,Los Angeles County,6037234800,6037234800,0.6875,10.1,66696.0,5.4,38.9,9.0,12.23,95.25,8.0,10.3,16.8,6.0
CA,6037,Los Angeles County,6037234901,6037234901,0.9455,27.0,46330.0,12.4,46.0,27.2,18.24,63.99,25.3,12.1,12.5,3.9
CA,6037,Los Angeles County,6037234902,6037234902,0.9674,24.2,26484.0,8.6,64.1,40.2,24.28,80.27,18.8,10.7,31.9,11.7
CA,6037,Los Angeles County,6037235100,6037235100,0.4524,10.6,96108.0,6.9,30.2,4.9,7.2,88.95,13.2,14.7,4.8,2.4
CA,6037,Los Angeles County,6037235201,6037235201,0.8541,19.8,62349.0,3.9,38.1,8.0,12.86,100.0,15.6,5.7,27.6,7.0
CA,6037,Los Angeles County,6037235202,6037235202,0.8805,29.4,32143.0,6.4,58.6,22.2,28.84,100.0,14.0,9.5,26.5,1.8
CA,6037,Los Angeles County,6037236001,6037236001,0.1438,5.8,109598.0,1.1,27.9,6.8,0.58,59.08,8.0,4.3,3.2,0.7
CA,6037,Los Angeles County,6037236101,6037236101,0.8715,25.5,32104.0,5.2,53.6,32.1,0.0,43.18,25.4,11.2,23.5,8.0
CA,6037,Los Angeles County,6037236102,6037236102,0.714,17.5,56974.0,6.7,45.6,13.4,0.0,28.45,12.8,10.6,12.9,3.9
CA,6037,Los Angeles County,6037236203,6037236203,0.9472,33.1,31762.0,9.5,73.2,17.5,19.52,28.81,15.9,4.9,15.2,12.7
CA,6037,Los Angeles County,6037236204,6037236204,0.9253,24.3,40525.0,14.6,60.3,23.4,38.95,79.5,17.6,11.4,21.1,13.5
CA,6037,Los Angeles County,6037236205,6037236205,0.8477,33.8,27727.0,13.0,53.0,32.8,5.65,100.0,14.3,2.8,32.6,3.8
CA,6037,Los Angeles County,6037236206,6037236206,0.925,30.7,53106.0,22.4,55.5,15.0,5.84,70.5,21.8,23.0,9.6,11.0
CA,6037,Los Angeles County,6037236400,6037236400,0.366,8.1,103689.0,6.6,28.3,8.3,7.14,96.33,6.8,3.1,5.5,1.5
CA,6037,Los Angeles County,6037237101,6037237101,0.893,17.8,46250.0,15.4,54.8,19.1,11.73,79.52,7.9,7.9,15.1,20.5
CA,6037,Los Angeles County,6037237102,6037237102,0.9663,23.9,49559.0,15.4,48.8,23.0,0.44,41.0,11.5,6.2,14.8,23.2
CA,6037,Los Angeles County,6037237201,6037237201,0.8532,26.4,54398.0,13.2,40.3,3.8,0.0,11.66,13.3,12.6,12.0,25.5
CA,6037,Los Angeles County,6037237202,6037237202,0.9874,26.0,47917.0,12.3,58.2,27.3,5.51,14.5,11.5,14.1,4.9,22.3
CA,6037,Los Angeles County,6037237300,6037237300,0.7968,17.0,76935.0,6.3,37.5,15.4,21.64,100.0,11.8,5.0,5.9,8.3
CA,6037,Los Angeles County,6037237401,6037237401,0.7027,29.4,67470.0,17.7,38.5,8.5,0.0,0.0,4.7,6.6,4.5,15.3
CA,6037,Los Angeles County,6037237402,6037237402,0.7612,3.4,83333.0,14.6,25.8,17.1,12.65,85.77,13.8,6.3,9.1,13.2
CA,6037,Los Angeles County,6037237500,6037237500,0.9899,37.3,34643.0,10.4,62.8,24.9,2.18,32.11,13.7,6.7,12.8,28.7
CA,6037,Los Angeles County,6037237600,6037237600,0.9957,28.1,48447.0,26.0,47.1,17.2,0.75,15.55,16.7,15.2,16.3,27.9
CA,6037,Los Angeles County,6037237710,6037237710,0.8044,40.4,43820.0,18.8,53.2,6.3,0.0,5.71,4.5,7.2,12.0,15.8
CA,6037,Los Angeles County,6037237720,6037237720,0.9124,35.1,41303.0,21.6,59.0,17.3,10.66,37.21,8.6,3.6,9.0,26.6
CA,6037,Los Angeles County,6037237800,6037237800,0.9004,25.9,51168.0,5.8,49.0,0.9,3.35,43.17,16.2,11.4,4.7,14.5
CA,6037,Los Angeles County,6037237900,6037237900,0.8267,19.7,59539.0,6.9,41.5,9.9,0.0,95.5,15.9,9.5,14.5,5.4
CA,6037,Los Angeles County,6037238000,6037238000,0.7315,14.5,69861.0,3.3,42.0,9.4,20.88,83.18,21.8,9.9,6.0,1.5
CA,6037,Los Angeles County,6037238100,6037238100,0.7281,17.6,51417.0,4.6,45.2,13.8,0.0,48.85,18.3,5.0,14.3,6.9
CA,6037,Los Angeles County,6037238200,6037238200,0.8821,22.2,41410.0,7.0,53.5,20.2,0.66,0.0,19.7,6.4,20.7,5.1
CA,6037,Los Angeles County,6037238310,6037238310,0.9764,28.2,52805.0,17.2,59.2,18.3,12.42,14.12,11.0,6.5,15.8,26.1
CA,6037,Los Angeles County,6037238320,6037238320,0.9825,41.5,33396.0,10.4,57.6,25.9,1.84,11.68,11.0,10.6,12.2,16.9
CA,6037,Los Angeles County,6037238400,6037238400,0.7171,17.9,85968.0,4.0,29.4,11.6,3.78,20.02,18.3,9.1,14.6,4.4
CA,6037,Los Angeles County,6037239201,6037239201,0.8323,20.4,46840.0,22.1,57.3,19.0,10.81,49.35,9.2,1.1,9.7,34.2
CA,6037,Los Angeles County,6037239202,6037239202,0.9759,23.1,48480.0,19.1,39.2,14.8,2.55,9.51,12.1,9.2,17.4,31.1
CA,6037,Los Angeles County,6037239310,6037239310,0.8704,18.0,53021.0,21.7,46.3,17.1,3.7,72.24,6.9,5.7,12.3,29.6
CA,6037,Los Angeles County,6037239320,6037239320,0.9123,24.8,50402.0,13.0,46.0,16.7,2.66,7.17,9.7,8.5,19.3,33.6
CA,6037,Los Angeles County,6037239330,6037239330,0.8037,32.8,46979.0,17.6,44.4,13.4,10.64,45.13,12.0,8.6,19.4,30.6
CA,6037,Los Angeles County,6037239501,6037239501,0.9499,23.8,58516.0,11.8,52.3,13.7,3.14,99.65,14.6,8.6,9.7,19.9
CA,6037,Los Angeles County,6037239502,6037239502,0.9153,17.6,56667.0,18.1,49.0,7.1,3.54,35.14,6.6,6.7,7.8,23.7
CA,6037,Los Angeles County,6037239601,6037239601,0.9721,20.7,58068.0,22.8,40.3,14.4,8.8,47.58,13.4,5.0,8.0,25.2
CA,6037,Los Angeles County,6037239602,6037239602,0.9817,29.3,49583.0,16.9,53.1,13.5,17.19,52.58,12.9,8.8,13.2,27.2
CA,6037,Los Angeles County,6037239701,6037239701,0.9442,39.7,36611.0,20.0,51.6,6.7,9.07,36.35,12.9,12.8,10.2,18.4
CA,6037,Los Angeles County,6037239702,6037239702,0.9788,35.4,36958.0,15.9,61.6,13.6,7.36,16.95,16.0,10.1,11.0,26.5
CA,6037,Los Angeles County,6037239801,6037239801,0.9511,22.8,65029.0,18.9,42.3,12.0,0.35,33.37,16.5,8.7,16.3,27.3
CA,6037,Los Angeles County,6037239802,6037239802,0.9285,22.3,56642.0,12.7,48.3,13.9,0.0,89.24,10.6,11.8,11.9,20.1
CA,6037,Los Angeles County,6037240010,6037240010,0.9763,39.0,30864.0,16.7,62.8,27.6,6.99,12.75,16.1,13.5,16.1,21.8
CA,6037,Los Angeles County,6037240020,6037240020,0.9854,16.8,66806.0,14.5,45.3,11.5,5.72,54.67,14.0,8.6,9.4,21.5
CA,6037,Los Angeles County,6037240200,6037240200,0.9748,34.2,53224.0,10.6,49.2,16.2,0.0,8.89,11.5,15.9,11.9,22.7
CA,6037,Los Angeles County,6037240301,6037240301,0.9898,37.3,47024.0,16.5,39.4,16.9,0.52,91.1,22.1,18.3,15.5,18.9
CA,6037,Los Angeles County,6037240302,6037240302,0.9918,33.2,53250.0,13.3,46.2,7.0,4.93,47.64,15.7,21.0,10.7,27.4
CA,6037,Los Angeles County,6037240401,6037240401,0.9512,23.1,43933.0,11.8,57.0,13.1,0.0,15.03,12.5,6.3,14.5,26.7
CA,6037,Los Angeles County,6037240402,6037240402,0.898,25.7,64159.0,12.5,46.2,11.5,6.36,97.32,8.0,12.7,13.2,16.6
CA,6037,Los Angeles County,6037240500,6037240500,0.932,30.0,54361.0,13.8,55.9,11.7,4.35,60.22,7.6,11.2,8.2,18.2
CA,6037,Los Angeles County,6037240600,6037240600,0.98,21.0,60297.0,16.8,45.5,10.8,9.5,22.23,14.0,12.2,9.0,20.5
CA,6037,Los Angeles County,6037240700,6037240700,0.9727,16.8,57665.0,17.5,46.8,7.8,4.08,7.09,11.8,9.5,11.9,25.1
CA,6037,Los Angeles County,6037240800,6037240800,0.9419,30.5,55508.0,15.7,48.4,17.3,1.89,5.64,13.0,9.4,11.0,22.7
CA,6037,Los Angeles County,6037240901,6037240901,0.8311,26.2,56296.0,19.2,43.1,3.7,2.8,75.07,5.6,11.1,8.2,27.5
CA,6037,Los Angeles County,6037240902,6037240902,0.9782,35.9,90230.0,9.6,56.1,11.2,0.9,79.15,9.2,7.0,16.5,32.7
CA,6037,Los Angeles County,6037241001,6037241001,0.8764,24.6,70227.0,13.5,36.3,2.9,24.54,99.59,10.3,7.9,6.0,14.6
CA,6037,Los Angeles County,6037241002,6037241002,0.9756,21.1,60323.0,12.7,46.6,11.0,19.45,85.45,12.5,16.7,13.4,19.0
CA,6037,Los Angeles County,6037241110,6037241110,0.8646,12.8,67536.0,15.1,52.7,3.5,10.25,84.59,8.9,4.2,7.6,20.8
CA,6037,Los Angeles County,6037241120,6037241120,0.9998,41.1,40769.0,11.0,61.7,36.2,24.07,97.65,15.8,12.8,7.6,20.9
CA,6037,Los Angeles County,6037241201,6037241201,0.9654,19.8,57615.0,13.8,57.9,15.7,11.97,100.0,15.3,6.6,10.8,12.9
CA,6037,Los Angeles County,6037241202,6037241202,0.8846,24.7,51328.0,8.9,50.2,16.3,1.21,21.32,16.2,3.0,13.7,16.8
CA,6037,Los Angeles County,6037241300,6037241300,0.9407,24.9,60357.0,14.6,44.9,12.2,3.29,5.49,13.0,14.1,15.9,20.2
CA,6037,Los Angeles County,6037241400,6037241400,0.9562,13.4,73229.0,12.0,39.9,13.2,11.66,89.43,11.9,8.2,17.2,16.7
CA,6037,Los Angeles County,6037242000,6037242000,0.9975,23.3,47793.0,11.8,51.2,19.0,0.18,0.0,16.5,12.6,22.2,20.4
CA,6037,Los Angeles County,6037242100,6037242100,0.9728,56.9,27218.0,7.1,43.7,32.5,29.45,97.53,15.3,25.7,22.0,17.5
CA,6037,Los Angeles County,6037242201,6037242201,0.9428,24.0,60189.0,13.1,41.8,11.7,0.0,81.47,13.0,12.3,21.2,21.7
CA,6037,Los Angeles County,6037242202,6037242202,0.9793,28.7,47656.0,7.7,47.9,22.3,3.5,16.46,14.7,17.2,12.3,18.3
CA,6037,Los Angeles County,6037242300,6037242300,0.9919,26.5,49490.0,11.9,45.7,20.6,3.86,33.94,12.1,18.7,11.4,12.1
CA,6037,Los Angeles County,6037242600,6037242600,0.9706,46.8,21492.0,7.1,51.7,42.9,27.76,85.42,13.2,27.0,46.5,14.3
CA,6037,Los Angeles County,6037242700,6037242700,0.8846,21.3,50603.0,21.1,47.6,15.5,0.0,45.98,13.2,4.1,28.2,23.4
CA,6037,Los Angeles County,6037243001,6037243001,0.8987,21.5,64950.0,12.4,50.7,0.0,12.47,31.3,11.9,14.5,20.7,21.4
CA,6037,Los Angeles County,6037243002,6037243002,0.6364,4.4,69303.0,18.7,33.2,0.0,3.24,77.99,13.1,8.7,24.1,33.5
CA,6037,Los Angeles County,6037243100,6037243100,0.9883,35.4,32244.0,10.5,58.8,15.8,14.61,82.68,11.7,17.5,32.0,17.0
CA,6037,Los Angeles County,6037261102,6037261102,0.0191,6.7,220227.0,3.4,16.4,0.9,2.88,98.26,9.1,1.6,3.3,0.5
CA,6037,Los Angeles County,6037261103,6037261103,0.0754,4.5,221250.0,0.9,9.6,6.7,8.4,96.94,9.5,8.8,0.8,0.0
CA,6037,Los Angeles County,6037261104,6037261104,0.0354,8.5,239167.0,0.0,18.0,6.3,2.19,12.99,8.5,3.9,7.7,4.0
CA,6037,Los Angeles County,6037261200,6037261200,0.0327,6.1,186779.0,1.1,14.7,2.2,0.0,69.0,8.3,7.3,0.6,1.4
CA,6037,Los Angeles County,6037262100,6037262100,0.0904,4.2,215670.0,0.9,13.4,2.6,12.41,98.44,8.0,9.4,0.9,2.9
CA,6037,Los Angeles County,6037262200,6037262200,0.1621,4.9,185768.0,0.8,16.0,2.4,5.84,87.46,8.2,4.7,2.4,2.5
CA,6037,Los Angeles County,6037262301,6037262301,0.1302,9.0,250001.0,0.2,10.5,1.8,2.84,100.0,9.8,6.8,0.4,0.2
CA,6037,Los Angeles County,6037262302,6037262302,0.0747,9.4,201714.0,0.0,15.8,6.7,0.26,100.0,7.5,0.0,7.4,0.6
CA,6037,Los Angeles County,6037262303,6037262303,0.0132,3.7,250001.0,0.0,11.4,0.9,4.64,98.19,7.7,3.0,0.0,1.1
CA,6037,Los Angeles County,6037262400,6037262400,0.0894,1.1,250001.0,2.7,9.6,5.9,13.04,100.0,7.5,1.0,1.6,0.0
CA,6037,Los Angeles County,6037262501,6037262501,0.1385,3.1,250001.0,0.9,15.5,1.5,8.03,3.64,4.9,4.7,2.2,0.0
CA,6037,Los Angeles County,6037262601,6037262601,0.0454,3.7,250001.0,0.2,10.4,1.5,0.0,97.93,4.1,2.3,1.5,1.8
CA,6037,Los Angeles County,6037262604,6037262604,0.0735,7.4,242083.0,1.4,18.7,3.7,0.0,75.33,5.9,2.6,5.1,0.7
CA,6037,Los Angeles County,6037262704,6037262704,0.2385,3.9,154340.0,0.4,20.3,3.1,2.25,49.55,8.9,4.7,1.6,0.6
CA,6037,Los Angeles County,6037262706,6037262706,0.1357,3.1,159917.0,0.3,16.5,3.3,3.31,36.05,7.2,3.7,0.9,1.8
CA,6037,Los Angeles County,6037262802,6037262802,0.0417,7.5,166477.0,0.5,24.1,2.1,1.59,91.03,4.2,4.6,0.3,0.0
CA,6037,Los Angeles County,6037264000,6037264000,0.1079,5.4,199432.0,4.3,25.4,0.7,4.1,20.85,8.7,9.3,8.1,0.4
CA,6037,Los Angeles County,6037264102,6037264102,0.111,7.2,142308.0,1.1,27.2,8.4,0.53,17.3,8.5,3.4,6.2,0.2
CA,6037,Los Angeles County,6037264103,6037264103,0.0437,4.4,155433.0,2.2,22.7,3.5,10.52,42.82,2.7,6.4,4.1,0.9
CA,6037,Los Angeles County,6037264303,6037264303,0.0106,5.2,143938.0,2.8,13.2,4.3,5.22,98.63,2.7,3.4,0.0,1.2
CA,6037,Los Angeles County,6037264304,6037264304,0.024,2.8,128819.0,3.8,28.8,3.9,0.0,20.75,2.0,3.9,0.0,2.2
CA,6037,Los Angeles County,6037264305,6037264305,0.2084,6.1,126136.0,2.0,31.6,4.0,6.88,68.12,7.2,5.5,3.2,0.7
CA,6037,Los Angeles County,6037264306,6037264306,0.0198,5.1,138846.0,1.6,24.2,6.6,0.0,84.84,5.8,2.4,4.3,0.6
CA,6037,Los Angeles County,6037265100,6037265100,0.2507,12.9,119375.0,1.2,26.0,24.8,25.05,100.0,20.9,2.1,14.3,1.4
CA,6037,Los Angeles County,6037265201,6037265201,0.5692,11.5,142917.0,6.7,27.1,13.4,13.83,55.66,14.3,11.8,11.6,6.5
CA,6037,Los Angeles County,6037265203,6037265203,0.1999,16.9,102737.0,0.9,43.5,19.0,0.94,96.41,2.7,0.0,5.0,0.2
CA,6037,Los Angeles County,6037265204,6037265204,0.5854,32.9,90230.0,5.6,43.3,27.5,0.0,95.4,3.6,9.3,4.1,3.1
CA,6037,Los Angeles County,6037265301,6037265301,0.4999,10.0,90230.0,2.9,28.3,4.5,0.0,97.39,6.6,22.1,7.2,0.2
CA,6037,Los Angeles County,6037265303,6037265303,0.364,62.6,33248.0,5.7,69.6,22.5,7.72,49.72,3.2,5.4,3.3,1.1
CA,6037,Los Angeles County,6037265304,6037265304,0.4939,72.6,16717.0,1.4,71.2,31.1,2.41,12.46,2.7,14.2,11.4,0.8
CA,6037,Los Angeles County,6037265306,6037265306,0.6664,66.0,36477.0,1.5,49.7,29.7,4.83,22.07,5.1,10.9,8.1,1.5
CA,6037,Los Angeles County,6037265307,6037265307,0.322,41.1,26870.0,1.2,65.9,35.7,0.0,54.8,3.2,7.7,39.5,0.3
CA,6037,Los Angeles County,6037265410,6037265410,0.0625,6.0,151250.0,0.5,10.1,0.0,0.0,100.0,7.2,3.3,1.1,0.0
CA,6037,Los Angeles County,6037265420,6037265420,0.1553,8.8,250001.0,3.5,16.5,6.6,0.0,97.2,9.4,3.1,5.4,0.4
CA,6037,Los Angeles County,6037265521,6037265521,0.2202,16.8,71477.0,6.3,45.2,9.0,3.73,75.55,3.3,2.8,5.8,8.2
CA,6037,Los Angeles County,6037265522,6037265522,0.3944,23.0,95227.0,3.8,27.8,20.9,4.76,21.41,6.7,2.4,10.0,2.5
CA,6037,Los Angeles County,6037265523,6037265523,0.029,6.7,71591.0,1.2,55.5,0.0,5.64,97.49,7.2,2.9,0.5,1.6
CA,6037,Los Angeles County,6037265524,6037265524,0.1454,6.6,112568.0,3.9,25.2,1.8,3.53,59.79,8.6,3.2,1.9,6.5
CA,6037,Los Angeles County,6037265601,6037265601,0.3746,10.4,82361.0,4.2,35.5,8.6,10.72,65.11,18.3,1.4,7.4,2.6
CA,6037,Los Angeles County,6037265602,6037265602,0.3429,12.9,101897.0,2.6,27.2,12.9,5.58,58.39,9.9,14.7,5.7,4.9
CA,6037,Los Angeles County,6037265701,6037265701,0.342,6.6,110333.0,6.0,27.7,1.7,14.96,44.55,10.9,7.0,2.3,7.3
CA,6037,Los Angeles County,6037265702,6037265702,0.481,10.4,96395.0,2.7,29.6,7.8,0.0,39.02,15.5,12.5,8.5,10.6
CA,6037,Los Angeles County,6037267101,6037267101,0.1996,4.8,115673.0,1.1,27.9,9.6,0.0,81.08,4.1,3.6,1.1,3.7
CA,6037,Los Angeles County,6037267102,6037267102,0.2521,12.0,132438.0,2.6,31.2,17.3,0.0,31.66,13.7,4.3,7.7,7.4
CA,6037,Los Angeles County,6037267201,6037267201,0.0717,9.7,93750.0,2.9,31.1,0.8,3.07,0.0,3.7,5.8,5.9,2.9
CA,6037,Los Angeles County,6037267202,6037267202,0.2983,12.1,123977.0,0.0,20.5,9.7,0.0,6.99,10.8,8.6,0.0,6.8
CA,6037,Los Angeles County,6037267300,6037267300,0.5895,18.3,82574.0,6.4,37.2,12.3,0.0,19.09,6.2,15.5,13.1,7.2
CA,6037,Los Angeles County,6037267403,6037267403,0.1928,16.8,91705.0,2.0,32.2,8.0,10.79,8.47,6.1,17.4,0.9,2.4
CA,6037,Los Angeles County,6037267404,6037267404,0.1337,24.5,85481.0,4.0,29.6,6.5,7.98,100.0,3.7,4.0,3.2,2.1
CA,6037,Los Angeles County,6037267405,6037267405,0.2106,9.4,115594.0,3.3,30.2,4.3,0.63,83.5,13.1,2.6,2.6,1.3
CA,6037,Los Angeles County,6037267406,6037267406,0.2529,4.6,90867.0,5.0,26.8,6.4,3.38,62.24,2.6,2.3,5.4,5.2
CA,6037,Los Angeles County,6037267502,6037267502,0.4591,9.8,78750.0,10.3,36.5,7.3,2.0,7.98,9.5,8.0,4.6,9.3
CA,6037,Los Angeles County,6037267503,6037267503,0.1035,9.4,131514.0,3.8,31.7,3.7,0.0,65.66,6.1,4.6,1.5,6.6
CA,6037,Los Angeles County,6037267504,6037267504,0.2362,6.7,120083.0,14.6,36.0,19.2,1.74,76.12,3.9,3.8,10.5,3.5
CA,6037,Los Angeles County,6037267600,6037267600,0.2226,13.1,79153.0,1.5,35.6,17.1,2.31,3.13,10.9,2.0,5.8,1.8
CA,6037,Los Angeles County,6037267700,6037267700,0.2501,7.0,124942.0,6.7,26.4,9.5,3.27,100.0,8.7,3.8,4.4,3.4
CA,6037,Los Angeles County,6037267800,6037267800,0.2742,4.9,103875.0,0.0,25.7,6.8,6.31,43.77,11.1,2.3,4.6,4.7
CA,6037,Los Angeles County,6037267901,6037267901,0.3159,6.7,126250.0,1.1,25.0,9.5,9.4,83.72,13.2,6.2,2.2,4.7
CA,6037,Los Angeles County,6037267902,6037267902,0.1293,4.3,164808.0,1.9,20.0,5.1,1.65,14.69,7.1,5.6,5.0,2.3
CA,6037,Los Angeles County,6037269000,6037269000,0.0837,3.0,181354.0,0.3,9.9,0.4,0.0,25.94,9.7,4.5,2.8,2.8
CA,6037,Los Angeles County,6037269100,6037269100,0.4316,12.2,87672.0,6.8,34.8,10.6,0.94,1.28,10.1,9.2,9.9,1.2
CA,6037,Los Angeles County,6037269300,6037269300,0.0489,2.7,237841.0,1.6,11.3,4.2,6.42,85.39,5.2,9.7,0.9,1.5
CA,6037,Los Angeles County,6037269500,6037269500,0.025,0.7,250001.0,0.6,7.2,3.2,0.0,87.29,7.7,9.1,0.6,0.5
CA,6037,Los Angeles County,6037269601,6037269601,0.6811,7.2,75532.0,7.2,45.9,15.6,2.8,74.79,8.9,5.9,17.3,12.2
CA,6037,Los Angeles County,6037269602,6037269602,0.6917,21.1,79107.0,18.0,41.1,6.6,8.64,33.16,4.3,9.0,5.5,4.4
CA,6037,Los Angeles County,6037269700,6037269700,0.372,11.3,110362.0,3.9,21.5,6.5,4.45,30.99,10.0,7.4,4.6,6.6
CA,6037,Los Angeles County,6037269800,6037269800,0.2246,7.0,115000.0,7.7,27.6,5.7,1.15,34.29,5.1,2.7,1.7,1.7
CA,6037,Los Angeles County,6037269903,6037269903,0.3285,11.0,84101.0,4.4,33.1,6.3,3.17,2.69,2.8,5.2,6.8,4.6
CA,6037,Los Angeles County,6037269905,6037269905,0.2162,8.8,103778.0,5.2,33.3,8.0,4.12,44.28,5.5,6.7,6.6,2.3
CA,6037,Los Angeles County,6037269906,6037269906,0.2761,6.5,118465.0,5.7,24.0,6.8,3.55,5.98,6.3,1.8,3.0,6.7
CA,6037,Los Angeles County,6037269907,6037269907,0.2691,10.2,93558.0,8.7,31.0,5.8,3.44,4.81,7.7,7.6,1.9,2.2
CA,6037,Los Angeles County,6037269908,6037269908,0.1937,4.8,79210.0,5.1,39.6,21.1,3.06,86.59,6.9,0.7,1.7,2.3
CA,6037,Los Angeles County,6037269909,6037269909,0.493,3.2,98545.0,6.0,32.5,3.2,5.43,45.22,24.6,5.0,3.2,4.4
CA,6037,Los Angeles County,6037270101,6037270101,0.1006,11.6,82361.0,0.9,20.9,8.5,0.0,7.78,7.9,1.1,3.1,3.1
CA,6037,Los Angeles County,6037270102,6037270102,0.3211,7.5,84479.0,12.5,36.6,2.7,0.0,9.72,9.2,6.1,3.0,2.3
CA,6037,Los Angeles County,6037270200,6037270200,0.6531,12.1,79231.0,13.3,41.8,8.2,3.17,4.31,10.8,6.2,10.7,10.3
CA,6037,Los Angeles County,6037270300,6037270300,0.4584,6.0,66673.0,11.2,21.7,3.3,2.57,11.3,9.6,5.8,7.0,6.2
CA,6037,Los Angeles County,6037271100,6037271100,0.5413,9.0,112333.0,7.3,33.4,11.0,0.0,53.27,13.7,5.0,12.2,4.8
CA,6037,Los Angeles County,6037271200,6037271200,0.3335,7.3,87321.0,9.0,32.4,10.0,0.83,92.89,6.4,0.8,5.7,8.7
CA,6037,Los Angeles County,6037271300,6037271300,0.2284,10.8,116285.0,1.9,26.7,4.8,0.0,0.0,9.4,6.3,2.9,2.3
CA,6037,Los Angeles County,6037271400,6037271400,0.0466,0.5,167350.0,2.7,11.8,3.1,0.0,40.1,10.7,3.5,8.5,1.8
CA,6037,Los Angeles County,6037271500,6037271500,0.352,10.0,101964.0,0.6,32.0,3.2,4.35,45.07,15.1,2.9,11.2,1.2
CA,6037,Los Angeles County,6037271600,6037271600,0.1961,11.8,112569.0,5.3,25.9,3.9,7.82,2.88,5.8,2.3,13.1,1.2
CA,6037,Los Angeles County,6037271702,6037271702,0.6398,13.2,81200.0,7.0,35.0,9.3,1.13,81.08,4.5,6.9,13.2,4.8
CA,6037,Los Angeles County,6037271703,6037271703,0.0306,8.0,123520.0,0.8,20.1,1.6,0.43,32.23,5.0,2.8,2.6,3.3
CA,6037,Los Angeles County,6037271704,6037271704,0.2184,8.0,150750.0,1.1,19.1,11.8,0.0,100.0,7.5,5.2,4.6,2.2
CA,6037,Los Angeles County,6037271801,6037271801,0.4553,12.6,69063.0,8.3,47.3,11.7,2.95,2.23,13.8,5.6,7.6,3.9
CA,6037,Los Angeles County,6037271803,6037271803,0.4065,13.2,91691.0,5.0,31.5,8.7,5.12,56.25,10.5,7.6,0.5,4.9
CA,6037,Los Angeles County,6037271804,6037271804,0.2358,3.8,91863.0,8.5,28.6,0.0,5.09,24.94,4.8,7.7,1.3,5.8
CA,6037,Los Angeles County,6037271901,6037271901,0.2518,5.8,113922.0,7.8,27.5,2.5,0.0,21.88,4.9,2.4,0.9,5.3
CA,6037,Los Angeles County,6037271902,6037271902,0.3231,7.2,86473.0,3.5,30.2,3.5,2.08,2.88,6.3,9.8,3.0,0.6
CA,6037,Los Angeles County,6037272100,6037272100,0.3712,5.7,116389.0,3.6,32.4,4.1,1.56,98.53,10.6,6.8,5.7,1.6
CA,6037,Los Angeles County,6037272201,6037272201,0.535,9.4,85536.0,15.6,35.4,9.1,1.59,24.26,8.7,6.4,9.5,9.6
CA,6037,Los Angeles County,6037272202,6037272202,0.2348,8.8,95774.0,9.6,35.4,5.4,0.0,97.38,6.8,3.4,7.3,1.7
CA,6037,Los Angeles County,6037272301,6037272301,0.5011,5.9,120049.0,8.0,16.0,6.7,5.29,80.77,11.0,5.8,6.2,4.4
CA,6037,Los Angeles County,6037272302,6037272302,0.6461,9.7,73114.0,16.2,37.9,12.9,4.58,1.89,11.6,3.9,11.7,15.8
CA,6037,Los Angeles County,6037273100,6037273100,0.0883,12.3,140208.0,2.5,19.5,4.3,0.3,39.44,6.8,3.7,2.5,0.4
CA,6037,Los Angeles County,6037273200,6037273200,0.4173,8.7,125242.0,8.6,33.4,8.5,0.0,16.41,10.0,4.8,10.3,3.2
CA,6037,Los Angeles County,6037273300,6037273300,0.6031,14.5,91763.0,9.8,34.6,14.1,1.82,0.0,6.2,11.8,11.1,7.8
CA,6037,Los Angeles County,6037273403,6037273403,0.5017,25.1,90230.0,11.3,43.3,27.3,3.17,71.17,17.4,0.0,7.3,6.2
CA,6037,Los Angeles County,6037273404,6037273404,0.1774,6.7,79330.0,5.1,38.2,17.9,1.65,46.84,5.8,8.3,1.4,0.0
CA,6037,Los Angeles County,6037273502,6037273502,0.1575,12.2,103624.0,2.9,27.3,14.5,7.13,25.2,6.4,5.8,5.7,0.0
CA,6037,Los Angeles County,6037273600,6037273600,0.0387,4.8,124006.0,4.2,24.6,3.5,3.21,6.27,3.3,4.7,5.3,2.5
CA,6037,Los Angeles County,6037273700,6037273700,0.1017,4.8,128361.0,1.5,15.8,2.5,0.0,58.39,10.8,11.8,1.3,1.1
CA,6037,Los Angeles County,6037273800,6037273800,0.2574,5.5,96699.0,6.6,23.3,7.5,0.0,24.95,4.6,5.7,5.6,2.7
CA,6037,Los Angeles County,6037273902,6037273902,0.3133,8.9,154231.0,4.4,24.2,5.1,3.2,0.0,9.3,10.1,9.3,0.5
CA,6037,Los Angeles County,6037274100,6037274100,0.3296,9.3,144190.0,5.0,28.3,12.6,0.0,0.0,4.4,5.4,5.0,2.3
CA,6037,Los Angeles County,6037274202,6037274202,0.2319,10.2,168700.0,4.2,21.1,6.1,5.85,61.9,5.7,11.4,2.8,0.9
CA,6037,Los Angeles County,6037275101,6037275101,0.2663,2.9,140152.0,9.7,20.0,2.0,0.3,20.13,6.9,10.5,18.6,8.2
CA,6037,Los Angeles County,6037275102,6037275102,0.7169,24.5,88375.0,15.6,32.2,11.0,0.0,27.59,6.1,5.6,15.6,6.4
CA,6037,Los Angeles County,6037275200,6037275200,0.5165,7.0,92957.0,8.0,25.7,11.9,0.0,16.01,5.9,6.9,10.3,8.9
CA,6037,Los Angeles County,6037275311,6037275311,0.2795,7.4,94773.0,4.2,26.0,6.8,1.28,65.72,9.6,7.2,10.2,2.9
CA,6037,Los Angeles County,6037275312,6037275312,0.0253,1.1,146389.0,6.0,22.9,1.5,0.75,39.6,2.5,3.6,1.1,1.5
CA,6037,Los Angeles County,6037275313,6037275313,0.3051,17.5,97625.0,3.3,30.9,5.3,0.85,57.9,14.5,2.1,7.7,0.0
CA,6037,Los Angeles County,6037275400,6037275400,0.1187,4.6,140550.0,2.2,19.7,15.3,1.99,0.1,6.2,1.8,0.6,2.6
CA,6037,Los Angeles County,6037275500,6037275500,0.7467,28.8,52656.0,7.2,41.2,13.9,0.0,0.0,9.9,4.8,27.1,13.1
CA,6037,Los Angeles County,6037275603,6037275603,0.1671,4.9,122955.0,2.9,26.1,8.6,5.0,59.64,7.9,3.0,9.1,2.0
CA,6037,Los Angeles County,6037275604,6037275604,0.1188,3.7,173795.0,2.9,12.0,5.4,4.75,6.16,4.9,3.1,8.0,1.9
CA,6037,Los Angeles County,6037275605,6037275605,0.1249,13.1,118003.0,2.7,19.0,4.9,3.79,62.94,6.4,9.3,9.2,0.2
CA,6037,Los Angeles County,6037276000,6037276000,0.0657,5.4,147896.0,2.8,16.2,2.3,3.8,76.86,8.2,5.1,3.7,0.2
CA,6037,Los Angeles County,6037276101,6037276101,0.0702,9.1,117054.0,1.4,27.9,2.4,0.02,78.6,3.3,6.0,1.6,0.0
CA,6037,Los Angeles County,6037276102,6037276102,0.6043,9.3,76962.0,3.1,42.2,12.8,5.25,98.39,17.3,15.2,3.3,1.4
CA,6037,Los Angeles County,6037276400,6037276400,0.0563,6.9,222888.0,0.3,11.9,1.8,1.53,17.57,10.5,5.2,2.7,1.1
CA,6037,Los Angeles County,6037276500,6037276500,0.1888,20.5,141250.0,2.3,25.4,1.8,0.0,60.32,7.4,9.7,1.4,1.1
CA,6037,Los Angeles County,6037276601,6037276601,0.0471,6.6,155833.0,2.8,21.7,1.0,2.39,68.8,5.7,7.8,2.8,0.4
CA,6037,Los Angeles County,6037276605,6037276605,0.1201,3.4,97102.0,3.8,27.5,1.0,3.34,70.83,6.0,16.5,2.1,3.7
CA,6037,Los Angeles County,6037276606,6037276606,0.0195,5.6,112571.0,1.8,28.8,0.3,3.28,30.99,7.8,3.0,2.8,0.2
CA,6037,Los Angeles County,6037276607,6037276607,0.2263,17.2,96897.0,3.4,30.0,6.8,0.0,41.54,2.4,5.0,4.3,0.0
CA,6037,Los Angeles County,6037276608,6037276608,0.1789,10.4,111331.0,1.5,28.2,4.1,5.15,98.41,8.8,4.9,0.0,0.4
CA,6037,Los Angeles County,6037277000,6037277000,0.0316,6.0,146929.0,1.4,19.8,1.7,0.0,23.47,7.4,4.7,7.0,0.7
CA,6037,Los Angeles County,6037277100,6037277100,0.1469,3.2,139821.0,3.1,11.4,0.0,0.0,100.0,11.8,8.8,4.9,2.7
CA,6037,Los Angeles County,6037277200,6037277200,0.6257,15.3,58170.0,5.7,58.6,8.2,0.43,98.23,14.4,5.1,18.6,9.7
CA,6037,Los Angeles County,6037277400,6037277400,0.4999,10.0,90230.0,5.8,28.3,4.5,5.27,100.0,10.5,5.8,7.2,6.0
CA,6037,Los Angeles County,6037278001,6037278001,0.2823,14.3,106563.0,4.7,36.6,13.6,1.71,39.3,10.4,1.8,4.1,2.0
CA,6037,Los Angeles County,6037278102,6037278102,0.0511,6.8,161774.0,0.5,13.4,2.1,0.0,95.21,9.6,5.9,0.5,0.0
CA,6037,Los Angeles County,6037291110,6037291110,0.9722,21.6,52629.0,15.0,41.3,22.1,6.37,43.87,14.5,16.0,11.4,12.3
CA,6037,Los Angeles County,6037291120,6037291120,0.8631,13.1,76250.0,17.9,41.0,12.2,14.38,93.93,12.3,8.6,7.9,19.1
CA,6037,Los Angeles County,6037291130,6037291130,0.615,7.1,85208.0,10.3,24.4,6.0,3.67,0.15,15.8,5.8,10.5,16.1
CA,6037,Los Angeles County,6037291210,6037291210,0.8913,13.9,56976.0,10.8,44.8,7.3,0.0,18.82,19.6,3.0,22.6,14.3
CA,6037,Los Angeles County,6037291220,6037291220,0.8844,20.0,72880.0,8.9,37.0,6.1,0.0,0.99,13.2,6.7,24.6,16.0
CA,6037,Los Angeles County,6037291300,6037291300,0.3876,2.3,105625.0,7.3,15.7,1.4,3.62,77.73,12.8,5.6,12.2,6.2
CA,6037,Los Angeles County,6037292001,6037292001,0.8795,28.5,50402.0,22.7,61.3,5.9,2.03,54.22,6.7,13.6,10.5,19.5
CA,6037,Los Angeles County,6037292002,6037292002,0.3285,13.6,109833.0,3.9,24.6,0.0,1.29,52.91,6.7,8.5,1.7,3.7
CA,6037,Los Angeles County,6037293203,6037293203,0.7459,13.9,77106.0,19.2,34.4,5.2,5.01,98.48,10.3,9.1,12.0,7.6
CA,6037,Los Angeles County,6037293204,6037293204,0.5986,9.4,107227.0,5.7,25.9,4.9,0.3,100.0,6.1,4.3,6.8,8.0
CA,6037,Los Angeles County,6037293205,6037293205,0.8178,13.2,57277.0,14.1,49.0,11.0,2.65,18.18,11.3,5.2,3.8,11.2
CA,6037,Los Angeles County,6037293206,6037293206,0.8772,21.3,70724.0,27.6,40.9,9.1,3.45,88.95,10.2,8.0,9.9,19.9
CA,6037,Los Angeles County,6037293301,6037293301,0.3446,2.6,105833.0,3.9,27.1,1.2,0.0,14.03,8.7,5.9,0.9,4.8
CA,6037,Los Angeles County,6037293302,6037293302,0.5426,14.7,101028.0,7.9,35.7,2.6,4.76,96.81,7.5,5.0,2.9,9.2
CA,6037,Los Angeles County,6037293304,6037293304,0.7833,12.1,68769.0,13.9,43.6,6.6,0.0,99.16,7.5,5.7,7.3,13.8
CA,6037,Los Angeles County,6037293306,6037293306,0.3689,3.8,114833.0,5.3,21.3,0.5,0.0,100.0,9.9,14.0,6.7,5.7
CA,6037,Los Angeles County,6037293307,6037293307,0.8392,17.9,60250.0,11.9,44.5,4.3,2.55,97.33,5.5,5.3,6.9,14.6
CA,6037,Los Angeles County,6037294110,6037294110,0.8226,15.8,64143.0,6.8,43.5,3.8,3.01,47.05,8.9,11.0,8.6,13.5
CA,6037,Los Angeles County,6037294120,6037294120,0.7291,18.2,73750.0,23.8,39.6,3.9,3.54,100.0,3.8,4.2,0.0,21.6
CA,6037,Los Angeles County,6037294200,6037294200,0.8361,19.4,71442.0,15.7,40.6,9.0,0.0,4.39,5.9,9.6,10.7,16.0
CA,6037,Los Angeles County,6037294301,6037294301,0.4326,4.4,113362.0,9.7,20.5,5.3,4.84,36.74,9.7,2.9,12.7,12.4
CA,6037,Los Angeles County,6037294302,6037294302,0.8747,11.7,66553.0,16.4,40.0,1.7,13.49,69.53,8.6,4.6,6.1,16.6
CA,6037,Los Angeles County,6037294410,6037294410,0.8906,22.6,69826.0,6.9,31.8,14.8,13.3,99.06,7.0,15.3,9.9,9.8
CA,6037,Los Angeles County,6037294421,6037294421,0.9019,17.7,55881.0,20.8,48.9,5.9,11.82,99.16,9.6,3.7,11.9,17.0
CA,6037,Los Angeles County,6037294510,6037294510,0.86,21.5,59023.0,10.5,53.7,7.1,5.42,56.83,12.0,5.2,13.4,23.9
CA,6037,Los Angeles County,6037294520,6037294520,0.8448,13.1,54766.0,11.8,49.1,12.0,0.2,0.58,4.9,9.6,10.2,19.3
CA,6037,Los Angeles County,6037294610,6037294610,0.9392,15.7,59896.0,24.2,42.3,17.3,0.0,3.43,11.5,17.1,7.5,25.2
CA,6037,Los Angeles County,6037294620,6037294620,0.6948,11.3,67039.0,9.3,30.7,1.7,3.96,90.45,8.1,6.9,11.7,21.1
CA,6037,Los Angeles County,6037294701,6037294701,0.9768,31.4,34318.0,22.0,62.3,27.1,11.09,37.81,13.3,4.9,15.8,26.3
CA,6037,Los Angeles County,6037294810,6037294810,0.8916,23.9,49143.0,18.2,53.0,7.8,0.0,51.2,7.0,5.9,9.9,25.8
CA,6037,Los Angeles County,6037294820,6037294820,0.928,45.1,35217.0,15.8,62.8,19.1,0.0,15.56,6.5,3.5,15.6,31.1
CA,6037,Los Angeles County,6037294830,6037294830,0.8019,18.6,63295.0,14.0,42.6,11.6,2.9,2.67,6.8,4.0,3.3,19.9
CA,6037,Los Angeles County,6037294900,6037294900,0.8989,33.6,35385.0,17.9,43.8,12.7,11.45,0.0,8.2,6.2,10.7,20.4
CA,6037,Los Angeles County,6037295103,6037295103,0.3372,3.3,127726.0,1.1,16.5,8.1,0.0,14.66,15.3,5.9,6.4,5.3
CA,6037,Los Angeles County,6037296210,6037296210,0.8699,21.0,54792.0,12.2,48.4,8.7,3.27,20.87,7.8,8.3,11.1,14.2
CA,6037,Los Angeles County,6037296220,6037296220,0.9858,24.1,42407.0,15.8,44.6,22.6,0.44,3.78,13.6,9.1,13.6,18.4
CA,6037,Los Angeles County,6037296300,6037296300,0.4461,5.2,94800.0,5.4,30.8,7.0,5.89,53.79,9.7,6.2,4.6,4.5
CA,6037,Los Angeles County,6037296401,6037296401,0.4358,7.4,113981.0,6.1,20.8,6.7,1.07,75.08,12.3,6.9,8.4,4.0
CA,6037,Los Angeles County,6037296402,6037296402,0.1777,1.6,141406.0,5.4,13.1,1.4,0.0,4.58,7.5,6.8,6.0,3.6
CA,6037,Los Angeles County,6037296500,6037296500,0.686,13.0,65167.0,12.1,42.9,8.4,0.53,17.42,10.6,3.8,8.8,7.0
CA,6037,Los Angeles County,6037296600,6037296600,0.8892,15.3,47813.0,12.6,57.4,17.6,1.32,98.84,17.4,10.3,18.1,15.8
CA,6037,Los Angeles County,6037296901,6037296901,0.7768,25.4,58030.0,15.7,51.2,8.3,8.03,11.58,12.2,9.0,17.2,11.6
CA,6037,Los Angeles County,6037296902,6037296902,0.7966,15.7,61394.0,14.8,52.9,10.3,1.6,4.45,9.6,9.2,9.6,7.4
CA,6037,Los Angeles County,6037297001,6037297001,0.0111,10.0,193125.0,8.7,12.9,0.0,0.0,0.0,1.3,2.8,1.5,0.0
CA,6037,Los Angeles County,6037297002,6037297002,0.344,8.9,113288.0,3.5,29.6,1.1,0.45,71.94,10.6,4.3,6.5,2.8
CA,6037,Los Angeles County,6037297110,6037297110,0.97,30.8,50141.0,13.3,57.2,19.1,8.38,36.17,19.7,10.5,12.3,11.6
CA,6037,Los Angeles County,6037297120,6037297120,0.8533,20.7,59398.0,11.7,42.3,11.5,1.84,33.36,12.7,6.1,15.2,15.0
CA,6037,Los Angeles County,6037297201,6037297201,0.7207,15.8,57276.0,12.1,49.9,8.0,0.0,34.23,8.8,4.1,4.0,8.1
CA,6037,Los Angeles County,6037297202,6037297202,0.3642,11.1,87817.0,13.4,21.4,10.6,0.0,71.16,8.9,2.5,2.1,1.9
CA,6037,Los Angeles County,6037297300,6037297300,0.4407,3.0,113403.0,1.8,21.1,1.2,0.0,0.0,9.7,8.2,3.7,1.6
CA,6037,Los Angeles County,6037297400,6037297400,0.456,10.9,94426.0,3.6,28.1,5.5,2.84,63.59,17.4,7.8,12.0,0.8
CA,6037,Los Angeles County,6037297501,6037297501,0.0309,4.3,156845.0,2.2,7.7,6.6,5.29,31.18,11.6,2.2,7.4,1.2
CA,6037,Los Angeles County,6037297502,6037297502,0.2173,2.0,95167.0,11.9,35.0,9.6,0.0,100.0,7.2,4.3,5.9,2.5
CA,6037,Los Angeles County,6037297601,6037297601,0.3222,2.0,88798.0,4.1,37.2,1.2,2.19,99.57,5.9,4.1,2.9,2.7
CA,6037,Los Angeles County,6037297602,6037297602,0.4431,17.0,87976.0,7.7,32.8,9.0,0.0,100.0,10.1,3.7,4.4,4.6
CA,6037,Los Angeles County,6037300100,6037300100,0.1428,4.4,158713.0,0.9,11.6,4.5,1.63,93.53,14.6,7.2,1.2,3.1
CA,6037,Los Angeles County,6037300200,6037300200,0.2405,3.0,127614.0,3.3,20.4,8.1,12.96,37.22,7.2,8.8,8.5,5.4
CA,6037,Los Angeles County,6037300301,6037300301,0.1958,4.0,130000.0,3.6,15.4,4.2,4.34,35.31,4.4,0.7,6.0,6.2
CA,6037,Los Angeles County,6037300400,6037300400,0.4759,4.2,111042.0,5.0,24.0,0.6,2.4,29.21,5.7,10.6,4.9,7.2
CA,6037,Los Angeles County,6037300501,6037300501,0.3841,4.0,101813.0,3.5,35.8,5.5,1.91,20.49,12.2,5.9,7.7,5.3
CA,6037,Los Angeles County,6037300503,6037300503,0.5833,12.8,56005.0,9.3,43.7,2.4,0.0,28.6,5.3,7.5,12.6,8.8
CA,6037,Los Angeles County,6037300601,6037300601,0.5596,10.4,96793.0,7.9,33.9,7.0,0.0,0.0,6.7,2.7,5.6,12.0
CA,6037,Los Angeles County,6037300602,6037300602,0.4416,6.5,108720.0,0.8,21.3,8.3,2.84,25.24,14.7,15.7,5.8,3.7
CA,6037,Los Angeles County,6037300701,6037300701,0.1489,10.3,142696.0,7.8,20.5,4.6,1.18,68.37,6.5,4.4,3.2,3.9
CA,6037,Los Angeles County,6037300702,6037300702,0.2878,10.4,138846.0,2.2,13.6,6.4,8.21,69.46,13.5,6.3,9.3,7.2
CA,6037,Los Angeles County,6037300800,6037300800,0.5707,5.4,92438.0,3.0,35.4,1.8,1.62,61.04,14.7,14.8,7.7,5.9
CA,6037,Los Angeles County,6037300901,6037300901,0.0668,2.2,156605.0,3.5,18.3,2.8,7.01,100.0,7.2,4.8,7.3,6.8
CA,6037,Los Angeles County,6037300902,6037300902,0.0561,3.3,174545.0,1.8,15.0,3.9,0.0,85.27,9.7,6.9,8.5,5.4
CA,6037,Los Angeles County,6037301000,6037301000,0.5475,9.7,118389.0,5.6,23.6,5.4,2.07,15.03,11.6,5.2,12.6,6.7
CA,6037,Los Angeles County,6037301100,6037301100,0.4769,7.0,82058.0,4.0,37.6,8.1,0.0,12.66,15.6,3.9,2.7,13.3
CA,6037,Los Angeles County,6037301203,6037301203,0.5864,12.9,81979.0,7.8,39.4,11.7,0.0,11.21,15.8,6.5,8.9,12.6
CA,6037,Los Angeles County,6037301204,6037301204,0.726,14.5,69066.0,9.9,47.8,12.2,4.55,81.64,15.3,5.9,11.2,16.0
CA,6037,Los Angeles County,6037301205,6037301205,0.2302,5.3,119375.0,1.3,23.6,7.3,1.64,85.14,12.7,8.4,5.8,7.4
CA,6037,Los Angeles County,6037301206,6037301206,0.6923,13.6,76065.0,4.0,41.6,13.7,4.7,17.96,15.5,8.8,12.0,14.0
CA,6037,Los Angeles County,6037301300,6037301300,0.0269,6.0,182708.0,3.2,17.5,1.2,4.52,95.66,7.7,6.8,2.9,6.2
CA,6037,Los Angeles County,6037301400,6037301400,0.1299,3.9,141607.0,2.8,20.8,2.1,5.63,80.55,9.6,5.9,1.0,5.0
CA,6037,Los Angeles County,6037301501,6037301501,0.1272,1.3,111484.0,0.5,28.9,0.9,0.0,2.53,10.3,8.1,7.0,7.2
CA,6037,Los Angeles County,6037301502,6037301502,0.7861,20.4,57395.0,5.3,57.3,11.8,0.0,1.75,15.4,13.1,15.3,22.0
CA,6037,Los Angeles County,6037301601,6037301601,0.8435,15.0,38732.0,9.4,54.8,29.9,3.68,6.74,18.7,11.4,24.4,24.1
CA,6037,Los Angeles County,6037301602,6037301602,0.7183,10.9,67847.0,10.2,42.8,5.3,1.67,86.15,9.9,11.8,12.9,10.8
CA,6037,Los Angeles County,6037301701,6037301701,0.497,16.1,84625.0,6.0,33.5,10.7,10.51,59.47,14.8,6.9,15.7,11.6
CA,6037,Los Angeles County,6037301702,6037301702,0.7,15.4,69384.0,15.6,45.3,5.6,0.84,9.04,12.8,13.1,5.1,15.7
CA,6037,Los Angeles County,6037301801,6037301801,0.572,20.7,69932.0,10.4,43.6,10.5,2.54,51.68,9.9,5.5,9.1,10.8
CA,6037,Los Angeles County,6037301802,6037301802,0.482,16.5,78551.0,6.2,42.0,5.9,2.71,99.57,8.5,8.7,5.2,12.3
CA,6037,Los Angeles County,6037301901,6037301901,0.4877,9.4,94821.0,5.6,29.8,5.0,0.48,23.77,9.9,4.8,7.3,17.5
CA,6037,Los Angeles County,6037301902,6037301902,0.5217,13.2,92903.0,1.8,29.2,5.9,0.0,37.36,10.1,15.8,2.1,16.7
CA,6037,Los Angeles County,6037302002,6037302002,0.7805,30.5,52713.0,6.6,51.8,16.1,5.05,99.83,16.2,15.6,13.0,14.7
CA,6037,Los Angeles County,6037302003,6037302003,0.5424,18.2,61467.0,14.3,38.1,15.2,2.31,98.59,17.0,2.4,21.0,17.1
CA,6037,Los Angeles County,6037302004,6037302004,0.7519,19.8,58333.0,5.0,49.0,18.2,1.19,97.91,18.4,13.3,16.5,23.7
CA,6037,Los Angeles County,6037302102,6037302102,0.4542,6.4,89000.0,3.7,30.9,12.4,7.02,46.59,6.8,6.4,9.3,11.0
CA,6037,Los Angeles County,6037302103,6037302103,0.8216,24.2,54884.0,9.8,42.6,13.8,5.55,1.39,16.6,13.0,13.8,20.4
CA,6037,Los Angeles County,6037302104,6037302104,0.7738,7.0,78728.0,7.7,43.1,9.8,4.2,80.97,11.7,7.6,5.7,13.5
CA,6037,Los Angeles County,6037302201,6037302201,0.7863,21.6,36250.0,7.8,51.1,31.7,0.0,74.29,26.3,7.0,23.5,32.4
CA,6037,Los Angeles County,6037302202,6037302202,0.8069,28.5,50772.0,9.5,60.1,21.2,7.76,75.95,14.4,5.9,17.5,24.9
CA,6037,Los Angeles County,6037302301,6037302301,0.7549,14.0,81111.0,6.4,39.7,19.4,1.3,44.8,15.1,6.9,17.6,15.7
CA,6037,Los Angeles County,6037302302,6037302302,0.91,21.3,59190.0,12.9,47.0,18.1,1.63,100.0,13.9,7.8,17.6,19.3
CA,6037,Los Angeles County,6037302401,6037302401,0.7723,12.3,69220.0,17.0,49.3,6.8,3.42,2.24,11.0,10.1,17.4,24.8
CA,6037,Los Angeles County,6037302503,6037302503,0.7681,20.4,46810.0,6.9,58.7,18.9,3.8,15.92,15.4,14.4,16.2,22.7
CA,6037,Los Angeles County,6037302504,6037302504,0.7865,21.3,54200.0,15.7,51.0,15.4,3.03,5.54,17.5,6.2,15.5,23.6
CA,6037,Los Angeles County,6037302505,6037302505,0.8441,17.9,53333.0,4.9,55.6,19.1,1.68,32.22,21.4,4.1,25.8,21.5
CA,6037,Los Angeles County,6037302506,6037302506,0.8397,23.9,68224.0,13.6,47.0,19.4,2.04,15.47,14.2,4.4,5.4,14.0
CA,6037,Los Angeles County,6037310100,6037310100,0.057,12.3,161373.0,2.0,13.0,1.7,0.0,100.0,6.9,5.3,11.8,3.4
CA,6037,Los Angeles County,6037310201,6037310201,0.3679,6.7,92500.0,2.6,27.2,7.4,1.29,96.67,12.1,6.6,0.9,5.9
CA,6037,Los Angeles County,6037310202,6037310202,0.4644,11.5,93590.0,6.6,34.0,6.4,0.0,23.24,8.4,6.7,3.4,4.8
CA,6037,Los Angeles County,6037310300,6037310300,0.0181,4.7,131100.0,1.0,16.9,0.9,2.98,83.71,7.6,6.7,5.0,3.3
CA,6037,Los Angeles County,6037310400,6037310400,0.2824,9.4,105777.0,5.4,29.6,1.7,0.63,94.7,9.4,4.6,8.8,5.7
CA,6037,Los Angeles County,6037310501,6037310501,0.6389,17.2,72337.0,2.7,42.9,11.0,13.12,56.39,12.3,5.5,14.6,10.0
CA,6037,Los Angeles County,6037310601,6037310601,0.8217,17.8,79776.0,10.2,41.8,8.9,1.69,2.31,14.4,9.0,7.4,5.9
CA,6037,Los Angeles County,6037310602,6037310602,0.3496,5.5,110294.0,4.2,30.2,3.7,1.82,1.67,11.2,7.6,11.0,5.0
CA,6037,Los Angeles County,6037310701,6037310701,0.8577,35.3,20714.0,2.6,41.6,31.8,6.49,41.25,31.5,14.2,30.1,25.8
CA,6037,Los Angeles County,6037310703,6037310703,0.5314,7.1,70663.0,2.5,44.3,11.1,0.0,3.67,13.2,5.9,10.1,11.4
CA,6037,Los Angeles County,6037310704,6037310704,0.7663,19.6,58967.0,6.3,56.7,19.2,2.48,34.24,16.8,12.1,14.6,12.1
CA,6037,Los Angeles County,6037310705,6037310705,0.6528,22.3,33305.0,8.5,51.5,37.4,4.7,93.97,30.4,1.9,22.2,17.1
CA,6037,Los Angeles County,6037310800,6037310800,0.4404,10.6,98179.0,0.9,36.0,8.2,0.0,26.75,10.9,5.8,20.9,4.9
CA,6037,Los Angeles County,6037310900,6037310900,0.427,6.4,98870.0,3.6,25.2,3.1,0.0,20.96,12.9,8.7,11.6,7.5
CA,6037,Los Angeles County,6037311000,6037311000,0.2719,15.1,107361.0,7.8,22.9,6.0,3.15,9.74,8.4,3.1,10.2,2.3
CA,6037,Los Angeles County,6037311100,6037311100,0.4771,14.9,91963.0,4.6,27.3,3.8,4.69,76.21,9.7,7.7,11.7,5.8
CA,6037,Los Angeles County,6037311200,6037311200,0.1206,5.2,87996.0,3.5,31.0,1.0,0.0,0.0,9.3,6.5,11.0,2.3
CA,6037,Los Angeles County,6037311300,6037311300,0.1925,4.5,116951.0,4.1,16.2,4.5,0.0,92.22,9.0,3.7,3.8,2.8
CA,6037,Los Angeles County,6037311400,6037311400,0.0848,3.0,130000.0,5.5,19.6,4.9,1.38,26.04,7.3,5.1,6.9,0.9
CA,6037,Los Angeles County,6037311500,6037311500,0.1684,6.1,125722.0,4.7,17.6,1.7,3.86,22.24,10.8,7.5,3.9,0.9
CA,6037,Los Angeles County,6037311601,6037311601,0.3261,4.0,94923.0,0.0,26.8,3.8,0.12,3.46,9.7,8.0,0.0,1.7
CA,6037,Los Angeles County,6037311602,6037311602,0.4177,15.0,80431.0,6.4,33.7,16.1,3.08,41.79,10.3,12.7,15.5,0.9
CA,6037,Los Angeles County,6037311700,6037311700,0.2201,4.3,120117.0,1.5,24.8,2.6,2.46,8.72,11.3,4.4,7.0,3.6
CA,6037,Los Angeles County,6037311801,6037311801,0.3676,14.8,73182.0,2.8,44.4,2.2,10.78,47.21,9.9,4.6,5.0,3.5
CA,6037,Los Angeles County,6037311802,6037311802,0.3489,4.9,101875.0,5.8,24.2,5.7,3.38,60.74,4.3,2.5,4.5,9.0
CA,6037,Los Angeles County,6037320101,6037320101,0.4058,4.9,100605.0,11.8,24.8,2.5,7.62,98.91,7.5,8.4,9.4,8.6
CA,6037,Los Angeles County,6037320102,6037320102,0.6413,14.5,81515.0,9.6,37.2,3.0,0.9,2.99,10.7,8.7,6.3,18.8
CA,6037,Los Angeles County,6037320201,6037320201,0.8731,16.1,46107.0,12.3,59.8,12.3,2.01,3.83,16.6,9.2,14.1,20.8
CA,6037,Los Angeles County,6037320202,6037320202,0.5872,6.7,89730.0,13.0,32.0,0.9,0.0,4.2,12.4,4.2,5.0,18.5
CA,6037,Los Angeles County,6037320300,6037320300,0.9166,13.4,59360.0,7.4,42.5,14.2,3.31,22.45,10.0,7.3,24.7,11.5
CA,6037,Los Angeles County,6037400205,6037400205,0.1587,1.0,209688.0,1.1,10.0,1.4,4.41,97.85,5.5,5.4,1.4,3.6
CA,6037,Los Angeles County,6037400206,6037400206,0.0699,2.7,171411.0,2.2,6.7,0.8,0.0,72.3,6.7,7.4,2.0,2.8
CA,6037,Los Angeles County,6037400207,6037400207,0.102,1.9,145795.0,1.9,8.7,0.0,0.0,98.32,14.9,4.0,2.2,1.6
CA,6037,Los Angeles County,6037400208,6037400208,0.0034,0.9,146898.0,0.0,12.9,1.0,4.26,51.65,10.3,1.4,2.4,1.2
CA,6037,Los Angeles County,6037400209,6037400209,0.0683,5.6,127778.0,5.1,17.3,4.1,0.0,23.21,6.7,2.8,2.4,3.7
CA,6037,Los Angeles County,6037400304,6037400304,0.3421,8.8,84818.0,5.2,28.6,0.9,1.17,67.98,12.6,2.1,3.3,4.4
CA,6037,Los Angeles County,6037400402,6037400402,0.3657,5.5,125147.0,3.1,23.2,1.0,0.0,58.23,7.7,16.2,13.4,2.7
CA,6037,Los Angeles County,6037400403,6037400403,0.4287,12.5,135647.0,7.7,30.0,4.2,6.15,95.67,14.5,4.1,9.0,0.4
CA,6037,Los Angeles County,6037400404,6037400404,0.0242,1.7,173239.0,2.2,8.5,0.0,0.0,100.0,10.9,5.4,4.2,0.8
CA,6037,Los Angeles County,6037400501,6037400501,0.185,3.9,166250.0,2.3,31.5,1.3,6.14,100.0,9.8,7.8,17.4,2.7
CA,6037,Los Angeles County,6037400602,6037400602,0.5532,12.1,82353.0,14.4,31.4,0.0,0.0,16.61,7.1,7.1,19.7,8.7
CA,6037,Los Angeles County,6037400603,6037400603,0.3768,3.7,94980.0,3.6,21.0,2.4,0.0,85.36,11.1,6.5,8.3,4.9
CA,6037,Los Angeles County,6037400605,6037400605,0.51,8.6,98456.0,7.1,27.8,3.6,4.27,63.84,8.3,5.3,17.0,5.4
CA,6037,Los Angeles County,6037400801,6037400801,0.3225,8.2,117533.0,2.2,16.6,1.0,4.83,100.0,10.5,4.5,3.7,5.0
CA,6037,Los Angeles County,6037401001,6037401001,0.1153,2.7,114394.0,5.3,28.9,0.7,0.65,99.35,11.6,0.8,12.7,2.7
CA,6037,Los Angeles County,6037401002,6037401002,0.3606,8.7,80913.0,1.9,29.9,3.8,3.03,54.39,10.3,6.7,12.3,0.9
CA,6037,Los Angeles County,6037401101,6037401101,0.6844,6.4,74394.0,7.3,30.1,3.9,4.14,47.74,14.5,3.7,14.1,5.3
CA,6037,Los Angeles County,6037401102,6037401102,0.6825,6.6,98913.0,9.1,36.0,4.9,1.89,6.93,8.4,5.0,12.9,5.0
CA,6037,Los Angeles County,6037401201,6037401201,0.1533,3.9,151010.0,2.0,13.7,1.6,0.0,15.59,7.2,3.7,11.6,4.8
CA,6037,Los Angeles County,6037401202,6037401202,0.3915,4.9,86100.0,3.3,23.0,1.4,0.0,8.76,15.3,12.4,6.9,5.3
CA,6037,Los Angeles County,6037401203,6037401203,0.633,12.7,100947.0,4.5,31.4,5.1,6.17,64.45,13.5,4.5,12.0,5.2
CA,6037,Los Angeles County,6037401303,6037401303,0.2449,4.0,131607.0,8.3,19.5,7.6,5.27,61.9,11.2,5.2,10.7,10.8
CA,6037,Los Angeles County,6037401304,6037401304,0.3205,5.9,136182.0,7.4,10.5,2.5,7.52,75.9,14.5,7.5,6.2,2.3
CA,6037,Los Angeles County,6037401311,6037401311,0.3747,11.1,95218.0,5.8,31.6,3.9,0.0,35.67,13.5,6.0,15.3,2.3
CA,6037,Los Angeles County,6037401312,6037401312,0.6168,5.0,79534.0,3.9,30.8,4.8,0.0,39.33,18.7,6.3,15.9,5.4
CA,6037,Los Angeles County,6037401500,6037401500,0.7143,13.3,91178.0,4.8,22.6,2.7,6.64,100.0,16.4,12.9,7.3,3.0
CA,6037,Los Angeles County,6037401601,6037401601,0.4379,11.0,94159.0,2.0,20.8,7.0,0.0,5.47,16.1,3.0,10.0,6.1
CA,6037,Los Angeles County,6037401602,6037401602,0.5622,9.2,82878.0,8.4,35.2,6.5,3.87,39.68,11.7,8.1,3.9,3.3
CA,6037,Los Angeles County,6037401705,6037401705,0.5021,6.0,128989.0,4.3,25.3,1.0,2.88,98.3,15.2,4.4,3.4,4.3
CA,6037,Los Angeles County,6037401706,6037401706,0.7429,8.2,90213.0,5.3,41.0,12.6,2.5,18.75,8.4,6.3,12.1,8.0
CA,6037,Los Angeles County,6037401707,6037401707,0.9149,17.9,65650.0,8.2,38.9,12.1,2.11,89.34,13.4,5.6,14.0,15.5
CA,6037,Los Angeles County,6037401801,6037401801,0.1727,1.8,150397.0,1.6,13.0,6.8,0.1,30.12,8.6,4.7,0.0,0.3
CA,6037,Los Angeles County,6037401802,6037401802,0.3275,6.9,111583.0,3.6,14.3,4.0,1.11,8.09,13.4,4.8,5.8,4.1
CA,6037,Los Angeles County,6037401901,6037401901,0.1048,2.0,87083.0,1.8,27.3,16.4,2.11,100.0,4.0,10.1,15.5,0.5
CA,6037,Los Angeles County,6037401902,6037401902,0.3795,4.9,96974.0,4.5,29.2,11.8,5.85,56.2,16.5,5.5,12.5,1.5
CA,6037,Los Angeles County,6037402001,6037402001,0.665,13.3,65000.0,4.5,43.7,5.4,5.66,46.73,15.0,5.0,5.6,5.4
CA,6037,Los Angeles County,6037402002,6037402002,0.5399,10.9,76742.0,3.0,40.2,10.2,9.86,67.45,18.6,2.3,7.5,1.1
CA,6037,Los Angeles County,6037402101,6037402101,0.6774,14.8,96058.0,7.7,24.1,0.6,1.02,46.31,12.8,5.6,7.3,11.8
CA,6037,Los Angeles County,6037402102,6037402102,0.5605,5.3,97917.0,5.0,20.8,0.5,8.23,21.94,13.6,8.4,10.9,8.6
CA,6037,Los Angeles County,6037402200,6037402200,0.7893,8.8,88623.0,6.8,30.1,3.5,8.39,56.91,12.7,6.6,8.1,9.2
CA,6037,Los Angeles County,6037402301,6037402301,0.8377,11.2,70982.0,8.7,39.3,8.1,6.89,65.66,13.6,8.0,11.5,12.1
CA,6037,Los Angeles County,6037402303,6037402303,0.9509,18.9,67679.0,14.8,43.4,7.4,1.65,12.47,8.4,6.4,13.0,19.9
CA,6037,Los Angeles County,6037402304,6037402304,0.9157,23.5,52560.0,18.8,40.8,9.1,4.15,24.32,9.2,3.0,23.7,24.6
CA,6037,Los Angeles County,6037402403,6037402403,0.7167,8.8,82348.0,10.0,30.3,3.6,10.61,95.07,13.0,10.8,7.3,11.2
CA,6037,Los Angeles County,6037402404,6037402404,0.4999,10.0,90230.0,2.8,28.3,4.5,0.0,98.59,6.2,24.2,7.2,0.6
CA,6037,Los Angeles County,6037402405,6037402405,0.7112,14.0,85435.0,13.0,28.8,2.5,0.94,96.49,8.2,6.5,9.6,23.2
CA,6037,Los Angeles County,6037402406,6037402406,0.7327,16.9,75526.0,9.7,35.4,4.1,1.77,64.79,10.1,3.9,6.2,22.0
CA,6037,Los Angeles County,6037402501,6037402501,0.9799,13.1,52294.0,15.4,41.8,14.7,3.05,82.48,12.0,5.4,19.8,23.0
CA,6037,Los Angeles County,6037402503,6037402503,0.832,21.8,68099.0,13.5,37.9,2.3,3.96,0.0,7.4,9.1,1.4,10.3
CA,6037,Los Angeles County,6037402504,6037402504,0.9351,24.7,34712.0,7.1,60.8,10.6,3.23,50.39,10.0,6.0,17.7,26.6
CA,6037,Los Angeles County,6037402601,6037402601,0.9045,23.5,68807.0,14.3,43.1,14.5,4.7,79.49,16.2,5.8,16.7,23.8
CA,6037,Los Angeles County,6037402602,6037402602,0.6725,7.4,64143.0,6.6,20.8,11.1,0.0,0.0,11.0,15.9,10.3,12.9
CA,6037,Los Angeles County,6037402702,6037402702,0.9916,36.3,47872.0,19.4,51.1,14.1,6.85,100.0,11.6,5.7,13.7,22.9
CA,6037,Los Angeles County,6037402703,6037402703,0.7915,12.7,65800.0,6.6,42.9,4.6,0.04,28.48,5.1,4.4,7.5,11.7
CA,6037,Los Angeles County,6037402705,6037402705,0.4727,8.0,94150.0,4.4,24.7,0.5,0.0,62.74,11.7,6.5,9.5,8.0
CA,6037,Los Angeles County,6037402706,6037402706,0.8937,14.6,87976.0,13.8,25.6,11.9,0.0,4.14,14.5,7.0,8.3,9.6
CA,6037,Los Angeles County,6037402801,6037402801,0.9597,18.0,55926.0,18.6,48.2,7.7,12.42,89.46,7.4,6.1,3.4,28.5
CA,6037,Los Angeles County,6037402803,6037402803,0.7156,12.3,74891.0,19.0,37.8,3.4,11.25,98.59,7.2,7.4,2.8,28.6
CA,6037,Los Angeles County,6037402804,6037402804,0.9656,17.2,57276.0,16.9,49.1,4.5,6.18,100.0,7.1,10.4,15.4,22.8
CA,6037,Los Angeles County,6037402902,6037402902,0.8306,14.9,65500.0,16.1,34.9,9.2,3.6,60.42,10.9,3.4,12.4,24.7
CA,6037,Los Angeles County,6037402903,6037402903,0.7299,15.8,58824.0,12.1,31.3,10.3,1.04,100.0,9.9,6.0,16.4,18.2
CA,6037,Los Angeles County,6037402904,6037402904,0.653,14.5,81506.0,10.4,28.1,1.6,0.0,98.63,5.4,5.4,9.6,15.1
CA,6037,Los Angeles County,6037403000,6037403000,0.7284,8.7,83279.0,12.2,26.6,9.1,5.67,58.18,14.7,3.7,15.5,14.4
CA,6037,Los Angeles County,6037403305,6037403305,0.2431,5.0,119375.0,7.9,27.7,0.7,1.71,70.42,5.3,5.4,1.7,21.0
CA,6037,Los Angeles County,6037403316,6037403316,0.335,10.5,92488.0,2.5,24.2,2.1,8.68,91.66,11.8,3.9,12.9,9.4
CA,6037,Los Angeles County,6037403317,6037403317,0.2668,4.8,111029.0,1.6,24.3,2.5,2.21,55.33,10.0,4.7,4.7,7.4
CA,6037,Los Angeles County,6037403318,6037403318,0.2858,6.9,106046.0,6.8,17.5,0.7,4.31,26.8,11.0,4.7,1.0,11.0
CA,6037,Los Angeles County,6037403319,6037403319,0.3371,12.1,82870.0,2.7,35.2,0.9,1.18,23.06,7.7,4.7,2.5,8.8
CA,6037,Los Angeles County,6037403320,6037403320,0.1452,6.4,144844.0,0.7,22.2,0.4,0.07,79.73,7.2,2.3,3.6,11.6
CA,6037,Los Angeles County,6037403321,6037403321,0.5727,11.2,114871.0,8.3,26.1,7.0,0.0,71.03,8.7,7.8,6.4,8.3
CA,6037,Los Angeles County,6037403323,6037403323,0.4355,5.0,86106.0,6.6,34.4,1.2,4.89,66.02,8.3,7.7,0.0,13.2
CA,6037,Los Angeles County,6037403324,6037403324,0.4625,9.1,104219.0,2.7,26.4,0.0,0.56,67.43,8.6,4.3,3.2,15.0
CA,6037,Los Angeles County,6037403325,6037403325,0.3317,12.6,115778.0,3.2,22.8,3.3,4.85,58.57,9.8,2.8,2.1,11.9
CA,6037,Los Angeles County,6037403326,6037403326,0.5434,5.8,127794.0,5.7,27.4,4.7,1.11,59.76,9.4,3.9,2.9,11.4
CA,6037,Los Angeles County,6037403327,6037403327,0.1864,5.0,128917.0,3.5,9.4,4.4,3.43,33.41,6.9,5.0,4.1,5.7
CA,6037,Los Angeles County,6037403328,6037403328,0.6511,9.4,91985.0,6.5,30.7,3.4,3.81,51.28,8.2,9.1,5.4,14.9
CA,6037,Los Angeles County,6037403401,6037403401,0.3705,10.0,111033.0,7.2,18.2,1.9,0.03,63.4,9.3,4.2,9.0,12.9
CA,6037,Los Angeles County,6037403402,6037403402,0.3865,3.0,99479.0,3.7,21.6,2.1,3.41,57.05,7.5,3.9,1.9,17.2
CA,6037,Los Angeles County,6037403403,6037403403,0.164,11.4,151818.0,4.7,24.0,1.1,3.62,80.08,6.2,4.1,4.0,10.9
CA,6037,Los Angeles County,6037403404,6037403404,0.3598,7.5,128125.0,3.1,20.3,0.6,0.0,53.54,7.8,13.9,4.6,15.8
CA,6037,Los Angeles County,6037403407,6037403407,0.1014,8.2,156438.0,7.8,12.6,0.8,0.24,96.17,3.0,3.0,0.0,14.8
CA,6037,Los Angeles County,6037403408,6037403408,0.1742,5.5,134292.0,3.5,12.1,2.5,5.41,95.76,6.0,2.5,4.2,11.8
CA,6037,Los Angeles County,6037403409,6037403409,0.4282,7.8,125938.0,4.1,16.4,4.3,3.05,95.33,9.6,2.8,6.5,13.0
CA,6037,Los Angeles County,6037403500,6037403500,0.4836,5.7,109038.0,7.2,25.8,19.0,11.75,99.05,14.4,10.8,25.8,7.7
CA,6037,Los Angeles County,6037403601,6037403601,0.4737,7.5,108406.0,3.8,20.7,1.2,0.0,100.0,9.2,7.9,8.9,7.4
CA,6037,Los Angeles County,6037403702,6037403702,0.1933,3.5,116594.0,2.2,15.9,3.3,2.23,90.0,15.1,1.1,7.3,4.9
CA,6037,Los Angeles County,6037403703,6037403703,0.5312,6.3,119667.0,1.3,20.7,2.8,9.32,97.33,14.3,5.9,15.4,2.0
CA,6037,Los Angeles County,6037403721,6037403721,0.7358,8.7,82708.0,6.1,31.9,4.1,0.0,0.0,15.5,8.4,11.6,7.4
CA,6037,Los Angeles County,6037403722,6037403722,0.6888,12.3,68455.0,11.4,51.8,2.9,0.0,18.53,8.5,7.1,13.3,7.2
CA,6037,Los Angeles County,6037403801,6037403801,0.4676,10.9,84135.0,3.8,32.2,3.9,2.23,34.63,11.1,4.2,8.5,3.6
CA,6037,Los Angeles County,6037403802,6037403802,0.7069,17.4,84455.0,7.1,30.7,2.4,2.02,17.93,13.3,6.1,15.3,7.3
CA,6037,Los Angeles County,6037403901,6037403901,0.4479,11.6,107368.0,2.7,27.8,1.0,7.79,49.86,17.7,6.3,9.1,2.3
CA,6037,Los Angeles County,6037403902,6037403902,0.5372,10.2,103929.0,3.9,23.4,1.6,0.4,68.11,11.5,1.6,4.0,3.1
CA,6037,Los Angeles County,6037404000,6037404000,0.5363,9.9,97250.0,4.5,22.0,11.5,9.35,45.39,12.9,8.9,6.7,3.6
CA,6037,Los Angeles County,6037404100,6037404100,0.6656,8.6,71575.0,11.3,40.7,1.6,0.0,49.24,9.3,5.7,20.7,14.1
CA,6037,Los Angeles County,6037404201,6037404201,0.8447,21.4,62841.0,6.3,48.9,16.0,4.29,4.15,9.0,7.6,13.0,10.4
CA,6037,Los Angeles County,6037404203,6037404203,0.6767,12.1,75333.0,10.2,33.1,5.5,1.1,51.61,12.1,6.8,9.5,6.0
CA,6037,Los Angeles County,6037404301,6037404301,0.8412,24.5,67716.0,10.3,44.4,6.0,5.18,0.0,8.2,7.4,16.9,14.1
CA,6037,Los Angeles County,6037404302,6037404302,0.3987,2.5,83523.0,4.9,30.3,0.6,4.32,77.69,11.0,1.5,7.3,6.1
CA,6037,Los Angeles County,6037404401,6037404401,0.4812,11.7,92250.0,16.0,20.7,8.5,0.0,21.2,9.9,4.1,17.5,19.0
CA,6037,Los Angeles County,6037404402,6037404402,0.5178,6.9,90400.0,3.9,23.9,2.9,0.0,82.06,8.4,7.2,13.2,12.0
CA,6037,Los Angeles County,6037404501,6037404501,0.8062,17.8,59648.0,14.4,42.2,1.7,0.0,3.96,9.8,2.9,19.4,18.6
CA,6037,Los Angeles County,6037404503,6037404503,0.845,4.1,86417.0,9.6,20.3,6.3,0.0,94.78,12.2,6.6,14.5,17.0
CA,6037,Los Angeles County,6037404504,6037404504,0.9261,20.7,72000.0,25.9,35.7,19.0,1.37,2.37,12.7,4.2,23.1,19.6
CA,6037,Los Angeles County,6037404600,6037404600,0.5725,6.7,101181.0,8.9,13.8,7.9,3.64,91.99,13.0,4.5,15.6,12.8
CA,6037,Los Angeles County,6037404701,6037404701,0.6913,9.9,92946.0,5.9,29.2,1.5,3.01,47.58,12.7,6.9,7.8,21.8
CA,6037,Los Angeles County,6037404702,6037404702,0.6799,13.7,69157.0,9.0,33.8,3.7,4.0,19.26,12.0,4.4,8.6,22.8
CA,6037,Los Angeles County,6037404703,6037404703,0.7622,14.3,79875.0,17.3,35.9,2.3,0.0,85.58,9.0,7.3,2.9,24.6
CA,6037,Los Angeles County,6037404804,6037404804,0.7577,18.8,78750.0,12.9,39.2,0.5,0.0,60.03,9.1,4.9,5.3,22.1
CA,6037,Los Angeles County,6037404805,6037404805,0.8372,17.1,60868.0,5.8,43.9,11.7,3.68,89.84,8.4,8.1,7.2,34.4
CA,6037,Los Angeles County,6037404806,6037404806,0.9667,12.5,76555.0,12.0,35.5,5.3,3.37,40.89,14.2,8.6,14.4,18.7
CA,6037,Los Angeles County,6037404901,6037404901,0.6686,16.5,91364.0,12.2,32.6,0.6,0.0,97.77,13.5,7.0,10.4,31.2
CA,6037,Los Angeles County,6037404902,6037404902,0.7978,8.2,78056.0,9.6,32.5,4.6,8.0,69.67,11.5,7.2,11.8,22.2
CA,6037,Los Angeles County,6037404903,6037404903,0.7022,9.8,71023.0,10.5,30.3,1.4,2.81,20.49,12.0,6.0,4.6,23.6
CA,6037,Los Angeles County,6037405001,6037405001,0.7292,15.5,77969.0,7.9,32.4,1.9,8.6,100.0,10.0,10.5,3.5,23.0
CA,6037,Los Angeles County,6037405002,6037405002,0.7999,9.9,69609.0,8.8,35.1,1.2,4.65,95.65,13.4,10.8,11.7,29.9
CA,6037,Los Angeles County,6037405101,6037405101,0.7647,19.6,74400.0,14.2,35.9,2.0,4.35,41.14,8.5,7.5,9.4,32.7
CA,6037,Los Angeles County,6037405102,6037405102,0.8816,11.6,65119.0,6.4,43.0,12.6,5.76,4.4,12.9,8.0,16.4,28.9
CA,6037,Los Angeles County,6037405201,6037405201,0.7354,12.0,66563.0,6.6,43.8,2.3,0.0,42.44,11.7,6.7,5.8,21.8
CA,6037,Los Angeles County,6037405202,6037405202,0.699,7.7,71835.0,1.8,38.3,10.6,12.1,98.08,7.7,4.3,9.7,20.4
CA,6037,Los Angeles County,6037405203,6037405203,0.8298,21.0,89464.0,9.6,33.3,1.3,0.0,40.83,15.8,6.3,9.6,25.5
CA,6037,Los Angeles County,6037405301,6037405301,0.8793,9.2,76250.0,4.6,37.1,7.9,4.7,100.0,10.6,9.7,7.5,10.9
CA,6037,Los Angeles County,6037405302,6037405302,0.504,8.2,92706.0,3.4,31.1,1.4,2.8,52.11,9.4,5.0,2.9,5.2
CA,6037,Los Angeles County,6037405400,6037405400,0.3848,7.1,107411.0,4.2,14.7,3.3,1.28,100.0,12.7,4.0,8.3,12.4
CA,6037,Los Angeles County,6037405500,6037405500,0.595,11.7,88472.0,4.9,24.4,4.3,3.4,75.13,10.7,4.3,9.5,12.6
CA,6037,Los Angeles County,6037405600,6037405600,0.4803,5.3,105750.0,4.8,24.9,12.1,1.65,43.33,11.4,5.1,16.1,8.5
CA,6037,Los Angeles County,6037405701,6037405701,0.6344,8.8,99101.0,5.5,29.1,3.2,4.08,100.0,9.6,9.6,7.3,7.4
CA,6037,Los Angeles County,6037405702,6037405702,0.7449,6.9,92663.0,15.2,23.3,1.6,2.07,37.61,12.1,6.0,14.8,15.4
CA,6037,Los Angeles County,6037405800,6037405800,0.4324,5.2,92217.0,6.4,22.2,0.5,0.0,3.61,11.3,2.5,14.1,13.3
CA,6037,Los Angeles County,6037405900,6037405900,0.6963,2.4,75951.0,13.4,37.2,5.8,0.0,0.0,9.9,3.7,11.1,10.4
CA,6037,Los Angeles County,6037406000,6037406000,0.5435,6.4,92577.0,6.3,17.9,4.1,1.95,32.22,12.1,5.4,14.2,10.2
CA,6037,Los Angeles County,6037406101,6037406101,0.4106,2.7,78625.0,2.4,39.3,2.9,0.89,62.05,13.7,5.7,12.7,3.4
CA,6037,Los Angeles County,6037406103,6037406103,0.8066,13.0,80590.0,11.2,39.6,6.7,2.1,75.12,12.5,7.0,11.7,6.4
CA,6037,Los Angeles County,6037406201,6037406201,0.9687,19.5,47390.0,6.3,52.5,12.7,0.0,0.0,23.5,7.4,22.5,22.0
CA,6037,Los Angeles County,6037406300,6037406300,0.4146,5.7,97324.0,5.3,14.4,2.0,4.03,66.55,10.1,5.1,7.2,8.9
CA,6037,Los Angeles County,6037406413,6037406413,0.5429,7.3,97773.0,5.1,31.6,5.4,14.91,40.95,14.2,11.9,9.3,13.4
CA,6037,Los Angeles County,6037406500,6037406500,0.6325,8.5,95840.0,10.1,22.8,1.2,1.09,54.6,11.4,9.3,7.0,8.6
CA,6037,Los Angeles County,6037406601,6037406601,0.5842,13.9,104360.0,3.6,26.7,10.0,0.76,73.03,15.0,7.6,10.9,9.8
CA,6037,Los Angeles County,6037406602,6037406602,0.7506,13.0,101351.0,5.7,30.2,6.1,2.15,35.06,16.2,5.1,10.5,15.8
CA,6037,Los Angeles County,6037406701,6037406701,0.6074,4.5,93980.0,6.4,30.4,2.2,0.51,20.52,13.2,6.4,8.6,7.0
CA,6037,Los Angeles County,6037406702,6037406702,0.7046,9.5,97688.0,7.1,29.9,7.4,1.45,2.12,9.8,10.1,6.7,8.7
CA,6037,Los Angeles County,6037406801,6037406801,0.569,5.8,107396.0,5.9,12.9,5.1,3.95,98.2,11.6,8.4,5.5,7.2
CA,6037,Los Angeles County,6037406903,6037406903,0.782,16.1,80872.0,10.8,33.4,9.7,0.0,97.61,9.8,6.5,13.2,14.9
CA,6037,Los Angeles County,6037407001,6037407001,0.7886,12.8,83941.0,9.1,28.2,4.8,3.45,52.57,11.8,8.0,18.3,16.4
CA,6037,Los Angeles County,6037407002,6037407002,0.7497,11.4,82115.0,17.0,25.9,5.4,9.78,55.54,11.4,9.4,8.4,20.9
CA,6037,Los Angeles County,6037407101,6037407101,0.7938,11.2,73438.0,11.4,37.7,9.6,2.84,22.05,8.1,1.2,16.0,22.3
CA,6037,Los Angeles County,6037407102,6037407102,0.7028,4.8,87738.0,8.0,32.1,3.1,4.13,62.23,11.1,4.0,3.7,19.3
CA,6037,Los Angeles County,6037407201,6037407201,0.8643,5.0,89583.0,14.3,25.7,5.0,1.93,46.93,12.5,8.2,10.5,20.1
CA,6037,Los Angeles County,6037407202,6037407202,0.4979,18.7,73529.0,6.7,34.3,2.2,0.0,100.0,8.9,5.6,10.1,21.0
CA,6037,Los Angeles County,6037407301,6037407301,0.5782,5.1,79583.0,8.6,29.8,3.7,4.89,41.63,14.1,7.1,9.3,11.7
CA,6037,Los Angeles County,6037407302,6037407302,0.673,15.5,88477.0,6.1,26.5,12.6,1.6,82.04,11.5,6.5,11.1,8.5
CA,6037,Los Angeles County,6037407400,6037407400,0.3338,2.9,121023.0,1.7,12.5,1.5,1.28,70.0,6.5,7.6,3.2,6.1
CA,6037,Los Angeles County,6037407501,6037407501,0.752,7.3,75000.0,5.7,40.2,1.2,4.34,25.67,9.7,2.9,12.9,18.8
CA,6037,Los Angeles County,6037407502,6037407502,0.5225,8.4,102868.0,11.4,15.6,0.0,9.92,38.22,8.8,6.3,5.0,18.0
CA,6037,Los Angeles County,6037407601,6037407601,0.7873,11.5,68796.0,15.2,39.5,1.9,0.0,0.93,15.2,5.7,11.3,19.9
CA,6037,Los Angeles County,6037407602,6037407602,0.6867,9.5,95875.0,10.8,25.2,3.6,5.64,56.3,8.5,13.8,8.9,11.7
CA,6037,Los Angeles County,6037407701,6037407701,0.8545,12.6,65733.0,11.9,38.5,3.3,0.0,36.1,13.1,6.8,11.1,24.7
CA,6037,Los Angeles County,6037407702,6037407702,0.543,6.5,86182.0,6.1,20.6,2.9,0.0,64.97,9.4,4.3,6.5,16.3
CA,6037,Los Angeles County,6037407801,6037407801,0.5381,10.2,95670.0,6.3,19.3,4.8,1.63,30.37,13.0,10.1,6.7,14.0
CA,6037,Los Angeles County,6037407802,6037407802,0.5556,6.8,115745.0,10.7,20.8,2.7,6.94,40.6,11.5,6.5,5.7,13.3
CA,6037,Los Angeles County,6037407901,6037407901,0.5736,4.1,102390.0,18.7,21.2,2.0,3.58,92.18,7.5,3.2,2.7,14.8
CA,6037,Los Angeles County,6037407902,6037407902,0.5978,8.8,82404.0,7.1,35.7,4.9,0.0,37.43,17.8,7.1,10.7,9.7
CA,6037,Los Angeles County,6037408003,6037408003,0.4631,9.5,105446.0,9.9,19.6,1.2,2.94,61.97,16.1,5.2,6.4,14.0
CA,6037,Los Angeles County,6037408004,6037408004,0.4341,12.4,88125.0,15.1,34.9,3.9,0.0,3.49,7.9,5.4,1.4,6.0
CA,6037,Los Angeles County,6037408005,6037408005,0.3594,5.8,126597.0,10.2,17.8,3.0,0.7,43.01,10.6,6.2,3.0,6.7
CA,6037,Los Angeles County,6037408006,6037408006,0.7119,8.4,94693.0,7.9,30.7,6.6,2.95,43.53,9.4,8.7,5.8,9.2
CA,6037,Los Angeles County,6037408133,6037408133,0.729,11.7,99500.0,6.9,29.7,5.9,1.42,31.26,10.9,3.5,8.0,13.8
CA,6037,Los Angeles County,6037408134,6037408134,0.3737,10.9,123542.0,3.4,25.1,5.0,0.24,97.73,9.1,2.3,4.6,9.3
CA,6037,Los Angeles County,6037408135,6037408135,0.4806,22.5,83330.0,1.6,26.2,4.8,4.09,94.43,9.1,6.6,2.8,14.2
CA,6037,Los Angeles County,6037408136,6037408136,0.5054,8.7,121076.0,3.6,5.4,5.7,7.76,35.32,13.4,6.6,5.9,10.2
CA,6037,Los Angeles County,6037408137,6037408137,0.6131,12.2,82571.0,7.3,31.3,1.1,0.0,1.43,11.4,5.6,7.5,12.7
CA,6037,Los Angeles County,6037408138,6037408138,0.754,10.6,78696.0,8.4,28.9,0.8,3.29,52.91,14.2,5.1,10.3,10.8
CA,6037,Los Angeles County,6037408139,6037408139,0.6515,14.6,89423.0,8.2,22.3,2.8,2.92,83.02,11.4,10.2,4.3,28.0
CA,6037,Los Angeles County,6037408140,6037408140,0.7937,12.7,73432.0,12.7,25.5,6.0,6.17,100.0,6.0,6.8,14.5,20.2
CA,6037,Los Angeles County,6037408141,6037408141,0.7685,19.2,92459.0,10.5,24.9,0.0,0.0,55.19,7.6,10.0,6.2,20.2
CA,6037,Los Angeles County,6037408212,6037408212,0.7657,7.1,69645.0,4.1,33.2,5.9,0.0,0.84,9.7,4.8,6.3,21.5
CA,6037,Los Angeles County,6037408213,6037408213,0.6722,11.7,74519.0,8.3,37.2,2.3,2.53,100.0,6.5,7.6,5.3,25.5
CA,6037,Los Angeles County,6037408301,6037408301,0.7489,13.2,80221.0,6.7,34.3,2.6,5.87,52.65,8.7,10.3,6.6,15.9
CA,6037,Los Angeles County,6037408302,6037408302,0.4189,6.2,100850.0,11.5,23.1,1.3,0.0,47.73,8.8,7.1,9.9,11.2
CA,6037,Los Angeles County,6037408303,6037408303,0.3657,7.0,108621.0,8.3,19.9,1.4,1.63,50.46,7.6,3.5,6.5,8.5
CA,6037,Los Angeles County,6037408401,6037408401,0.631,8.9,87850.0,4.9,26.0,6.4,6.42,36.57,10.7,6.0,11.9,12.7
CA,6037,Los Angeles County,6037408402,6037408402,0.4913,6.5,114583.0,4.8,17.6,2.2,3.04,92.14,9.2,3.4,5.3,13.9
CA,6037,Los Angeles County,6037408503,6037408503,0.1356,4.4,135179.0,1.7,13.4,0.5,4.18,92.73,7.1,5.5,6.1,8.9
CA,6037,Los Angeles County,6037408504,6037408504,0.5265,7.6,97448.0,6.2,22.5,1.5,0.0,16.83,8.0,8.1,6.8,11.8
CA,6037,Los Angeles County,6037408505,6037408505,0.5739,12.9,105167.0,8.6,18.0,5.6,2.46,68.09,8.8,6.5,4.0,16.7
CA,6037,Los Angeles County,6037408623,6037408623,0.4576,7.1,93036.0,5.1,24.1,2.7,5.62,42.43,9.5,5.2,6.1,18.3
CA,6037,Los Angeles County,6037408624,6037408624,0.3667,10.5,111141.0,7.0,18.8,6.1,0.0,80.99,6.6,2.2,6.4,14.2
CA,6037,Los Angeles County,6037408625,6037408625,0.1855,7.0,129643.0,4.6,17.8,2.6,0.0,74.81,7.0,1.5,4.0,10.1
CA,6037,Los Angeles County,6037408626,6037408626,0.5459,9.0,98274.0,7.3,30.1,3.2,3.49,24.87,12.2,4.4,8.2,20.3
CA,6037,Los Angeles County,6037408627,6037408627,0.1595,6.7,115563.0,3.3,20.2,2.9,5.66,99.13,7.4,4.1,1.4,15.8
CA,6037,Los Angeles County,6037408628,6037408628,0.7101,10.9,76587.0,2.0,35.2,10.2,3.83,33.46,7.5,2.7,8.3,18.9
CA,6037,Los Angeles County,6037408629,6037408629,0.3888,12.3,119231.0,4.7,21.8,2.4,7.74,100.0,10.5,8.0,2.5,12.7
CA,6037,Los Angeles County,6037408631,6037408631,0.4616,20.9,90263.0,4.0,26.3,4.2,0.43,76.59,8.3,7.7,6.4,12.0
CA,6037,Los Angeles County,6037408703,6037408703,0.1582,7.4,152143.0,4.6,16.5,0.5,0.12,98.8,6.4,7.3,2.8,15.0
CA,6037,Los Angeles County,6037408705,6037408705,0.7765,10.6,79798.0,4.3,33.4,4.5,0.0,38.14,10.7,6.9,12.2,28.6
CA,6037,Los Angeles County,6037408707,6037408707,0.1628,5.6,126069.0,1.3,15.6,0.4,0.0,98.76,9.4,4.6,2.8,13.1
CA,6037,Los Angeles County,6037408722,6037408722,0.4338,10.5,109567.0,6.7,22.9,1.1,0.0,99.48,8.0,5.7,3.1,18.9
CA,6037,Los Angeles County,6037408724,6037408724,0.8264,16.3,59059.0,19.1,45.0,6.5,0.0,0.0,4.9,8.3,13.0,23.5
CA,6037,Los Angeles County,6037408725,6037408725,0.6156,9.8,80469.0,6.0,33.2,5.5,0.34,37.11,9.6,4.8,6.9,22.1
CA,6037,Los Angeles County,6037408800,6037408800,0.8855,18.9,51472.0,18.7,57.9,7.5,4.03,12.39,8.9,8.6,7.2,12.1
CA,6037,Los Angeles County,6037408900,6037408900,0.546,8.2,76908.0,1.6,25.5,10.6,1.57,20.39,18.8,4.6,9.3,5.2
CA,6037,Los Angeles County,6037409000,6037409000,0.8497,25.1,71411.0,12.1,32.3,3.8,2.17,68.53,11.0,5.5,6.7,11.4
CA,6037,Los Angeles County,6037409100,6037409100,0.6493,18.3,86950.0,13.3,26.9,9.2,3.78,20.79,9.3,7.9,7.5,23.6
CA,6037,Los Angeles County,6037430003,6037430003,0.1219,5.0,140588.0,5.5,12.4,2.7,6.58,100.0,11.4,3.0,7.8,3.0
CA,6037,Los Angeles County,6037430004,6037430004,0.708,5.2,90124.0,4.4,23.2,10.7,2.04,7.26,13.9,6.4,9.0,5.8
CA,6037,Los Angeles County,6037430005,6037430005,0.3126,4.0,118569.0,3.3,19.4,3.8,2.8,72.42,9.9,8.6,5.6,6.1
CA,6037,Los Angeles County,6037430101,6037430101,0.7279,15.1,58017.0,4.5,47.2,16.0,9.28,24.12,25.8,2.3,17.7,5.5
CA,6037,Los Angeles County,6037430102,6037430102,0.8219,8.7,91552.0,12.8,29.3,6.1,3.65,62.25,12.8,8.9,14.3,20.4
CA,6037,Los Angeles County,6037430200,6037430200,0.3817,5.3,121875.0,1.8,22.8,6.6,13.67,88.04,19.5,7.1,18.8,3.4
CA,6037,Los Angeles County,6037430301,6037430301,0.0998,6.3,144970.0,0.8,12.6,0.0,0.0,100.0,11.3,1.9,3.4,2.8
CA,6037,Los Angeles County,6037430302,6037430302,0.1946,8.3,106138.0,3.5,25.4,3.7,1.25,40.9,9.0,2.5,4.2,1.4
CA,6037,Los Angeles County,6037430400,6037430400,0.1809,3.7,181250.0,0.7,18.2,0.0,1.59,50.51,11.5,0.7,5.0,8.0
CA,6037,Los Angeles County,6037430501,6037430501,0.045,4.0,175444.0,3.5,10.5,0.7,3.61,97.81,8.0,3.3,4.7,4.5
CA,6037,Los Angeles County,6037430502,6037430502,0.1624,7.7,94151.0,5.7,24.4,5.1,2.0,100.0,8.3,3.1,5.8,1.2
CA,6037,Los Angeles County,6037430600,6037430600,0.1542,6.4,182682.0,4.6,8.2,0.8,0.0,86.81,8.7,3.2,1.7,8.1
CA,6037,Los Angeles County,6037430701,6037430701,0.4999,8.5,103906.0,5.1,19.0,7.0,4.0,51.29,15.1,3.1,6.3,8.3
CA,6037,Los Angeles County,6037430721,6037430721,0.8093,18.9,76300.0,5.3,38.6,7.6,0.48,54.19,14.8,15.8,6.7,16.3
CA,6037,Los Angeles County,6037430723,6037430723,0.479,7.5,73550.0,3.6,40.7,4.4,6.23,99.59,11.7,7.4,3.7,7.1
CA,6037,Los Angeles County,6037430724,6037430724,0.575,10.5,100392.0,6.6,23.5,4.7,2.66,97.18,8.6,5.7,5.0,10.6
CA,6037,Los Angeles County,6037430801,6037430801,0.4607,8.1,109861.0,6.3,31.8,2.3,0.0,56.11,8.7,6.9,1.4,7.7
CA,6037,Los Angeles County,6037430802,6037430802,0.358,15.8,134073.0,1.0,19.3,1.2,0.0,23.76,14.1,7.2,3.5,12.3
CA,6037,Los Angeles County,6037430803,6037430803,0.253,5.1,107269.0,3.5,22.6,1.8,0.7,46.7,6.8,3.1,6.4,17.0
CA,6037,Los Angeles County,6037430901,6037430901,0.6522,11.2,81496.0,10.5,38.9,11.8,0.0,100.0,8.0,8.0,10.5,7.0
CA,6037,Los Angeles County,6037430902,6037430902,0.6124,5.9,97500.0,6.5,32.6,3.2,0.0,21.89,9.0,5.5,8.1,5.0
CA,6037,Los Angeles County,6037431002,6037431002,0.5829,6.3,65781.0,5.6,37.8,8.2,8.77,32.41,15.0,5.5,10.8,3.0
CA,6037,Los Angeles County,6037431003,6037431003,0.3355,24.7,83438.0,4.0,42.5,2.3,2.7,52.03,4.7,4.1,4.9,2.8
CA,6037,Los Angeles County,6037431004,6037431004,0.3381,6.3,87556.0,6.6,27.0,2.2,2.98,5.24,7.2,11.4,14.4,6.3
CA,6037,Los Angeles County,6037431100,6037431100,0.5338,8.6,107070.0,7.8,30.4,5.3,0.0,16.04,8.1,6.6,12.3,8.3
CA,6037,Los Angeles County,6037431200,6037431200,0.7366,9.7,100417.0,11.2,23.9,4.3,15.81,90.75,7.7,6.4,13.4,12.4
CA,6037,Los Angeles County,6037431300,6037431300,0.1593,7.8,109250.0,5.6,24.5,0.0,0.0,100.0,10.5,5.1,9.1,4.7
CA,6037,Los Angeles County,6037431400,6037431400,0.6626,10.0,79000.0,3.1,31.3,11.5,0.0,97.57,20.5,4.1,13.9,14.8
CA,6037,Los Angeles County,6037431501,6037431501,0.7952,11.7,59858.0,6.0,42.5,4.7,4.63,82.02,12.9,0.8,13.1,18.6
CA,6037,Los Angeles County,6037431502,6037431502,0.5427,13.5,99219.0,9.0,27.9,4.4,2.46,54.16,16.8,3.3,6.7,14.4
CA,6037,Los Angeles County,6037431600,6037431600,0.6021,3.8,103295.0,4.1,30.1,10.2,0.41,94.15,9.2,3.3,4.4,16.5
CA,6037,Los Angeles County,6037431701,6037431701,0.3493,8.8,111624.0,2.4,33.3,4.9,0.41,89.76,9.7,4.3,4.7,14.5
CA,6037,Los Angeles County,6037431800,6037431800,0.6207,9.4,72750.0,3.6,35.7,4.1,0.0,5.94,19.1,2.9,5.8,19.7
CA,6037,Los Angeles County,6037431900,6037431900,0.4446,9.5,83897.0,3.4,31.5,6.2,0.61,22.72,10.3,10.1,11.6,18.2
CA,6037,Los Angeles County,6037432001,6037432001,0.4633,6.3,92500.0,0.7,23.1,0.8,0.0,91.9,8.7,8.4,6.2,21.2
CA,6037,Los Angeles County,6037432002,6037432002,0.7607,11.4,74000.0,11.2,35.8,3.6,1.78,0.0,7.9,7.7,10.9,16.3
CA,6037,Los Angeles County,6037432101,6037432101,0.3806,5.9,115944.0,1.4,18.3,1.2,0.0,94.1,11.9,4.9,3.5,15.8
CA,6037,Los Angeles County,6037432102,6037432102,0.4467,6.9,106915.0,2.3,19.7,0.5,5.39,15.36,8.6,3.0,6.7,15.8
CA,6037,Los Angeles County,6037432201,6037432201,0.5923,9.6,98607.0,1.4,33.8,8.9,8.16,44.26,6.4,2.3,13.5,30.3
CA,6037,Los Angeles County,6037432202,6037432202,0.7131,7.7,81875.0,10.8,30.4,6.0,0.0,17.73,10.3,6.4,8.4,27.6
CA,6037,Los Angeles County,6037432300,6037432300,0.8137,13.8,73250.0,10.6,40.4,6.9,10.54,95.54,8.2,7.6,5.6,22.9
CA,6037,Los Angeles County,6037432401,6037432401,0.7594,9.5,75000.0,10.0,26.3,5.6,0.64,0.0,8.2,3.3,6.2,26.6
CA,6037,Los Angeles County,6037432402,6037432402,0.9655,17.7,56732.0,11.0,54.2,9.3,6.03,41.22,13.5,6.3,16.0,28.7
CA,6037,Los Angeles County,6037432501,6037432501,0.8583,9.8,70114.0,5.6,32.2,7.1,0.0,41.63,11.5,2.4,13.6,17.2
CA,6037,Los Angeles County,6037432502,6037432502,0.4471,4.1,108587.0,10.7,21.0,4.5,3.65,36.08,13.9,6.6,5.1,16.8
CA,6037,Los Angeles County,6037432601,6037432601,0.764,16.9,69214.0,7.7,37.1,5.6,0.39,4.27,8.4,3.7,7.6,24.5
CA,6037,Los Angeles County,6037432602,6037432602,0.7468,15.2,62361.0,7.6,41.2,4.7,3.18,85.06,11.1,6.9,4.7,27.7
CA,6037,Los Angeles County,6037432700,6037432700,0.8431,13.1,65747.0,5.8,36.9,9.8,4.12,0.0,17.7,5.8,19.8,24.0
CA,6037,Los Angeles County,6037432801,6037432801,0.9618,23.2,31442.0,9.9,43.1,37.8,28.04,59.08,18.5,4.1,28.1,40.3
CA,6037,Los Angeles County,6037432802,6037432802,0.981,25.4,54507.0,19.9,48.4,11.8,6.89,69.47,13.3,15.2,12.1,29.5
CA,6037,Los Angeles County,6037432901,6037432901,0.6879,12.3,70240.0,12.2,33.7,7.2,0.0,0.87,7.7,4.0,8.6,27.0
CA,6037,Los Angeles County,6037432902,6037432902,0.7321,8.3,81111.0,3.3,28.6,3.9,0.0,73.38,11.0,7.3,8.5,24.9
CA,6037,Los Angeles County,6037433103,6037433103,0.9107,15.9,62235.0,12.4,41.9,7.6,6.97,22.11,9.5,8.8,15.1,36.2
CA,6037,Los Angeles County,6037433200,6037433200,0.9586,12.5,68778.0,18.3,41.7,14.0,0.0,19.56,11.5,6.5,14.7,26.7
CA,6037,Los Angeles County,6037433302,6037433302,0.9272,8.8,57542.0,15.9,36.0,10.7,0.0,12.28,11.9,3.9,13.9,37.5
CA,6037,Los Angeles County,6037433304,6037433304,0.9815,21.5,41875.0,9.3,60.5,11.7,19.44,12.17,11.4,8.0,17.5,28.2
CA,6037,Los Angeles County,6037433305,6037433305,0.9837,26.0,41770.0,13.3,56.4,21.4,3.6,63.63,15.5,4.8,19.6,34.6
CA,6037,Los Angeles County,6037433306,6037433306,0.8373,22.3,55543.0,14.3,45.6,1.5,0.0,20.56,12.3,4.1,15.8,28.4
CA,6037,Los Angeles County,6037433307,6037433307,0.7998,19.6,71354.0,10.4,39.9,0.4,5.31,15.86,9.5,5.1,5.3,24.9
CA,6037,Los Angeles County,6037433402,6037433402,0.9313,13.6,62064.0,11.6,36.1,10.3,0.0,21.13,8.8,7.3,13.1,35.7
CA,6037,Los Angeles County,6037433403,6037433403,0.9279,19.3,55576.0,13.6,48.5,6.0,2.7,31.41,9.4,3.5,17.3,32.1
CA,6037,Los Angeles County,6037433505,6037433505,0.9771,19.7,58301.0,18.7,53.3,8.8,1.69,14.64,9.8,12.6,23.7,34.4
CA,6037,Los Angeles County,6037433506,6037433506,0.993,30.6,45212.0,17.5,51.4,16.7,0.45,100.0,15.4,14.7,18.0,27.9
CA,6037,Los Angeles County,6037433601,6037433601,0.7093,8.6,74783.0,5.5,32.5,3.4,0.67,56.3,9.5,7.0,10.2,39.6
CA,6037,Los Angeles County,6037433602,6037433602,0.7923,19.1,59297.0,4.8,38.8,10.6,15.55,74.07,5.9,7.9,19.9,32.0
CA,6037,Los Angeles County,6037433803,6037433803,0.6874,15.8,83561.0,1.7,24.6,4.0,0.0,7.19,17.9,5.2,23.9,14.1
CA,6037,Los Angeles County,6037433804,6037433804,0.8659,33.5,55909.0,12.5,44.6,3.5,2.92,42.19,6.9,5.9,21.2,30.1
CA,6037,Los Angeles County,6037433901,6037433901,0.9652,20.6,67632.0,23.3,50.6,9.7,3.36,22.26,7.6,10.0,17.2,34.0
CA,6037,Los Angeles County,6037433903,6037433903,0.8054,23.2,57936.0,18.3,49.3,5.5,0.95,43.51,7.8,4.6,8.4,27.8
CA,6037,Los Angeles County,6037434001,6037434001,0.93,14.8,65694.0,13.9,36.6,6.2,0.0,72.5,8.9,11.4,4.5,31.6
CA,6037,Los Angeles County,6037434003,6037434003,0.8202,15.1,70313.0,14.3,37.6,3.8,1.92,47.71,8.1,6.3,9.1,28.3
CA,6037,Los Angeles County,6037434004,6037434004,0.7154,8.9,104688.0,10.4,21.7,8.5,0.0,3.72,14.2,2.9,2.4,29.5
CA,6037,Los Angeles County,6037434100,6037434100,0.9259,14.5,71205.0,11.8,41.7,8.6,0.62,84.22,11.5,5.2,13.6,27.1
CA,6037,Los Angeles County,6037460001,6037460001,0.0029,0.5,227083.0,0.9,6.9,0.0,0.0,54.04,9.3,3.6,0.0,2.1
CA,6037,Los Angeles County,6037460002,6037460002,0.099,4.0,186369.0,3.2,12.0,1.0,1.9,100.0,8.5,2.7,1.7,4.6
CA,6037,Los Angeles County,6037460101,6037460101,0.077,2.2,175099.0,0.5,18.9,1.2,0.26,62.71,12.0,6.6,7.7,1.1
CA,6037,Los Angeles County,6037460200,6037460200,0.4498,10.0,138804.0,2.4,22.3,3.4,5.58,84.54,12.3,9.3,0.0,2.7
CA,6037,Los Angeles County,6037460301,6037460301,0.3106,8.8,174306.0,2.7,16.6,1.7,0.0,100.0,8.9,5.6,4.5,0.6
CA,6037,Los Angeles County,6037460302,6037460302,0.5553,10.8,68750.0,4.8,37.5,5.1,0.24,72.3,8.9,14.0,16.7,4.8
CA,6037,Los Angeles County,6037460401,6037460401,0.209,4.5,116000.0,7.6,31.6,5.0,0.0,100.0,4.0,10.2,7.8,2.3
CA,6037,Los Angeles County,6037460501,6037460501,0.0756,3.7,204125.0,2.7,12.5,2.2,9.32,89.02,4.6,7.0,4.7,2.8
CA,6037,Los Angeles County,6037460502,6037460502,0.0404,1.6,250001.0,0.0,13.0,1.9,0.0,27.06,3.7,5.2,1.6,3.4
CA,6037,Los Angeles County,6037460601,6037460601,0.1228,3.1,191319.0,2.0,16.9,2.2,2.21,31.5,7.6,3.8,2.2,4.9
CA,6037,Los Angeles County,6037460700,6037460700,0.0627,4.5,212667.0,3.6,11.7,0.5,0.0,53.84,7.5,1.9,4.0,2.2
CA,6037,Los Angeles County,6037460800,6037460800,0.0065,2.3,250001.0,1.7,9.7,1.0,0.0,92.91,6.7,4.4,3.3,1.1
CA,6037,Los Angeles County,6037460900,6037460900,0.6108,18.2,89511.0,7.2,22.9,4.4,4.11,82.54,10.3,4.5,7.0,11.5
CA,6037,Los Angeles County,6037461000,6037461000,0.7329,11.4,120519.0,3.4,28.7,7.8,1.68,15.22,10.7,8.9,11.3,13.1
CA,6037,Los Angeles County,6037461100,6037461100,0.4817,4.7,124605.0,5.3,21.0,4.9,0.88,3.99,13.7,3.8,10.6,4.7
CA,6037,Los Angeles County,6037461200,6037461200,0.0538,1.9,167500.0,3.3,17.3,2.2,3.29,27.39,9.1,3.5,5.7,1.6
CA,6037,Los Angeles County,6037461300,6037461300,0.3898,5.3,93849.0,4.8,27.3,7.3,4.06,29.6,10.6,2.2,10.2,12.8
CA,6037,Los Angeles County,6037461400,6037461400,0.6539,16.9,78594.0,8.0,36.9,17.1,6.39,45.16,14.7,5.9,16.5,4.9
CA,6037,Los Angeles County,6037461501,6037461501,0.5742,10.9,92750.0,7.0,30.7,11.3,10.45,45.74,8.7,2.5,13.9,7.1
CA,6037,Los Angeles County,6037461502,6037461502,0.847,20.1,70905.0,13.8,33.1,9.7,22.25,89.25,18.0,5.7,14.7,13.8
CA,6037,Los Angeles County,6037461600,6037461600,0.6966,14.3,69205.0,6.0,43.7,6.9,4.86,52.36,7.6,9.0,13.3,12.4
CA,6037,Los Angeles County,6037461700,6037461700,0.1699,5.4,142708.0,0.0,28.1,3.5,3.69,76.27,7.7,6.3,3.5,4.6
CA,6037,Los Angeles County,6037461901,6037461901,0.855,28.2,53563.0,11.0,44.6,16.7,0.0,51.17,12.2,4.8,22.2,18.5
CA,6037,Los Angeles County,6037461902,6037461902,0.7381,33.9,39643.0,6.4,39.3,24.1,3.66,14.11,16.1,4.4,17.2,12.4
CA,6037,Los Angeles County,6037462001,6037462001,0.804,20.3,84408.0,14.4,28.0,6.8,2.08,10.8,4.9,5.6,16.8,23.1
CA,6037,Los Angeles County,6037462002,6037462002,0.9529,38.4,39132.0,21.1,61.0,28.8,4.25,18.13,7.1,4.9,26.3,22.8
CA,6037,Los Angeles County,6037462100,6037462100,0.6617,10.3,87731.0,10.2,35.7,11.0,0.0,0.0,10.6,4.6,12.6,12.4
CA,6037,Los Angeles County,6037462201,6037462201,0.8493,30.5,44327.0,3.5,48.6,35.8,0.0,99.43,22.8,6.8,26.5,13.2
CA,6037,Los Angeles County,6037462202,6037462202,0.3774,21.5,98294.0,3.5,25.8,7.5,3.92,0.08,7.9,6.7,8.5,6.3
CA,6037,Los Angeles County,6037462301,6037462301,0.5769,19.0,81985.0,14.9,37.0,7.0,0.0,100.0,8.5,3.6,12.1,12.2
CA,6037,Los Angeles County,6037462302,6037462302,0.6789,22.1,69408.0,10.2,42.8,17.0,0.0,0.0,16.1,3.9,8.3,8.0
CA,6037,Los Angeles County,6037462400,6037462400,0.4017,9.1,132957.0,8.3,21.3,6.0,10.82,14.97,13.3,0.9,5.7,5.8
CA,6037,Los Angeles County,6037462500,6037462500,0.1118,4.4,118409.0,6.8,13.5,2.9,3.08,62.85,6.2,1.7,6.3,4.6
CA,6037,Los Angeles County,6037462600,6037462600,0.234,7.0,163750.0,4.0,21.0,0.0,6.55,64.19,9.2,11.9,2.2,3.7
CA,6037,Los Angeles County,6037462700,6037462700,0.4558,12.4,73333.0,6.3,38.4,3.1,6.44,53.13,5.5,8.6,4.2,9.2
CA,6037,Los Angeles County,6037462800,6037462800,0.2576,9.4,102614.0,6.7,30.7,0.3,4.63,54.89,5.3,4.0,3.5,4.6
CA,6037,Los Angeles County,6037462900,6037462900,0.2825,5.2,120444.0,8.2,20.9,1.4,3.49,44.38,12.4,4.2,14.5,8.5
CA,6037,Los Angeles County,6037463000,6037463000,0.297,5.7,123750.0,9.1,21.9,4.4,4.48,11.92,9.1,2.9,1.9,4.3
CA,6037,Los Angeles County,6037463103,6037463103,0.4706,6.6,100985.0,3.0,24.2,3.1,0.0,64.75,11.2,2.2,11.2,11.3
CA,6037,Los Angeles County,6037463200,6037463200,0.4512,7.2,94083.0,5.1,26.5,7.3,4.1,17.62,9.2,8.2,6.5,9.0
CA,6037,Los Angeles County,6037463300,6037463300,0.1306,4.3,132500.0,7.8,18.9,2.6,4.89,27.56,5.4,4.1,4.3,4.1
CA,6037,Los Angeles County,6037463400,6037463400,0.2467,8.4,116161.0,6.7,31.3,5.1,1.47,43.37,5.4,2.1,5.1,5.7
CA,6037,Los Angeles County,6037463500,6037463500,0.3048,10.4,104338.0,2.5,31.7,12.4,2.32,0.0,4.6,8.1,2.5,2.5
CA,6037,Los Angeles County,6037463601,6037463601,0.3914,13.0,85827.0,3.0,24.9,13.5,5.79,58.71,17.6,2.9,9.4,4.0
CA,6037,Los Angeles County,6037463602,6037463602,0.4127,13.6,107888.0,2.2,27.2,12.4,0.0,6.75,12.2,4.1,9.9,7.4
CA,6037,Los Angeles County,6037463700,6037463700,0.036,5.0,174943.0,0.0,12.2,2.5,2.73,6.9,8.7,2.8,3.2,1.3
CA,6037,Los Angeles County,6037463800,6037463800,0.1135,3.0,212250.0,0.6,11.9,2.4,0.0,80.53,7.5,2.9,4.4,0.9
CA,6037,Los Angeles County,6037463900,6037463900,0.3778,5.4,126847.0,8.1,18.5,7.1,0.65,58.92,10.6,7.9,4.1,3.4
CA,6037,Los Angeles County,6037464000,6037464000,0.1691,4.0,134205.0,2.8,15.9,3.3,10.04,40.95,6.9,9.7,5.2,1.7
CA,6037,Los Angeles County,6037464101,6037464101,0.052,5.6,170217.0,0.0,24.1,2.7,6.3,83.48,9.1,0.0,3.6,11.2
CA,6037,Los Angeles County,6037464102,6037464102,0.3397,16.1,231339.0,9.2,9.3,0.9,2.34,100.0,4.6,2.2,0.5,10.6
CA,6037,Los Angeles County,6037464200,6037464200,0.1596,4.6,160969.0,1.4,20.7,0.0,0.0,48.63,7.0,8.1,6.2,7.4
CA,6037,Los Angeles County,6037480002,6037480002,0.4183,10.0,138372.0,3.2,17.1,4.6,5.34,6.57,10.9,10.3,2.9,17.6
CA,6037,Los Angeles County,6037480011,6037480011,0.7965,16.5,91563.0,8.0,41.7,4.0,5.9,24.35,10.2,7.5,5.7,21.8
CA,6037,Los Angeles County,6037480012,6037480012,0.4551,10.3,104360.0,2.2,22.2,5.3,1.57,1.89,9.2,5.0,5.2,14.3
CA,6037,Los Angeles County,6037480101,6037480101,0.6094,16.4,94798.0,1.1,38.3,1.3,0.0,0.57,8.1,7.1,9.2,26.9
CA,6037,Los Angeles County,6037480102,6037480102,0.5583,11.0,105677.0,10.0,24.0,4.8,0.51,28.45,10.3,6.3,5.6,17.0
CA,6037,Los Angeles County,6037480201,6037480201,0.1075,2.5,135114.0,2.1,18.2,1.1,3.46,40.89,7.5,3.8,4.5,4.5
CA,6037,Los Angeles County,6037480202,6037480202,0.1885,8.8,109659.0,1.2,19.1,4.6,0.0,36.78,6.1,3.0,8.4,11.9
CA,6037,Los Angeles County,6037480302,6037480302,0.5962,9.1,102693.0,6.2,27.0,10.2,1.87,98.35,11.2,4.7,11.0,13.5
CA,6037,Los Angeles County,6037480303,6037480303,0.5324,7.1,89340.0,7.2,29.2,5.3,8.41,83.18,5.5,12.3,3.9,17.7
CA,6037,Los Angeles County,6037480304,6037480304,0.6853,8.0,68867.0,5.1,45.8,11.4,11.38,85.09,7.6,4.9,7.2,18.9
CA,6037,Los Angeles County,6037480400,6037480400,0.4889,10.3,86319.0,3.3,35.8,1.0,0.0,8.17,10.0,5.4,4.6,12.1
CA,6037,Los Angeles County,6037480500,6037480500,0.1342,2.5,136359.0,5.7,23.9,4.0,0.0,13.26,7.7,6.2,2.2,1.0
CA,6037,Los Angeles County,6037480601,6037480601,0.2353,7.7,103679.0,7.5,19.3,0.0,0.75,80.15,6.9,6.3,5.7,1.5
CA,6037,Los Angeles County,6037480602,6037480602,0.1733,1.2,143686.0,1.2,14.5,5.0,0.33,84.22,6.8,3.6,4.2,0.9
CA,6037,Los Angeles County,6037480702,6037480702,0.1631,1.7,175588.0,1.6,11.6,0.5,3.05,85.93,7.8,8.1,2.7,3.9
CA,6037,Los Angeles County,6037480703,6037480703,0.1208,8.4,170507.0,2.6,13.9,1.2,0.0,37.37,6.1,3.9,1.3,5.1
CA,6037,Los Angeles County,6037480704,6037480704,0.1917,8.0,110167.0,3.1,23.5,5.5,6.58,41.85,4.5,3.0,2.6,5.0
CA,6037,Los Angeles County,6037480802,6037480802,0.4852,14.3,112904.0,5.8,17.2,4.3,6.07,77.91,8.6,3.9,4.2,17.9
CA,6037,Los Angeles County,6037480803,6037480803,0.5653,10.4,110362.0,6.2,36.9,10.4,4.42,80.16,12.2,5.6,4.2,10.7
CA,6037,Los Angeles County,6037480804,6037480804,0.5931,11.1,83452.0,3.8,30.5,5.1,2.67,62.86,11.1,2.9,4.8,17.9
CA,6037,Los Angeles County,6037480901,6037480901,0.7357,20.8,75170.0,8.0,36.4,8.9,2.78,3.16,8.0,3.7,6.3,26.7
CA,6037,Los Angeles County,6037480902,6037480902,0.8708,27.5,59219.0,5.2,47.6,3.4,0.0,6.11,8.2,5.6,12.5,26.7
CA,6037,Los Angeles County,6037480903,6037480903,0.6947,16.4,81375.0,7.1,32.6,7.2,1.94,17.28,8.6,3.7,7.5,33.0
CA,6037,Los Angeles County,6037481001,6037481001,0.8572,15.5,68340.0,2.4,42.9,17.6,3.69,6.28,16.6,5.6,15.9,18.1
CA,6037,Los Angeles County,6037481002,6037481002,0.5983,10.5,81648.0,3.4,30.9,9.1,0.0,0.0,9.3,6.7,5.7,15.3
CA,6037,Los Angeles County,6037481101,6037481101,0.7345,13.5,77026.0,5.0,35.5,8.2,0.0,4.89,9.0,4.1,8.1,16.6
CA,6037,Los Angeles County,6037481102,6037481102,0.7708,11.9,71141.0,13.8,47.2,3.1,2.37,11.96,5.6,7.0,2.8,16.8
CA,6037,Los Angeles County,6037481103,6037481103,0.6445,20.5,72083.0,4.2,27.8,11.9,5.84,78.78,8.4,5.2,18.5,19.1
CA,6037,Los Angeles County,6037481201,6037481201,0.4945,14.3,92111.0,4.6,26.7,1.1,0.0,20.46,9.4,9.9,6.4,19.5
CA,6037,Los Angeles County,6037481203,6037481203,0.6806,8.5,77108.0,7.9,34.0,3.4,9.49,14.97,8.1,9.3,12.0,24.3
CA,6037,Los Angeles County,6037481300,6037481300,0.7163,6.9,81563.0,4.9,25.7,7.0,1.66,5.55,9.2,4.3,10.0,32.9
CA,6037,Los Angeles County,6037481401,6037481401,0.6305,14.8,81761.0,7.4,36.4,5.1,1.59,14.87,8.4,8.1,3.8,37.4
CA,6037,Los Angeles County,6037481403,6037481403,0.7342,22.5,75548.0,1.6,42.2,1.0,9.61,97.97,11.5,13.7,19.2,45.5
CA,6037,Los Angeles County,6037481404,6037481404,0.5935,7.9,80962.0,6.8,27.7,5.8,8.0,85.05,8.5,5.1,5.0,29.4
CA,6037,Los Angeles County,6037481500,6037481500,0.5957,12.0,72596.0,1.0,39.2,7.6,3.11,10.14,12.0,3.8,7.6,21.5
CA,6037,Los Angeles County,6037481603,6037481603,0.727,10.0,79884.0,6.7,32.1,10.8,4.7,63.77,8.5,8.0,3.7,29.1
CA,6037,Los Angeles County,6037481604,6037481604,0.5366,8.1,83958.0,4.6,39.3,3.4,4.44,71.53,7.4,4.8,8.2,20.9
CA,6037,Los Angeles County,6037481605,6037481605,0.4497,12.6,96333.0,3.6,30.1,2.9,2.98,61.73,9.1,2.7,11.1,26.0
CA,6037,Los Angeles County,6037481606,6037481606,0.8176,18.7,66280.0,5.9,48.3,9.1,1.48,34.11,8.7,6.6,10.9,25.8
CA,6037,Los Angeles County,6037481711,6037481711,0.948,14.6,54688.0,9.2,48.1,21.1,0.0,99.77,10.8,8.0,12.2,50.7
CA,6037,Los Angeles County,6037481712,6037481712,0.8665,19.4,46094.0,5.6,51.2,17.2,5.74,15.23,12.0,9.7,16.9,36.4
CA,6037,Los Angeles County,6037481713,6037481713,0.5836,17.9,72443.0,3.6,31.7,6.6,0.0,4.94,5.9,10.8,6.4,36.3
CA,6037,Los Angeles County,6037481714,6037481714,0.8874,29.0,44821.0,9.8,44.0,20.5,6.31,29.12,15.8,6.2,29.9,46.4
CA,6037,Los Angeles County,6037481800,6037481800,0.4486,2.8,101250.0,3.2,28.4,6.5,5.25,15.16,15.0,4.3,7.1,19.6
CA,6037,Los Angeles County,6037481901,6037481901,0.5704,7.0,96881.0,3.7,30.9,0.0,5.64,100.0,12.2,5.8,7.3,10.9
CA,6037,Los Angeles County,6037481902,6037481902,0.5522,17.1,74608.0,7.2,36.2,8.1,4.21,91.57,8.3,5.9,6.6,15.0
CA,6037,Los Angeles County,6037482001,6037482001,0.3595,4.1,121736.0,3.8,14.3,11.9,4.31,99.64,10.8,2.0,14.7,14.0
CA,6037,Los Angeles County,6037482002,6037482002,0.4694,7.8,94748.0,3.7,15.2,1.6,2.42,52.2,7.1,9.6,8.0,6.4
CA,6037,Los Angeles County,6037482101,6037482101,0.62,9.9,85469.0,3.3,30.0,13.0,5.94,6.1,11.2,4.0,8.9,25.2
CA,6037,Los Angeles County,6037482102,6037482102,0.4627,6.8,106321.0,1.7,19.8,1.6,1.22,90.23,13.0,4.7,5.7,14.2
CA,6037,Los Angeles County,6037482201,6037482201,0.7373,17.6,56193.0,8.8,49.4,26.4,0.0,22.04,8.1,4.3,10.1,32.4
CA,6037,Los Angeles County,6037482202,6037482202,0.7556,13.9,56930.0,7.7,48.1,6.0,5.14,44.87,8.5,3.4,9.7,36.4
CA,6037,Los Angeles County,6037482301,6037482301,0.7409,12.3,78472.0,3.5,33.3,5.7,0.0,0.0,7.4,9.9,8.2,39.6
CA,6037,Los Angeles County,6037482303,6037482303,0.733,13.9,65742.0,7.5,41.6,10.0,6.07,3.91,7.7,4.6,9.3,34.8
CA,6037,Los Angeles County,6037482304,6037482304,0.9811,20.1,58099.0,16.4,43.6,22.1,3.22,45.55,11.2,4.3,23.5,39.5
CA,6037,Los Angeles County,6037482401,6037482401,0.8075,14.0,63750.0,7.6,48.3,6.2,0.0,14.65,13.5,5.8,15.4,31.5
CA,6037,Los Angeles County,6037482403,6037482403,0.6129,17.1,47610.0,7.9,60.3,1.8,4.85,7.86,7.7,3.1,6.9,31.5
CA,6037,Los Angeles County,6037482404,6037482404,0.3541,4.3,64828.0,0.6,12.6,3.9,0.0,40.74,9.0,5.3,3.6,22.6
CA,6037,Los Angeles County,6037482502,6037482502,0.6555,22.1,65272.0,4.4,32.9,1.7,0.0,1.26,6.6,5.9,4.7,41.5
CA,6037,Los Angeles County,6037482503,6037482503,0.4294,11.6,67268.0,2.7,33.3,4.3,0.0,2.56,4.3,2.3,10.8,34.2
CA,6037,Los Angeles County,6037482521,6037482521,0.6537,6.8,75464.0,2.9,24.4,3.1,6.79,94.05,9.5,5.5,11.5,25.0
CA,6037,Los Angeles County,6037482522,6037482522,0.7387,5.3,87775.0,6.5,25.6,2.1,8.32,96.33,13.7,5.9,13.6,14.4
CA,6037,Los Angeles County,6037482600,6037482600,0.4652,5.8,102283.0,3.0,25.8,3.3,7.18,100.0,10.7,2.4,5.9,15.0
CA,6037,Los Angeles County,6037482701,6037482701,0.5906,11.0,77628.0,2.5,36.6,10.5,5.31,38.83,12.9,2.7,10.2,14.5
CA,6037,Los Angeles County,6037482702,6037482702,0.4421,6.9,83594.0,0.4,27.9,7.5,0.0,69.15,16.0,2.8,7.7,16.4
CA,6037,Los Angeles County,6037482801,6037482801,0.4283,7.1,95556.0,4.8,14.4,4.8,2.51,10.63,8.6,7.5,13.9,10.9
CA,6037,Los Angeles County,6037500100,6037500100,0.1392,2.2,197250.0,4.8,12.9,3.5,7.25,94.09,8.0,1.4,3.1,5.1
CA,6037,Los Angeles County,6037500202,6037500202,0.2527,2.6,125341.0,3.9,22.2,4.4,1.1,66.53,10.1,6.8,7.7,4.7
CA,6037,Los Angeles County,6037500203,6037500203,0.1678,2.3,128224.0,2.0,19.7,0.0,2.01,35.62,9.6,4.3,7.5,2.1
CA,6037,Los Angeles County,6037500204,6037500204,0.0815,6.5,171029.0,1.0,4.5,9.8,0.0,25.46,5.3,2.3,15.3,4.1
CA,6037,Los Angeles County,6037500300,6037500300,0.0296,3.6,135625.0,1.0,17.7,1.1,1.43,95.92,6.8,2.3,0.0,0.9
CA,6037,Los Angeles County,6037500402,6037500402,0.7437,6.6,69563.0,19.0,29.7,6.1,3.06,29.84,8.4,2.1,12.8,21.7
CA,6037,Los Angeles County,6037500403,6037500403,0.3717,8.2,90625.0,1.7,7.3,13.7,1.08,100.0,12.6,3.9,16.3,13.3
CA,6037,Los Angeles County,6037500404,6037500404,0.4485,8.8,84618.0,12.8,34.7,2.1,3.19,94.49,7.6,4.8,16.7,6.9
CA,6037,Los Angeles County,6037500500,6037500500,0.6892,10.2,75469.0,11.1,27.0,3.6,10.06,98.05,7.6,4.5,11.2,10.5
CA,6037,Los Angeles County,6037500600,6037500600,0.6882,11.4,75639.0,12.3,31.7,5.8,0.85,65.94,6.5,1.5,9.2,24.7
CA,6037,Los Angeles County,6037500700,6037500700,0.635,13.0,85625.0,7.7,22.8,12.0,0.0,7.3,11.0,5.4,11.7,7.3
CA,6037,Los Angeles County,6037500800,6037500800,0.5941,6.0,107798.0,4.6,21.6,2.6,0.0,27.6,9.1,4.2,7.2,11.1
CA,6037,Los Angeles County,6037500900,6037500900,0.8712,18.0,50469.0,16.4,43.3,17.1,9.67,65.47,16.9,3.5,18.0,15.4
CA,6037,Los Angeles County,6037501001,6037501001,0.6862,14.0,95600.0,8.0,25.1,6.1,5.51,100.0,8.9,1.4,2.0,13.4
CA,6037,Los Angeles County,6037501002,6037501002,0.3389,3.8,102500.0,7.1,26.5,2.4,0.3,82.66,12.5,6.7,6.4,3.3
CA,6037,Los Angeles County,6037501200,6037501200,0.4252,7.2,98015.0,8.9,31.1,1.4,2.96,33.77,6.8,4.6,9.6,3.1
CA,6037,Los Angeles County,6037501301,6037501301,0.2635,3.6,81488.0,2.1,21.9,5.9,1.34,100.0,14.3,7.5,13.8,6.4
CA,6037,Los Angeles County,6037501302,6037501302,0.4988,5.6,96941.0,16.7,28.1,6.0,0.03,14.65,5.8,10.2,3.0,5.9
CA,6037,Los Angeles County,6037501400,6037501400,0.5521,13.4,64444.0,4.8,41.7,10.6,0.0,5.08,10.1,8.0,12.5,10.1
CA,6037,Los Angeles County,6037501501,6037501501,0.033,10.2,120679.0,3.4,13.7,0.2,1.92,47.59,7.0,2.4,4.0,2.1
CA,6037,Los Angeles County,6037501503,6037501503,0.5857,16.8,77480.0,5.4,35.7,7.4,11.83,98.45,7.8,9.9,9.5,4.2
CA,6037,Los Angeles County,6037501504,6037501504,0.9136,17.9,44038.0,7.0,43.8,18.3,18.76,95.85,17.8,4.0,23.0,12.0
CA,6037,Los Angeles County,6037501600,6037501600,0.4343,10.8,109583.0,4.6,26.4,4.6,0.0,100.0,8.7,4.1,8.8,4.2
CA,6037,Los Angeles County,6037501700,6037501700,0.3315,7.0,112679.0,4.4,21.8,13.4,0.0,77.81,10.6,1.7,16.5,2.4
CA,6037,Los Angeles County,6037501802,6037501802,0.5493,8.7,86458.0,3.0,35.3,8.2,0.0,22.67,10.5,5.9,13.7,1.2
CA,6037,Los Angeles County,6037501803,6037501803,0.84,13.0,58532.0,15.6,49.0,11.8,7.95,67.68,7.0,5.8,13.0,7.1
CA,6037,Los Angeles County,6037501804,6037501804,0.8185,20.8,53092.0,7.3,53.0,9.0,0.7,31.81,7.8,4.9,12.0,11.5
CA,6037,Los Angeles County,6037501900,6037501900,0.2994,6.9,94107.0,3.9,29.3,0.6,0.0,1.03,8.4,1.0,11.6,3.9
CA,6037,Los Angeles County,6037502003,6037502003,0.7819,13.2,74722.0,9.8,41.7,3.9,0.53,13.19,5.9,8.4,15.8,7.9
CA,6037,Los Angeles County,6037502004,6037502004,0.6804,12.0,70625.0,16.1,41.4,3.1,1.95,99.82,8.1,3.9,10.3,13.0
CA,6037,Los Angeles County,6037502005,6037502005,0.6292,4.3,82452.0,7.8,30.2,3.3,7.63,34.9,8.1,2.7,5.1,8.8
CA,6037,Los Angeles County,6037502100,6037502100,0.7086,13.9,85333.0,4.0,25.6,9.7,4.96,72.71,13.5,3.4,15.2,7.4
CA,6037,Los Angeles County,6037502200,6037502200,0.5709,9.4,103650.0,9.0,19.9,4.0,3.05,26.46,7.5,4.5,8.9,9.3
CA,6037,Los Angeles County,6037502303,6037502303,0.8653,17.3,63775.0,10.1,36.9,5.2,0.84,51.75,7.9,3.4,10.2,16.6
CA,6037,Los Angeles County,6037502401,6037502401,0.7844,6.0,81202.0,11.5,32.6,9.4,0.0,31.77,7.3,6.9,16.5,14.2
CA,6037,Los Angeles County,6037502402,6037502402,0.5074,4.4,88598.0,9.3,25.0,1.1,3.83,1.42,10.5,6.5,9.1,16.0
CA,6037,Los Angeles County,6037502500,6037502500,0.826,15.3,74484.0,9.8,32.1,6.8,4.15,36.65,9.6,5.5,6.9,11.7
CA,6037,Los Angeles County,6037502602,6037502602,0.6122,7.4,64563.0,8.5,38.8,5.3,1.68,1.0,5.5,6.0,3.3,8.5
CA,6037,Los Angeles County,6037502603,6037502603,0.4815,8.4,111354.0,6.1,20.2,1.2,2.55,11.92,12.0,8.0,12.4,8.5
CA,6037,Los Angeles County,6037502604,6037502604,0.3434,6.0,105139.0,6.1,19.0,1.7,0.0,66.59,8.7,3.7,4.6,7.7
CA,6037,Los Angeles County,6037502700,6037502700,0.6763,7.0,89079.0,4.9,21.2,3.7,3.26,100.0,12.3,4.2,7.1,9.7
CA,6037,Los Angeles County,6037502801,6037502801,0.3076,9.2,97750.0,4.5,19.7,2.1,0.0,100.0,7.5,2.6,5.9,7.2
CA,6037,Los Angeles County,6037502901,6037502901,0.3597,5.5,111149.0,5.2,20.0,6.1,0.6,22.17,10.7,2.8,3.8,6.8
CA,6037,Los Angeles County,6037503000,6037503000,0.6119,10.7,94292.0,18.1,26.1,0.9,1.68,21.72,5.9,10.5,5.0,18.2
CA,6037,Los Angeles County,6037503103,6037503103,0.6471,10.6,104474.0,15.8,15.8,3.2,2.58,4.58,10.1,10.1,10.8,10.4
CA,6037,Los Angeles County,6037503104,6037503104,0.4503,8.1,79564.0,7.4,30.5,1.5,1.33,23.54,6.7,4.3,8.7,15.1
CA,6037,Los Angeles County,6037503105,6037503105,0.5751,2.9,112750.0,2.5,22.2,11.9,0.55,56.4,8.7,3.5,18.3,7.1
CA,6037,Los Angeles County,6037503106,6037503106,0.527,9.7,86101.0,7.3,22.9,4.9,2.27,0.0,11.5,2.2,11.7,6.6
CA,6037,Los Angeles County,6037503201,6037503201,0.3213,8.7,117708.0,14.8,14.6,2.8,1.9,86.95,5.6,2.5,1.4,2.7
CA,6037,Los Angeles County,6037503202,6037503202,0.6133,10.4,91167.0,6.2,20.3,8.0,1.33,4.7,10.6,1.4,10.3,3.3
CA,6037,Los Angeles County,6037503301,6037503301,0.0482,6.4,138850.0,2.6,6.6,3.1,8.77,0.0,11.0,2.5,8.7,2.6
CA,6037,Los Angeles County,6037503302,6037503302,0.6009,10.0,85332.0,10.4,29.3,5.4,0.0,28.82,7.9,3.2,11.1,4.7
CA,6037,Los Angeles County,6037503401,6037503401,0.5294,3.4,102219.0,6.0,20.3,3.3,0.74,48.17,12.3,8.0,14.7,2.9
CA,6037,Los Angeles County,6037503402,6037503402,0.3013,6.7,115382.0,4.8,19.3,2.5,0.0,0.54,8.0,2.3,11.0,2.9
CA,6037,Los Angeles County,6037503501,6037503501,0.458,4.8,92292.0,10.8,26.8,3.9,1.05,5.65,5.2,5.2,15.2,6.3
CA,6037,Los Angeles County,6037503502,6037503502,0.3799,2.3,118125.0,4.1,25.0,4.4,0.0,14.82,11.8,5.0,13.1,6.0
CA,6037,Los Angeles County,6037503601,6037503601,0.4007,6.6,110141.0,2.6,18.2,4.6,0.0,16.55,7.7,4.6,9.4,9.7
CA,6037,Los Angeles County,6037503602,6037503602,0.1284,7.0,151344.0,3.4,6.1,1.4,7.17,0.18,8.2,4.8,0.9,7.5
CA,6037,Los Angeles County,6037503701,6037503701,0.4019,5.2,78017.0,3.4,32.8,3.7,5.93,89.95,15.4,4.0,7.5,4.4
CA,6037,Los Angeles County,6037503702,6037503702,0.2416,7.1,97238.0,5.5,20.6,1.4,0.67,38.7,6.9,2.9,8.6,5.2
CA,6037,Los Angeles County,6037503704,6037503704,0.5488,4.6,70714.0,3.1,38.4,11.6,0.0,10.66,11.7,4.5,7.7,20.6
CA,6037,Los Angeles County,6037503705,6037503705,0.1199,5.2,111029.0,1.5,17.5,1.3,0.0,14.41,8.4,3.5,1.3,5.2
CA,6037,Los Angeles County,6037503801,6037503801,0.473,8.4,89500.0,6.7,24.1,2.8,0.0,75.78,11.6,8.5,1.2,4.5
CA,6037,Los Angeles County,6037503802,6037503802,0.42,2.3,101706.0,4.5,20.8,2.1,5.03,28.58,8.5,5.1,6.2,8.2
CA,6037,Los Angeles County,6037503901,6037503901,0.2189,2.6,120391.0,5.5,22.3,3.1,0.33,36.47,9.4,5.5,3.4,6.5
CA,6037,Los Angeles County,6037503902,6037503902,0.1935,2.7,111250.0,1.3,14.5,1.8,0.86,64.53,9.8,3.2,4.5,4.7
CA,6037,Los Angeles County,6037504001,6037504001,0.361,11.0,59623.0,2.9,26.1,10.3,0.0,27.85,10.3,4.4,13.9,1.7
CA,6037,Los Angeles County,6037504002,6037504002,0.2277,6.3,128375.0,2.4,11.8,0.5,0.0,63.06,11.9,2.3,5.2,2.9
CA,6037,Los Angeles County,6037504101,6037504101,0.8627,11.2,92604.0,9.0,28.3,6.7,0.0,32.48,9.2,9.1,10.3,15.3
CA,6037,Los Angeles County,6037504200,6037504200,0.952,14.4,63542.0,7.7,42.4,14.3,4.66,20.64,10.1,6.8,9.6,14.9
CA,6037,Los Angeles County,6037530005,6037530005,0.3237,2.0,117548.0,5.1,14.9,3.2,5.9,55.5,14.3,5.1,10.0,15.3
CA,6037,Los Angeles County,6037530006,6037530006,0.7726,14.0,79259.0,10.8,39.1,4.5,6.14,30.17,11.4,8.4,10.1,9.9
CA,6037,Los Angeles County,6037530007,6037530007,0.6783,8.5,86943.0,6.4,31.7,2.7,8.54,49.12,13.2,9.0,15.0,11.7
CA,6037,Los Angeles County,6037530101,6037530101,0.9821,27.8,49459.0,14.4,50.8,19.1,2.39,27.1,13.2,13.6,27.9,18.1
CA,6037,Los Angeles County,6037530102,6037530102,0.9494,12.8,49979.0,10.3,41.4,18.9,0.11,1.81,22.9,8.8,24.8,15.3
CA,6037,Los Angeles County,6037530202,6037530202,0.6252,7.2,107550.0,8.8,26.1,10.1,7.12,21.17,10.2,6.2,19.3,7.9
CA,6037,Los Angeles County,6037530203,6037530203,0.874,17.0,49355.0,17.2,54.1,10.3,0.0,8.76,11.4,6.7,21.9,18.6
CA,6037,Los Angeles County,6037530204,6037530204,0.6329,11.1,78370.0,9.0,34.8,6.7,1.77,11.54,11.9,4.6,15.9,12.8
CA,6037,Los Angeles County,6037530301,6037530301,0.8486,11.0,59208.0,12.4,39.3,12.1,4.66,17.0,15.2,2.4,18.4,26.1
CA,6037,Los Angeles County,6037530302,6037530302,0.9174,19.3,57097.0,12.9,48.2,6.9,1.51,26.53,11.3,7.3,16.2,13.4
CA,6037,Los Angeles County,6037530400,6037530400,0.9188,22.9,52617.0,7.5,39.3,14.2,13.77,77.62,18.0,7.7,21.4,23.6
CA,6037,Los Angeles County,6037530500,6037530500,0.8753,10.7,68306.0,8.0,33.3,16.6,16.57,100.0,14.1,10.0,14.5,27.6
CA,6037,Los Angeles County,6037530603,6037530603,0.7147,14.5,84592.0,12.0,27.8,5.9,2.37,43.22,9.3,9.4,16.6,19.2
CA,6037,Los Angeles County,6037530700,6037530700,0.6707,19.2,77692.0,12.6,26.7,9.0,7.04,31.07,8.4,6.3,20.8,23.5
CA,6037,Los Angeles County,6037530801,6037530801,0.7855,15.6,83367.0,9.7,23.4,5.3,7.44,68.49,11.2,9.1,20.8,25.1
CA,6037,Los Angeles County,6037530802,6037530802,0.8105,15.6,72188.0,16.2,41.0,4.5,2.98,1.2,7.3,6.0,11.7,19.8
CA,6037,Los Angeles County,6037530901,6037530901,0.724,17.2,59830.0,15.1,41.4,9.7,1.54,95.17,10.1,4.0,26.0,20.6
CA,6037,Los Angeles County,6037530902,6037530902,0.9429,22.6,40582.0,17.5,42.0,24.4,2.44,2.65,11.1,5.9,22.8,32.0
CA,6037,Los Angeles County,6037531000,6037531000,0.6696,9.3,71012.0,14.4,32.7,6.7,14.7,88.79,12.2,8.8,16.1,19.1
CA,6037,Los Angeles County,6037531101,6037531101,0.9142,14.8,68107.0,16.2,38.8,5.8,4.67,16.88,10.2,11.2,21.0,24.9
CA,6037,Los Angeles County,6037531102,6037531102,0.8832,17.1,46278.0,14.0,42.9,13.0,3.7,23.54,15.9,5.5,30.7,22.2
CA,6037,Los Angeles County,6037531201,6037531201,0.8053,16.1,64679.0,18.0,26.3,5.2,8.78,90.48,14.2,1.0,25.8,26.9
CA,6037,Los Angeles County,6037531202,6037531202,0.8601,13.6,60703.0,21.9,37.9,4.6,13.16,70.43,8.8,10.5,18.2,28.7
CA,6037,Los Angeles County,6037531301,6037531301,0.9702,24.5,49422.0,15.1,47.3,10.9,8.67,75.47,12.0,6.0,23.5,26.5
CA,6037,Los Angeles County,6037531302,6037531302,0.9106,30.0,50600.0,19.0,52.2,13.2,8.45,75.76,11.7,4.0,26.1,37.4
CA,6037,Los Angeles County,6037531502,6037531502,0.8395,19.3,47301.0,18.4,54.2,7.0,1.83,98.07,10.6,13.1,23.4,27.3
CA,6037,Los Angeles County,6037531503,6037531503,0.6752,13.4,67917.0,17.6,35.0,15.2,3.71,51.28,10.4,2.0,19.5,19.5
CA,6037,Los Angeles County,6037531504,6037531504,0.8445,14.1,71250.0,16.3,35.0,9.3,4.13,39.25,7.6,7.5,22.5,17.5
CA,6037,Los Angeles County,6037531602,6037531602,0.9092,26.4,49896.0,13.6,50.4,17.4,2.51,75.35,14.3,4.3,16.3,28.1
CA,6037,Los Angeles County,6037531603,6037531603,0.7034,9.9,66592.0,15.1,38.3,6.1,3.33,28.51,7.7,5.5,12.4,25.2
CA,6037,Los Angeles County,6037531604,6037531604,0.8596,34.7,46012.0,21.3,50.5,18.8,0.0,31.48,13.0,5.4,27.2,29.4
CA,6037,Los Angeles County,6037531701,6037531701,0.8979,21.3,66629.0,13.3,38.8,18.4,4.38,0.22,10.5,4.8,19.2,26.0
CA,6037,Los Angeles County,6037531702,6037531702,0.8048,8.7,70580.0,24.2,40.5,8.3,0.0,7.37,10.0,1.7,19.5,34.5
CA,6037,Los Angeles County,6037531800,6037531800,0.6887,17.1,84241.0,10.1,29.9,6.6,0.69,0.0,11.0,2.7,13.9,19.2
CA,6037,Los Angeles County,6037531901,6037531901,0.6746,10.1,67817.0,14.2,34.8,7.8,1.54,48.31,11.5,2.3,20.6,27.7
CA,6037,Los Angeles County,6037531902,6037531902,0.6353,15.5,83250.0,15.7,31.2,2.3,6.92,21.93,9.9,8.0,10.9,23.3
CA,6037,Los Angeles County,6037532001,6037532001,0.8071,9.9,67896.0,6.6,42.4,11.5,0.0,2.43,19.7,7.0,14.3,22.8
CA,6037,Los Angeles County,6037532002,6037532002,0.8285,15.0,77250.0,17.5,29.1,2.9,2.95,62.81,9.1,6.5,21.5,22.3
CA,6037,Los Angeles County,6037532101,6037532101,0.9102,16.3,56261.0,13.3,54.6,3.4,6.89,49.73,11.5,7.2,19.7,21.9
CA,6037,Los Angeles County,6037532102,6037532102,0.5904,8.2,93021.0,8.7,25.0,2.1,0.45,96.92,14.2,2.5,18.1,12.9
CA,6037,Los Angeles County,6037532200,6037532200,0.7718,16.2,75667.0,13.1,34.0,8.4,2.87,93.9,5.3,3.4,10.2,19.0
CA,6037,Los Angeles County,6037532302,6037532302,0.8146,11.1,63466.0,10.3,25.7,5.0,4.75,92.72,11.5,3.4,18.1,16.4
CA,6037,Los Angeles County,6037532303,6037532303,0.8386,16.3,74750.0,9.8,38.7,12.2,0.0,97.79,16.1,7.3,14.1,20.1
CA,6037,Los Angeles County,6037532304,6037532304,0.942,26.0,58250.0,10.6,43.3,18.3,13.28,100.0,26.1,6.2,26.4,22.5
CA,6037,Los Angeles County,6037532500,6037532500,0.9189,20.2,55194.0,17.2,52.2,13.5,3.34,44.35,11.1,8.8,16.4,24.3
CA,6037,Los Angeles County,6037532605,6037532605,0.9601,22.0,41724.0,15.4,48.6,18.0,3.94,100.0,10.2,9.6,15.9,28.8
CA,6037,Los Angeles County,6037532606,6037532606,0.9967,20.9,42066.0,21.3,54.6,20.5,2.67,19.46,9.9,10.0,15.2,35.6
CA,6037,Los Angeles County,6037532607,6037532607,0.9939,17.6,47566.0,19.1,49.1,13.4,2.95,2.9,15.0,7.9,11.8,29.9
CA,6037,Los Angeles County,6037532700,6037532700,0.7985,25.7,55948.0,18.6,41.5,6.2,0.0,0.0,5.5,10.4,5.4,27.1
CA,6037,Los Angeles County,6037532800,6037532800,0.9449,21.5,47768.0,17.6,51.4,6.0,4.51,100.0,8.6,7.3,14.4,36.3
CA,6037,Los Angeles County,6037532900,6037532900,0.967,29.5,42121.0,23.2,53.6,16.2,0.0,1.49,10.2,8.7,20.7,36.8
CA,6037,Los Angeles County,6037533001,6037533001,0.9658,21.5,59353.0,14.0,32.3,10.1,0.0,87.76,16.1,14.0,6.8,22.1
CA,6037,Los Angeles County,6037533002,6037533002,0.7479,27.7,46579.0,18.4,55.5,7.0,0.0,75.27,9.1,11.0,11.6,22.0
CA,6037,Los Angeles County,6037533103,6037533103,0.8689,15.4,52054.0,17.3,53.5,7.3,4.35,41.8,7.0,5.3,11.5,21.4
CA,6037,Los Angeles County,6037533104,6037533104,0.9991,18.5,47679.0,24.9,51.7,21.6,1.01,79.26,10.7,7.2,16.2,30.6
CA,6037,Los Angeles County,6037533105,6037533105,0.7841,15.8,45990.0,25.5,64.1,3.9,0.0,66.46,8.5,16.0,6.3,35.1
CA,6037,Los Angeles County,6037533108,6037533108,0.9368,21.6,49741.0,24.0,51.9,13.7,1.51,81.94,7.5,11.3,13.1,30.7
CA,6037,Los Angeles County,6037533201,6037533201,0.7994,11.1,67708.0,19.9,41.1,5.3,3.44,42.62,11.1,13.3,9.9,28.5
CA,6037,Los Angeles County,6037533204,6037533204,0.9207,12.2,67500.0,16.9,38.6,7.8,3.75,31.56,9.5,7.9,10.2,30.9
CA,6037,Los Angeles County,6037533300,6037533300,0.8455,25.2,43571.0,15.0,52.4,11.0,0.0,29.55,5.9,3.0,22.2,35.5
CA,6037,Los Angeles County,6037533401,6037533401,0.6888,15.7,61295.0,17.4,35.6,8.5,0.0,22.08,10.5,1.9,20.1,32.1
CA,6037,Los Angeles County,6037533402,6037533402,0.8091,27.9,51053.0,16.1,45.2,11.4,0.0,89.46,5.0,3.3,21.5,34.8
CA,6037,Los Angeles County,6037533403,6037533403,0.9668,10.4,65386.0,17.9,40.8,13.4,7.24,0.6,13.3,6.2,12.6,27.0
CA,6037,Los Angeles County,6037533501,6037533501,0.8117,15.3,74286.0,26.5,33.6,12.1,1.13,100.0,5.6,11.7,13.5,21.9
CA,6037,Los Angeles County,6037533504,6037533504,0.8317,17.7,60947.0,20.1,43.8,12.3,0.36,33.04,9.6,5.3,16.1,34.0
CA,6037,Los Angeles County,6037533601,6037533601,0.8154,17.8,59559.0,8.9,55.4,14.4,0.0,72.24,8.1,7.5,17.6,25.8
CA,6037,Los Angeles County,6037533602,6037533602,0.8914,19.8,51291.0,15.2,55.1,3.6,6.44,1.01,6.2,6.6,10.7,22.5
CA,6037,Los Angeles County,6037533603,6037533603,0.9826,25.8,50774.0,14.5,49.9,16.5,1.17,2.6,10.8,10.8,26.9,25.2
CA,6037,Los Angeles County,6037533701,6037533701,0.8759,11.7,60104.0,17.5,46.4,14.1,0.4,5.73,8.3,5.3,24.3,31.5
CA,6037,Los Angeles County,6037533702,6037533702,0.8459,29.0,62917.0,22.6,48.0,5.0,3.69,43.96,6.5,10.3,16.8,36.6
CA,6037,Los Angeles County,6037533703,6037533703,0.7587,19.9,56190.0,18.9,49.9,1.2,0.0,0.0,6.4,9.7,2.3,27.1
CA,6037,Los Angeles County,6037533803,6037533803,0.9489,29.9,44172.0,13.1,53.3,5.4,3.9,98.0,10.1,2.9,20.2,25.1
CA,6037,Los Angeles County,6037533804,6037533804,0.905,19.4,58125.0,14.7,48.5,9.4,0.0,56.53,12.5,7.2,12.9,21.4
CA,6037,Los Angeles County,6037533805,6037533805,0.6162,21.7,65987.0,15.7,43.2,2.0,3.83,81.68,6.1,0.0,19.0,28.4
CA,6037,Los Angeles County,6037533806,6037533806,0.8012,13.9,71701.0,17.1,37.9,2.9,3.73,0.0,6.3,8.1,10.9,24.1
CA,6037,Los Angeles County,6037533901,6037533901,0.8909,25.2,51845.0,13.7,57.7,9.1,0.97,10.99,9.3,4.3,9.1,21.0
CA,6037,Los Angeles County,6037533902,6037533902,0.6753,16.6,53810.0,17.6,55.8,4.5,7.83,2.78,5.4,4.4,2.7,26.7
CA,6037,Los Angeles County,6037534001,6037534001,0.8104,27.3,61699.0,17.5,39.7,5.7,0.0,75.37,7.9,6.5,14.4,30.5
CA,6037,Los Angeles County,6037534002,6037534002,0.8591,17.8,66756.0,13.4,41.2,4.2,1.53,53.33,5.9,4.6,10.5,19.7
CA,6037,Los Angeles County,6037534101,6037534101,0.7128,21.5,51976.0,28.1,37.6,3.4,4.02,2.66,4.8,2.5,10.7,27.9
CA,6037,Los Angeles County,6037534102,6037534102,0.9215,32.9,50354.0,22.4,57.3,7.2,0.0,12.67,8.3,6.6,8.5,31.1
CA,6037,Los Angeles County,6037534201,6037534201,0.9725,19.7,50977.0,26.0,56.2,5.9,3.57,94.03,3.7,2.1,8.2,30.5
CA,6037,Los Angeles County,6037534202,6037534202,0.9989,24.6,50450.0,19.1,47.6,12.3,13.01,75.85,10.6,13.6,15.2,26.7
CA,6037,Los Angeles County,6037534203,6037534203,0.9896,19.4,45066.0,15.5,61.2,18.3,0.0,10.2,9.7,2.7,20.6,25.6
CA,6037,Los Angeles County,6037534301,6037534301,0.9775,32.4,48464.0,13.1,55.2,11.0,0.0,1.49,5.7,11.6,11.6,26.8
CA,6037,Los Angeles County,6037534302,6037534302,0.8961,26.0,58831.0,12.9,55.9,4.6,0.0,57.84,9.4,7.2,6.6,34.2
CA,6037,Los Angeles County,6037534403,6037534403,0.7928,31.6,41987.0,13.8,64.7,2.8,2.95,81.53,9.2,8.2,9.3,26.8
CA,6037,Los Angeles County,6037534404,6037534404,0.8826,18.3,57961.0,18.8,31.9,4.6,0.0,0.0,7.5,11.7,10.5,19.7
CA,6037,Los Angeles County,6037534405,6037534405,0.9887,28.4,51228.0,25.5,58.3,4.3,1.32,96.78,11.1,7.8,17.7,25.7
CA,6037,Los Angeles County,6037534406,6037534406,0.8777,23.1,47011.0,24.3,55.0,11.9,2.08,22.14,5.9,8.8,12.9,17.7
CA,6037,Los Angeles County,6037534501,6037534501,0.8931,17.6,57072.0,13.6,36.0,16.8,3.27,27.52,11.3,19.3,16.4,25.0
CA,6037,Los Angeles County,6037534502,6037534502,0.7837,20.3,73281.0,13.9,39.3,7.2,2.96,35.92,11.9,6.3,7.4,23.8
CA,6037,Los Angeles County,6037534700,6037534700,0.8064,7.9,84375.0,15.0,29.0,8.4,2.01,99.39,14.5,9.9,9.8,24.1
CA,6037,Los Angeles County,6037534802,6037534802,0.8658,13.2,68324.0,14.3,41.6,5.8,2.08,74.83,9.0,4.4,17.0,25.4
CA,6037,Los Angeles County,6037534803,6037534803,0.8878,12.1,72500.0,17.8,45.7,8.7,1.97,52.44,14.7,9.3,14.1,28.5
CA,6037,Los Angeles County,6037534804,6037534804,0.9386,29.1,63261.0,12.5,41.9,7.4,0.0,83.35,12.1,12.1,12.0,28.4
CA,6037,Los Angeles County,6037534900,6037534900,0.7784,11.4,68031.0,18.4,37.7,7.3,0.0,100.0,9.0,14.1,12.4,27.8
CA,6037,Los Angeles County,6037535001,6037535001,0.9015,28.8,45547.0,17.1,57.0,6.8,8.03,5.3,9.3,10.9,11.2,30.8
CA,6037,Los Angeles County,6037535002,6037535002,0.921,30.0,54318.0,12.5,43.9,7.2,3.51,16.31,7.7,7.8,18.0,24.2
CA,6037,Los Angeles County,6037535101,6037535101,0.9271,13.8,62854.0,23.3,36.5,6.9,0.0,0.0,7.5,13.3,10.9,25.3
CA,6037,Los Angeles County,6037535102,6037535102,0.858,11.3,63879.0,19.2,43.9,8.2,4.26,51.94,7.1,9.0,9.1,26.7
CA,6037,Los Angeles County,6037535200,6037535200,0.789,15.2,71136.0,14.4,49.2,2.9,3.23,0.0,9.7,12.6,14.6,15.5
CA,6037,Los Angeles County,6037535300,6037535300,0.7613,29.2,60798.0,18.5,49.7,8.3,0.0,44.14,7.0,4.4,11.8,18.6
CA,6037,Los Angeles County,6037535400,6037535400,0.9317,28.2,53750.0,12.4,46.8,3.0,3.47,36.3,13.9,6.9,18.6,26.4
CA,6037,Los Angeles County,6037535501,6037535501,0.8973,26.9,47391.0,18.2,59.6,9.4,3.35,22.7,7.4,6.8,6.8,30.2
CA,6037,Los Angeles County,6037535502,6037535502,0.8514,19.4,70230.0,18.5,36.3,13.3,9.7,69.27,8.2,6.5,8.0,26.2
CA,6037,Los Angeles County,6037535503,6037535503,0.7326,7.1,67446.0,11.2,36.7,11.7,1.66,97.58,9.9,9.6,16.4,27.1
CA,6037,Los Angeles County,6037535603,6037535603,0.973,21.9,54737.0,14.5,51.6,8.3,0.0,50.0,8.6,12.3,3.6,23.2
CA,6037,Los Angeles County,6037535604,6037535604,0.7494,17.0,63571.0,14.2,39.1,3.0,5.93,85.41,6.7,10.6,9.8,27.9
CA,6037,Los Angeles County,6037535605,6037535605,0.8164,9.7,62038.0,10.7,35.4,7.0,2.6,9.78,9.2,14.4,7.7,26.6
CA,6037,Los Angeles County,6037535606,6037535606,0.8524,6.3,67500.0,12.0,35.4,18.9,14.6,80.18,9.3,14.8,7.2,21.5
CA,6037,Los Angeles County,6037535607,6037535607,0.7548,8.7,68258.0,15.9,44.1,2.2,2.08,21.89,9.8,3.8,7.1,23.6
CA,6037,Los Angeles County,6037535701,6037535701,0.7477,12.0,70729.0,15.9,36.6,13.1,0.0,3.07,12.3,7.3,17.3,19.8
CA,6037,Los Angeles County,6037535702,6037535702,0.7143,11.2,80690.0,16.2,33.2,8.8,0.89,12.33,6.2,6.4,18.1,18.3
CA,6037,Los Angeles County,6037535802,6037535802,0.8152,10.0,78571.0,11.2,32.9,8.4,6.93,49.62,10.1,6.1,12.3,27.1
CA,6037,Los Angeles County,6037535803,6037535803,0.7989,16.4,54473.0,13.4,49.4,6.0,4.76,45.17,8.9,5.4,12.1,32.1
CA,6037,Los Angeles County,6037535804,6037535804,0.8,18.3,65682.0,12.7,42.6,3.3,0.0,2.36,9.8,9.2,15.2,20.2
CA,6037,Los Angeles County,6037535901,6037535901,0.885,18.9,57961.0,16.0,46.9,9.6,0.08,3.41,7.3,6.5,12.7,16.7
CA,6037,Los Angeles County,6037535902,6037535902,0.7705,8.6,84020.0,11.5,24.7,7.5,0.83,54.22,10.2,7.5,8.3,22.1
CA,6037,Los Angeles County,6037536000,6037536000,0.9678,19.9,41800.0,17.1,46.4,16.0,5.26,23.45,9.7,11.4,14.4,32.0
CA,6037,Los Angeles County,6037536102,6037536102,0.6972,12.4,73604.0,6.1,36.0,1.6,0.13,86.12,10.0,4.1,12.1,16.2
CA,6037,Los Angeles County,6037536103,6037536103,0.7884,8.7,69496.0,12.4,36.6,2.2,2.63,34.81,7.8,7.4,12.8,19.6
CA,6037,Los Angeles County,6037536104,6037536104,0.8097,10.1,68618.0,12.5,43.8,4.2,6.91,39.07,6.7,8.4,18.2,20.1
CA,6037,Los Angeles County,6037536201,6037536201,0.7055,19.5,96094.0,11.0,27.4,12.9,8.96,97.09,9.3,5.2,6.6,12.6
CA,6037,Los Angeles County,6037536202,6037536202,0.7406,5.9,70278.0,13.4,30.8,11.4,2.32,91.75,8.9,7.9,17.0,22.5
CA,6037,Los Angeles County,6037540000,6037540000,0.8871,21.8,73452.0,16.6,33.4,4.3,0.0,59.44,8.7,10.0,26.6,19.4
CA,6037,Los Angeles County,6037540101,6037540101,0.7744,16.1,82056.0,16.4,35.8,8.3,0.0,4.88,9.2,12.0,11.6,14.8
CA,6037,Los Angeles County,6037540102,6037540102,0.7402,13.4,88198.0,14.1,28.4,4.0,0.52,51.42,10.2,8.3,21.3,15.3
CA,6037,Los Angeles County,6037540201,6037540201,0.9889,28.8,43676.0,12.7,56.3,12.0,4.49,45.3,11.5,12.5,34.6,29.2
CA,6037,Los Angeles County,6037540202,6037540202,0.9723,18.4,57956.0,18.9,47.6,6.8,3.7,65.29,6.5,7.3,30.2,29.0
CA,6037,Los Angeles County,6037540203,6037540203,0.9732,19.6,71402.0,11.3,42.1,8.9,5.29,3.62,10.0,7.7,11.9,19.2
CA,6037,Los Angeles County,6037540300,6037540300,0.7488,3.8,69308.0,20.4,32.3,3.4,2.82,22.64,10.5,9.1,23.6,25.5
CA,6037,Los Angeles County,6037540400,6037540400,0.7959,26.0,65833.0,18.4,36.6,8.0,14.15,96.64,10.5,7.1,21.2,25.0
CA,6037,Los Angeles County,6037540501,6037540501,0.8388,21.8,62708.0,19.1,43.4,4.5,6.02,67.37,5.1,4.4,16.1,17.5
CA,6037,Los Angeles County,6037540502,6037540502,0.977,17.1,51500.0,18.6,55.5,13.8,17.38,69.75,7.3,12.6,20.1,24.7
CA,6037,Los Angeles County,6037540600,6037540600,0.994,23.9,43418.0,10.4,49.7,20.2,0.81,36.35,12.7,27.7,33.4,18.7
CA,6037,Los Angeles County,6037540700,6037540700,0.9583,13.8,54159.0,14.4,49.4,11.9,2.91,17.26,11.4,13.8,11.6,13.4
CA,6037,Los Angeles County,6037540800,6037540800,0.7567,10.7,77550.0,6.7,37.1,10.4,0.0,0.0,10.4,8.7,3.0,4.9
CA,6037,Los Angeles County,6037540901,6037540901,0.8909,13.5,67750.0,14.0,35.8,0.7,9.7,41.73,14.4,5.9,11.3,13.9
CA,6037,Los Angeles County,6037540902,6037540902,0.8358,22.4,85333.0,16.9,30.5,14.9,2.4,31.86,16.0,7.4,19.2,7.6
CA,6037,Los Angeles County,6037541003,6037541003,0.7493,10.8,72361.0,5.9,21.9,0.8,10.68,100.0,14.5,12.8,10.6,4.9
CA,6037,Los Angeles County,6037541100,6037541100,0.9832,14.7,86094.0,14.5,29.5,14.6,0.0,22.9,14.3,14.9,20.9,14.7
CA,6037,Los Angeles County,6037541200,6037541200,0.7362,6.0,97102.0,8.8,32.2,12.3,0.45,25.41,14.1,4.1,20.9,9.1
CA,6037,Los Angeles County,6037541300,6037541300,0.7129,8.7,84535.0,7.4,28.8,7.4,5.89,20.12,10.8,8.6,18.4,11.3
CA,6037,Los Angeles County,6037541401,6037541401,0.9492,29.5,49709.0,9.8,61.4,21.1,1.67,24.44,10.1,8.6,29.5,15.1
CA,6037,Los Angeles County,6037541402,6037541402,0.7523,15.2,69375.0,15.4,46.9,6.3,0.0,68.09,9.0,1.5,26.2,20.5
CA,6037,Los Angeles County,6037541500,6037541500,0.8845,12.7,49071.0,10.6,51.5,15.7,6.43,77.45,10.5,14.2,27.0,18.3
CA,6037,Los Angeles County,6037541603,6037541603,0.9761,21.6,58750.0,11.3,41.9,11.5,13.34,29.96,9.3,6.3,23.3,16.8
CA,6037,Los Angeles County,6037541604,6037541604,0.9875,24.4,49537.0,11.4,57.1,9.0,1.16,92.69,13.2,7.1,26.5,16.5
CA,6037,Los Angeles County,6037541605,6037541605,0.8604,13.7,60277.0,17.9,47.5,3.7,0.88,68.37,11.5,5.4,28.7,15.4
CA,6037,Los Angeles County,6037541606,6037541606,0.9677,37.9,39333.0,16.1,42.8,11.7,3.35,4.96,10.7,11.9,25.8,18.7
CA,6037,Los Angeles County,6037541700,6037541700,0.7138,10.6,90417.0,16.9,28.1,2.0,0.0,76.25,8.9,9.5,19.1,18.5
CA,6037,Los Angeles County,6037541801,6037541801,0.9282,14.3,63952.0,16.2,45.5,11.0,7.48,74.19,8.2,10.0,28.2,15.0
CA,6037,Los Angeles County,6037541802,6037541802,0.7513,8.5,69067.0,19.7,42.4,4.8,6.42,74.03,9.3,12.2,8.7,13.6
CA,6037,Los Angeles County,6037542000,6037542000,0.8119,8.8,84533.0,20.1,35.0,7.6,0.0,8.25,8.9,6.6,13.8,16.6
CA,6037,Los Angeles County,6037542103,6037542103,0.8251,10.6,70529.0,8.3,39.3,9.4,13.6,97.21,11.3,10.3,18.4,13.2
CA,6037,Los Angeles County,6037542104,6037542104,0.7866,12.2,69375.0,16.0,32.2,6.0,8.6,0.75,7.6,3.6,16.7,23.9
CA,6037,Los Angeles County,6037542105,6037542105,0.8625,18.3,60559.0,21.2,43.5,1.5,0.0,98.08,4.6,11.3,18.6,18.3
CA,6037,Los Angeles County,6037542106,6037542106,0.9616,29.4,52871.0,16.3,38.7,21.2,2.15,28.2,15.7,8.4,30.5,21.9
CA,6037,Los Angeles County,6037542200,6037542200,0.8636,27.1,66896.0,8.6,40.8,4.0,3.03,24.04,10.7,7.8,18.0,13.6
CA,6037,Los Angeles County,6037542401,6037542401,0.8305,8.6,70109.0,12.7,43.4,4.5,3.02,1.3,16.2,9.2,11.0,10.9
CA,6037,Los Angeles County,6037542402,6037542402,0.7854,9.3,80779.0,11.8,26.6,4.8,7.63,1.74,10.9,9.6,13.0,11.2
CA,6037,Los Angeles County,6037542501,6037542501,0.7137,23.9,80150.0,9.9,36.8,1.8,0.89,0.0,10.2,0.5,5.4,12.8
CA,6037,Los Angeles County,6037542502,6037542502,0.8806,32.3,55208.0,6.6,44.5,14.2,12.73,3.09,7.2,4.1,16.4,9.9
CA,6037,Los Angeles County,6037542601,6037542601,0.9619,21.1,58750.0,9.3,46.3,4.5,2.13,30.43,10.3,9.1,24.9,21.0
CA,6037,Los Angeles County,6037542602,6037542602,0.899,13.6,71271.0,8.6,41.8,0.6,0.0,10.65,6.5,11.0,25.4,12.3
CA,6037,Los Angeles County,6037542700,6037542700,0.8644,14.9,71354.0,13.8,35.7,8.6,0.0,42.72,12.1,5.9,11.9,16.4
CA,6037,Los Angeles County,6037542800,6037542800,0.8521,8.9,65532.0,9.2,41.7,3.8,4.06,41.57,15.8,5.5,31.0,6.4
CA,6037,Los Angeles County,6037542900,6037542900,0.8587,17.8,78641.0,11.5,28.8,7.1,5.17,82.48,13.4,7.1,32.5,15.9
CA,6037,Los Angeles County,6037543000,6037543000,0.8218,7.8,59348.0,5.3,34.9,6.5,5.16,98.43,14.5,13.4,32.6,8.7
CA,6037,Los Angeles County,6037543100,6037543100,0.9002,22.2,73889.0,11.0,35.6,3.9,9.45,82.47,16.7,7.8,17.8,12.4
CA,6037,Los Angeles County,6037543201,6037543201,0.8101,16.9,76679.0,11.8,27.9,2.5,0.0,14.17,10.5,8.4,17.3,11.3
CA,6037,Los Angeles County,6037543203,6037543203,0.975,32.2,46719.0,21.4,49.3,9.6,7.91,87.31,11.5,12.5,25.0,14.7
CA,6037,Los Angeles County,6037543304,6037543304,0.306,4.0,117617.0,5.9,19.8,1.8,0.0,100.0,10.2,9.3,6.5,2.2
CA,6037,Los Angeles County,6037543305,6037543305,0.8156,14.0,82330.0,16.9,20.0,5.9,8.42,97.72,15.9,6.8,12.9,11.7
CA,6037,Los Angeles County,6037543306,6037543306,0.472,6.2,89923.0,3.9,17.7,1.2,5.07,96.19,11.7,5.1,5.4,3.9
CA,6037,Los Angeles County,6037543321,6037543321,0.6008,14.1,118657.0,6.2,24.7,2.9,5.04,96.54,12.5,7.8,7.4,5.7
CA,6037,Los Angeles County,6037543322,6037543322,0.3362,8.7,114970.0,5.8,21.3,2.7,0.0,61.53,17.8,7.4,7.0,1.3
CA,6037,Los Angeles County,6037543400,6037543400,0.5174,6.8,99605.0,6.7,24.9,2.4,0.0,58.72,13.1,4.6,6.8,6.5
CA,6037,Los Angeles County,6037543501,6037543501,0.8614,12.7,93797.0,7.9,24.8,8.4,1.58,0.0,19.7,4.8,6.0,9.6
CA,6037,Los Angeles County,6037543502,6037543502,0.5284,10.8,107370.0,11.4,23.2,3.9,10.82,70.02,5.1,7.1,5.5,9.8
CA,6037,Los Angeles County,6037543503,6037543503,0.6614,12.6,96154.0,4.1,24.6,9.0,0.04,3.94,13.4,2.2,12.5,12.1
CA,6037,Los Angeles County,6037543601,6037543601,0.6603,10.9,104070.0,7.5,22.7,0.7,5.97,34.24,7.1,3.8,4.9,7.3
CA,6037,Los Angeles County,6037543603,6037543603,0.4552,3.9,79812.0,3.3,31.9,6.1,3.11,23.8,20.1,3.7,11.5,7.9
CA,6037,Los Angeles County,6037543605,6037543605,0.2133,5.1,98301.0,5.1,22.2,1.3,0.0,96.13,4.3,6.0,5.7,5.6
CA,6037,Los Angeles County,6037543606,6037543606,0.8787,11.3,69157.0,7.8,28.8,2.4,4.06,100.0,11.5,7.8,9.7,9.7
CA,6037,Los Angeles County,6037543607,6037543607,0.5242,10.5,142386.0,4.9,16.6,1.6,0.0,54.29,10.2,5.1,10.6,9.1
CA,6037,Los Angeles County,6037543701,6037543701,0.4488,3.5,138583.0,8.5,12.4,2.5,0.0,47.34,9.3,7.3,2.5,10.0
CA,6037,Los Angeles County,6037543703,6037543703,0.6063,5.3,122000.0,11.3,25.7,11.8,3.0,9.45,13.8,9.8,3.5,8.1
CA,6037,Los Angeles County,6037543704,6037543704,0.5094,5.7,110388.0,8.5,19.6,2.4,2.22,34.73,14.0,6.6,3.4,6.3
CA,6037,Los Angeles County,6037543705,6037543705,0.4798,8.2,100699.0,6.8,28.3,1.5,0.38,95.96,8.4,7.3,6.9,8.5
CA,6037,Los Angeles County,6037543801,6037543801,0.5257,2.9,97016.0,8.2,15.4,2.5,0.0,3.83,8.9,3.4,5.5,6.9
CA,6037,Los Angeles County,6037543803,6037543803,0.721,13.6,91630.0,3.6,26.0,7.4,0.0,1.94,9.8,4.6,5.0,13.9
CA,6037,Los Angeles County,6037543804,6037543804,0.7125,19.9,116094.0,11.5,27.8,8.0,4.75,0.0,21.3,5.8,1.5,5.3
CA,6037,Los Angeles County,6037543903,6037543903,0.7053,7.8,111667.0,9.5,17.4,9.1,0.0,62.71,19.5,8.1,9.2,10.4
CA,6037,Los Angeles County,6037543905,6037543905,0.8184,12.8,78587.0,12.9,30.7,1.6,4.25,100.0,8.3,8.3,14.4,24.3
CA,6037,Los Angeles County,6037544001,6037544001,0.5779,7.7,85098.0,5.6,24.2,3.9,0.0,100.0,15.7,5.8,4.0,11.9
CA,6037,Los Angeles County,6037544002,6037544002,0.6368,12.5,96053.0,10.5,23.7,5.3,0.0,66.84,10.3,8.8,12.6,8.2
CA,6037,Los Angeles County,6037550101,6037550101,0.3993,9.9,110562.0,6.4,18.8,2.7,5.0,52.61,13.3,8.1,3.5,6.4
CA,6037,Los Angeles County,6037550201,6037550201,0.5665,11.6,83262.0,7.1,27.3,5.3,2.41,71.88,5.9,5.3,1.8,11.3
CA,6037,Los Angeles County,6037550202,6037550202,0.571,5.5,104315.0,7.4,20.4,1.5,0.0,12.3,9.0,4.5,8.9,7.9
CA,6037,Los Angeles County,6037550301,6037550301,0.7514,2.6,99547.0,7.9,33.7,6.8,0.99,86.7,11.3,6.1,7.7,12.9
CA,6037,Los Angeles County,6037550501,6037550501,0.6482,15.1,72210.0,5.3,49.1,1.3,1.16,93.61,1.7,2.4,1.1,6.3
CA,6037,Los Angeles County,6037550502,6037550502,0.1012,2.0,151688.0,4.5,23.8,0.0,0.0,37.48,10.1,2.5,4.6,4.2
CA,6037,Los Angeles County,6037550601,6037550601,0.6246,13.4,93083.0,6.7,28.6,3.1,0.24,5.09,9.3,6.6,3.1,11.6
CA,6037,Los Angeles County,6037550602,6037550602,0.2881,6.1,107153.0,4.2,21.0,3.2,0.0,77.48,8.6,1.3,1.7,11.7
CA,6037,Los Angeles County,6037550700,6037550700,0.6796,10.0,116176.0,6.3,23.8,5.0,4.73,48.06,9.5,8.4,14.0,11.3
CA,6037,Los Angeles County,6037550801,6037550801,0.4247,8.0,91069.0,3.0,32.5,3.6,3.52,19.78,12.7,3.6,1.5,4.8
CA,6037,Los Angeles County,6037550802,6037550802,0.5726,5.7,76643.0,12.7,42.8,0.0,7.49,87.59,6.2,4.0,23.5,9.9
CA,6037,Los Angeles County,6037550901,6037550901,0.7942,20.2,81578.0,4.3,34.3,8.5,0.67,37.02,15.4,11.7,14.2,8.6
CA,6037,Los Angeles County,6037550902,6037550902,0.6178,9.1,82500.0,8.9,35.6,5.8,4.13,47.68,8.7,7.7,9.5,8.9
CA,6037,Los Angeles County,6037551001,6037551001,0.3862,3.4,80536.0,5.1,17.6,8.7,2.68,98.99,4.2,6.1,8.7,3.0
CA,6037,Los Angeles County,6037551002,6037551002,0.6229,3.7,105179.0,12.1,25.0,5.5,1.52,99.89,10.0,6.7,10.6,11.2
CA,6037,Los Angeles County,6037551101,6037551101,0.9039,14.5,56477.0,10.9,52.0,16.2,6.88,28.53,8.8,3.1,20.5,15.3
CA,6037,Los Angeles County,6037551102,6037551102,0.8253,7.4,63724.0,21.7,49.7,5.1,2.25,22.51,10.5,4.7,12.5,9.0
CA,6037,Los Angeles County,6037551201,6037551201,0.6639,5.8,68321.0,8.6,45.9,3.7,1.57,31.68,6.5,8.9,8.3,4.5
CA,6037,Los Angeles County,6037551203,6037551203,0.5603,17.3,85969.0,13.0,29.5,1.6,0.0,45.78,7.2,12.2,6.5,7.0
CA,6037,Los Angeles County,6037551204,6037551204,0.6605,15.5,68776.0,7.0,45.9,0.8,0.06,1.68,12.6,3.6,1.4,6.0
CA,6037,Los Angeles County,6037551300,6037551300,0.8824,16.5,67250.0,12.0,48.7,5.6,1.01,26.25,9.9,7.0,8.3,18.0
CA,6037,Los Angeles County,6037551401,6037551401,0.7972,9.5,77882.0,10.0,43.2,5.8,0.0,34.31,9.2,7.8,8.3,10.6
CA,6037,Los Angeles County,6037551402,6037551402,0.7653,9.4,89375.0,3.6,29.5,6.2,0.0,1.37,10.8,7.3,9.1,7.1
CA,6037,Los Angeles County,6037551501,6037551501,0.6499,7.2,94940.0,11.1,32.7,8.0,0.95,63.3,6.6,4.1,8.5,13.5
CA,6037,Los Angeles County,6037551502,6037551502,0.6264,3.2,87639.0,9.9,34.7,0.0,5.06,0.0,12.3,0.8,11.3,11.3
CA,6037,Los Angeles County,6037551700,6037551700,0.5867,9.5,83722.0,7.4,35.2,0.8,0.0,30.25,10.3,3.9,9.2,14.5
CA,6037,Los Angeles County,6037551801,6037551801,0.627,3.0,93996.0,8.6,27.6,5.8,0.0,73.0,15.6,2.8,4.1,12.9
CA,6037,Los Angeles County,6037551802,6037551802,0.6549,11.3,79100.0,5.1,38.3,0.6,3.98,66.32,14.4,6.1,3.1,9.3
CA,6037,Los Angeles County,6037551900,6037551900,0.544,5.3,94542.0,11.2,23.6,4.0,8.71,17.74,7.7,2.5,10.6,8.1
CA,6037,Los Angeles County,6037552001,6037552001,0.499,5.1,93795.0,7.9,19.8,2.4,3.75,0.0,7.0,3.9,15.3,9.5
CA,6037,Los Angeles County,6037552002,6037552002,0.6157,5.1,89964.0,6.2,17.7,0.6,0.0,1.15,10.8,4.0,5.6,11.6
CA,6037,Los Angeles County,6037552100,6037552100,0.72,7.7,72963.0,4.3,29.8,11.0,0.59,64.45,11.9,3.1,12.2,13.3
CA,6037,Los Angeles County,6037552200,6037552200,0.8327,20.0,60294.0,11.3,58.0,11.3,0.0,9.11,10.8,4.0,16.9,14.8
CA,6037,Los Angeles County,6037552301,6037552301,0.5708,7.4,94917.0,13.4,23.2,2.8,4.14,79.79,6.2,3.4,7.7,11.6
CA,6037,Los Angeles County,6037552302,6037552302,0.66,15.6,76250.0,9.6,34.3,5.2,12.87,97.9,4.0,2.1,9.0,10.6
CA,6037,Los Angeles County,6037552400,6037552400,0.7038,7.0,66800.0,11.8,39.7,5.3,8.83,99.29,9.9,2.8,8.3,18.1
CA,6037,Los Angeles County,6037552601,6037552601,0.6726,6.5,93750.0,11.4,22.1,3.8,1.99,29.42,12.7,8.1,9.0,15.0
CA,6037,Los Angeles County,6037552602,6037552602,0.5749,7.1,113077.0,4.1,24.6,4.8,0.0,32.04,11.5,2.8,5.9,14.1
CA,6037,Los Angeles County,6037552700,6037552700,0.5472,5.0,106818.0,10.6,21.4,2.6,2.25,46.89,9.6,4.1,5.8,11.3
CA,6037,Los Angeles County,6037552800,6037552800,0.4933,5.4,99942.0,14.2,21.8,2.0,0.0,3.31,7.1,8.8,11.1,12.7
CA,6037,Los Angeles County,6037552900,6037552900,0.6751,14.2,72818.0,14.9,36.1,6.6,2.99,54.65,11.5,2.5,10.1,8.9
CA,6037,Los Angeles County,6037553000,6037553000,0.4701,7.5,133080.0,5.7,18.9,0.0,0.0,47.2,9.6,12.9,2.7,13.2
CA,6037,Los Angeles County,6037553100,6037553100,0.7021,11.7,96875.0,6.2,32.6,1.2,7.83,41.19,10.4,15.8,6.2,8.8
CA,6037,Los Angeles County,6037553201,6037553201,0.5292,6.1,95833.0,6.1,23.2,2.3,2.66,16.93,14.0,8.2,2.4,8.4
CA,6037,Los Angeles County,6037553202,6037553202,0.6062,9.1,126875.0,3.9,15.6,5.2,3.33,77.18,9.2,7.4,13.6,9.7
CA,6037,Los Angeles County,6037553300,6037553300,0.4871,7.6,97972.0,13.8,19.5,2.8,1.42,22.94,9.7,2.5,13.0,12.0
CA,6037,Los Angeles County,6037553400,6037553400,0.743,4.1,103140.0,9.6,21.1,7.4,0.0,0.89,14.0,1.4,10.0,12.0
CA,6037,Los Angeles County,6037553502,6037553502,0.8827,9.8,77045.0,14.8,29.9,3.8,0.0,12.18,12.8,2.5,15.3,12.8
CA,6037,Los Angeles County,6037553503,6037553503,0.8387,14.7,59323.0,24.7,48.2,6.1,0.43,19.46,9.3,1.8,8.7,23.5
CA,6037,Los Angeles County,6037553504,6037553504,0.8028,10.2,71094.0,13.7,36.9,5.8,0.0,29.68,8.7,5.3,12.2,18.2
CA,6037,Los Angeles County,6037553601,6037553601,0.949,13.1,61324.0,19.8,52.3,6.7,0.0,36.62,12.9,2.0,12.3,15.1
CA,6037,Los Angeles County,6037553602,6037553602,0.8573,8.9,69474.0,14.4,43.7,6.6,13.7,76.16,7.8,8.0,12.2,12.1
CA,6037,Los Angeles County,6037553701,6037553701,0.774,13.1,64125.0,10.9,32.0,4.0,0.0,90.0,6.8,5.5,19.0,17.8
CA,6037,Los Angeles County,6037553702,6037553702,0.829,10.7,63924.0,14.5,42.5,6.8,8.41,98.7,10.9,3.7,18.4,18.9
CA,6037,Los Angeles County,6037553801,6037553801,0.919,24.6,62943.0,12.8,50.5,1.8,1.94,72.51,9.7,8.8,9.0,18.6
CA,6037,Los Angeles County,6037553802,6037553802,0.9139,16.6,48591.0,10.6,44.7,4.2,2.24,54.9,12.8,8.8,15.4,12.6
CA,6037,Los Angeles County,6037553901,6037553901,0.7351,12.2,83356.0,11.0,29.8,2.0,0.08,17.8,10.6,2.2,12.5,16.9
CA,6037,Los Angeles County,6037553902,6037553902,0.757,13.2,73315.0,11.8,33.9,1.7,0.0,7.05,6.7,6.2,7.4,8.2
CA,6037,Los Angeles County,6037554001,6037554001,0.4865,7.0,81931.0,8.7,25.5,0.7,6.68,88.47,15.5,6.5,20.7,9.7
CA,6037,Los Angeles County,6037554002,6037554002,0.9514,18.9,67471.0,10.1,43.8,9.7,4.88,13.56,11.7,9.3,12.8,10.9
CA,6037,Los Angeles County,6037554101,6037554101,0.9066,21.9,62500.0,14.7,42.3,3.7,7.31,21.18,9.4,7.2,8.9,22.8
CA,6037,Los Angeles County,6037554105,6037554105,0.9221,26.5,53370.0,12.6,54.9,13.0,0.0,0.3,7.9,10.8,11.3,9.9
CA,6037,Los Angeles County,6037554106,6037554106,0.6652,16.3,88005.0,8.8,31.0,4.0,2.29,83.36,8.3,6.5,6.9,6.6
CA,6037,Los Angeles County,6037554201,6037554201,0.5969,5.4,95566.0,15.0,21.4,3.1,9.1,49.57,10.0,2.2,11.9,6.5
CA,6037,Los Angeles County,6037554203,6037554203,0.8978,16.5,47471.0,9.6,47.4,11.1,4.81,37.24,8.7,7.9,16.5,9.5
CA,6037,Los Angeles County,6037554204,6037554204,0.9235,18.9,46957.0,11.1,48.9,11.2,0.0,7.06,13.2,13.2,18.5,16.7
CA,6037,Los Angeles County,6037554301,6037554301,0.641,10.5,84583.0,9.4,29.0,2.7,0.55,41.62,10.8,4.0,7.2,7.9
CA,6037,Los Angeles County,6037554302,6037554302,0.8122,11.1,68879.0,5.9,45.9,2.6,5.1,100.0,10.4,6.5,15.8,7.5
CA,6037,Los Angeles County,6037554403,6037554403,0.9548,24.0,63618.0,6.0,42.6,5.6,10.56,91.9,9.6,11.9,13.2,7.6
CA,6037,Los Angeles County,6037554404,6037554404,0.9227,18.5,74618.0,14.0,46.5,8.0,0.0,5.99,13.9,4.3,13.9,9.7
CA,6037,Los Angeles County,6037554405,6037554405,0.8992,14.2,44857.0,11.1,50.1,7.9,4.99,5.31,14.9,9.6,7.1,10.3
CA,6037,Los Angeles County,6037554406,6037554406,0.695,5.7,84418.0,3.4,21.6,7.6,0.58,0.47,14.4,8.7,9.1,8.6
CA,6037,Los Angeles County,6037554511,6037554511,0.3108,4.7,143000.0,6.6,14.8,0.0,3.54,42.29,11.1,8.3,2.3,9.6
CA,6037,Los Angeles County,6037554512,6037554512,0.2931,5.4,138246.0,2.1,17.0,1.8,0.0,4.18,12.0,4.3,2.9,5.6
CA,6037,Los Angeles County,6037554513,6037554513,0.3414,3.4,116042.0,6.5,19.8,3.4,0.47,10.18,9.3,2.4,1.1,12.9
CA,6037,Los Angeles County,6037554514,6037554514,0.3408,5.7,126667.0,5.0,17.4,9.0,4.11,78.12,8.9,3.0,4.5,9.5
CA,6037,Los Angeles County,6037554515,6037554515,0.3357,5.8,108833.0,3.0,9.8,4.2,0.9,18.17,13.1,2.3,6.3,8.3
CA,6037,Los Angeles County,6037554516,6037554516,0.1581,1.3,155489.0,0.9,9.4,0.8,5.34,42.32,8.2,10.9,2.3,8.6
CA,6037,Los Angeles County,6037554517,6037554517,0.3333,8.4,123611.0,3.4,25.6,3.6,0.0,13.74,6.3,1.9,2.6,7.7
CA,6037,Los Angeles County,6037554518,6037554518,0.3212,6.7,108140.0,4.7,16.2,2.2,3.29,61.45,9.5,4.8,5.9,10.8
CA,6037,Los Angeles County,6037554519,6037554519,0.2942,5.2,135505.0,1.3,14.4,5.2,0.0,7.16,11.5,7.9,5.9,4.3
CA,6037,Los Angeles County,6037554521,6037554521,0.4403,2.5,109756.0,2.8,18.8,2.6,4.32,74.82,11.7,7.0,7.8,3.4
CA,6037,Los Angeles County,6037554522,6037554522,0.2119,5.0,113677.0,2.7,11.4,0.5,0.0,19.86,12.3,6.8,6.8,4.9
CA,6037,Los Angeles County,6037554600,6037554600,0.809,11.7,86250.0,6.5,30.2,5.3,4.33,28.32,15.0,6.1,12.8,8.7
CA,6037,Los Angeles County,6037554700,6037554700,0.621,7.1,100000.0,9.2,26.5,0.3,0.0,4.63,9.0,7.4,5.9,16.2
CA,6037,Los Angeles County,6037554801,6037554801,0.6192,10.5,91875.0,11.3,24.4,2.1,6.8,8.26,9.0,7.1,12.9,19.4
CA,6037,Los Angeles County,6037554802,6037554802,0.7676,8.2,102930.0,10.8,27.8,3.1,0.96,1.55,10.2,12.1,3.2,11.3
CA,6037,Los Angeles County,6037554900,6037554900,0.798,5.3,81929.0,11.1,38.2,6.3,1.52,20.9,13.2,7.3,15.2,7.4
CA,6037,Los Angeles County,6037555001,6037555001,0.7483,14.1,89346.0,9.3,23.6,6.7,0.0,8.85,10.1,5.8,10.2,13.1
CA,6037,Los Angeles County,6037555002,6037555002,0.4185,6.1,80320.0,6.0,34.2,3.0,0.41,26.63,10.3,3.8,11.9,3.1
CA,6037,Los Angeles County,6037555105,6037555105,0.5976,5.4,100654.0,6.7,27.2,2.2,0.79,87.05,10.6,8.5,8.2,8.9
CA,6037,Los Angeles County,6037555106,6037555106,0.7524,11.9,68717.0,9.6,37.4,10.2,3.21,69.25,8.7,2.6,25.3,10.6
CA,6037,Los Angeles County,6037555107,6037555107,0.4475,8.6,87113.0,5.3,33.2,3.9,0.91,97.51,7.0,6.5,7.0,10.0
CA,6037,Los Angeles County,6037555202,6037555202,0.1632,7.6,162596.0,2.5,16.0,2.8,0.0,10.64,7.8,7.2,3.2,2.4
CA,6037,Los Angeles County,6037555211,6037555211,0.8371,20.1,86591.0,16.3,35.6,9.9,0.0,7.13,12.1,5.2,15.2,17.2
CA,6037,Los Angeles County,6037555212,6037555212,0.8582,10.0,73698.0,12.6,34.7,7.4,3.99,28.92,8.5,5.8,13.4,16.3
CA,6037,Los Angeles County,6037555300,6037555300,0.6331,24.3,97411.0,13.3,26.3,4.2,1.17,80.93,29.4,3.4,14.1,7.9
CA,6037,Los Angeles County,6037570001,6037570001,0.3551,8.6,124321.0,2.6,21.2,5.1,0.0,14.52,9.4,9.0,4.1,5.5
CA,6037,Los Angeles County,6037570002,6037570002,0.1032,4.6,117708.0,5.3,15.0,1.6,2.76,82.93,8.0,3.7,6.9,0.9
CA,6037,Los Angeles County,6037570003,6037570003,0.1218,2.3,108811.0,8.0,21.0,0.7,0.53,67.39,9.7,6.4,10.3,3.3
CA,6037,Los Angeles County,6037570100,6037570100,0.6186,15.3,98942.0,4.7,21.7,6.4,1.05,26.8,13.9,9.9,5.9,7.7
CA,6037,Los Angeles County,6037570202,6037570202,0.7014,17.9,72200.0,14.8,38.3,1.2,0.0,31.56,10.3,5.6,15.6,12.0
CA,6037,Los Angeles County,6037570203,6037570203,0.8144,24.1,59464.0,23.3,43.5,9.5,7.82,41.39,6.2,7.8,9.3,9.2
CA,6037,Los Angeles County,6037570204,6037570204,0.8655,9.3,58768.0,13.7,40.4,12.5,13.9,97.91,11.5,8.7,23.5,11.1
CA,6037,Los Angeles County,6037570303,6037570303,0.8231,16.7,58447.0,12.0,52.0,7.2,0.0,4.12,8.3,4.5,18.5,11.7
CA,6037,Los Angeles County,6037570304,6037570304,0.9111,14.5,60511.0,11.6,42.6,12.6,1.92,33.64,10.7,3.7,6.0,10.1
CA,6037,Los Angeles County,6037570305,6037570305,0.9115,25.5,42344.0,23.6,60.3,12.8,7.17,21.58,11.3,5.4,8.6,11.6
CA,6037,Los Angeles County,6037570306,6037570306,0.4621,22.7,102301.0,3.0,37.0,2.7,7.69,3.94,13.7,0.1,2.7,11.6
CA,6037,Los Angeles County,6037570402,6037570402,0.7778,15.7,81852.0,14.1,30.2,6.6,0.0,70.6,11.5,8.8,11.0,8.0
CA,6037,Los Angeles County,6037570403,6037570403,0.8973,19.4,63548.0,14.8,34.0,3.2,0.0,42.77,9.9,7.6,24.1,19.9
CA,6037,Los Angeles County,6037570404,6037570404,0.6283,22.0,74115.0,11.2,35.6,1.2,0.0,29.94,10.4,14.1,9.3,10.1
CA,6037,Los Angeles County,6037570502,6037570502,0.6671,12.2,88970.0,6.6,34.3,5.7,1.23,8.34,12.9,5.7,15.9,7.5
CA,6037,Los Angeles County,6037570503,6037570503,0.6071,10.6,84194.0,7.7,30.9,2.9,0.0,76.72,10.7,1.9,3.9,14.0
CA,6037,Los Angeles County,6037570504,6037570504,0.6634,22.9,77726.0,7.9,33.9,3.4,0.0,1.83,8.9,9.1,6.4,6.2
CA,6037,Los Angeles County,6037570601,6037570601,0.7722,13.8,80398.0,11.6,35.1,6.8,1.52,98.29,10.7,9.0,9.4,9.4
CA,6037,Los Angeles County,6037570602,6037570602,0.7837,12.8,77917.0,9.0,42.3,8.4,0.0,0.0,11.5,12.3,13.1,8.8
CA,6037,Los Angeles County,6037570603,6037570603,0.9236,27.6,57669.0,6.8,39.4,18.8,5.29,8.52,16.8,9.4,9.6,3.6
CA,6037,Los Angeles County,6037570701,6037570701,0.4677,3.8,101204.0,6.4,21.3,11.9,0.0,0.0,11.6,4.5,7.2,3.1
CA,6037,Los Angeles County,6037570703,6037570703,0.2257,8.0,121688.0,3.3,17.1,4.1,0.53,55.68,7.7,5.3,8.3,5.3
CA,6037,Los Angeles County,6037570800,6037570800,0.1415,4.6,129243.0,1.2,11.8,2.3,0.0,27.26,8.9,5.3,3.6,3.1
CA,6037,Los Angeles County,6037570901,6037570901,0.194,6.1,117969.0,2.3,15.8,2.5,0.0,49.21,9.5,8.6,5.2,5.9
CA,6037,Los Angeles County,6037570902,6037570902,0.0593,4.4,114107.0,5.2,14.4,1.1,2.59,6.46,13.1,2.5,6.7,1.6
CA,6037,Los Angeles County,6037571000,6037571000,0.0635,6.0,130962.0,1.7,14.4,0.4,0.0,89.65,12.2,6.6,4.8,1.0
CA,6037,Los Angeles County,6037571101,6037571101,0.0163,1.8,115607.0,4.2,16.3,0.4,0.0,6.5,6.4,2.3,3.5,1.7
CA,6037,Los Angeles County,6037571102,6037571102,0.043,4.6,160800.0,3.4,17.3,0.7,0.0,16.59,6.7,3.3,3.3,0.6
CA,6037,Los Angeles County,6037571201,6037571201,0.1194,5.2,124216.0,1.1,12.4,1.9,4.46,69.79,10.6,4.7,4.9,0.7
CA,6037,Los Angeles County,6037571202,6037571202,0.4092,6.9,98207.0,7.0,33.4,7.2,4.89,19.02,13.0,6.0,0.6,2.2
CA,6037,Los Angeles County,6037571300,6037571300,0.2479,5.1,128275.0,5.7,13.9,5.5,11.07,66.45,9.7,6.2,13.2,1.2
CA,6037,Los Angeles County,6037571400,6037571400,0.3022,6.6,125370.0,2.6,21.5,4.5,0.0,20.76,7.9,4.5,3.7,7.0
CA,6037,Los Angeles County,6037571502,6037571502,0.8079,6.6,96917.0,6.3,35.7,5.4,2.66,0.0,13.7,9.9,6.2,9.3
CA,6037,Los Angeles County,6037571504,6037571504,0.4956,13.3,80494.0,11.3,39.7,5.3,2.2,10.97,11.2,4.4,8.7,3.4
CA,6037,Los Angeles County,6037571505,6037571505,0.4877,6.6,88709.0,8.5,29.7,1.3,1.07,88.05,8.3,10.5,8.0,9.6
CA,6037,Los Angeles County,6037571600,6037571600,0.8856,36.9,23883.0,4.7,46.9,28.4,2.6,33.41,18.5,11.7,30.7,5.3
CA,6037,Los Angeles County,6037571701,6037571701,0.9169,27.8,77409.0,19.1,37.4,6.0,1.84,30.69,10.7,9.9,10.3,19.4
CA,6037,Los Angeles County,6037571703,6037571703,0.9855,25.6,39762.0,10.7,45.5,22.0,1.82,7.24,13.5,8.7,20.5,13.4
CA,6037,Los Angeles County,6037571704,6037571704,0.7363,19.2,56125.0,13.7,39.4,3.7,0.0,31.3,9.9,6.3,9.0,8.7
CA,6037,Los Angeles County,6037571800,6037571800,0.4585,2.3,130625.0,5.0,20.2,3.5,2.21,44.95,11.7,6.0,2.6,4.4
CA,6037,Los Angeles County,6037571900,6037571900,0.2996,7.0,113879.0,8.9,26.3,7.8,0.08,21.46,6.1,3.8,8.0,3.4
CA,6037,Los Angeles County,6037572001,6037572001,0.2185,5.1,101875.0,8.8,27.7,2.5,2.1,59.72,10.2,2.1,2.4,3.0
CA,6037,Los Angeles County,6037572201,6037572201,0.8269,14.9,74901.0,8.5,34.5,14.1,10.9,50.93,16.5,11.7,12.0,6.0
CA,6037,Los Angeles County,6037572202,6037572202,0.6817,15.4,109286.0,12.2,23.2,7.8,0.0,37.64,11.3,7.5,4.4,4.9
CA,6037,Los Angeles County,6037572301,6037572301,0.7881,17.3,66833.0,18.4,38.2,2.3,0.0,33.05,6.6,4.7,3.4,22.9
CA,6037,Los Angeles County,6037572500,6037572500,0.9418,19.3,53750.0,6.3,34.0,26.5,0.32,12.39,22.3,8.0,14.1,12.2
CA,6037,Los Angeles County,6037572600,6037572600,0.5542,5.6,86976.0,8.6,21.6,5.7,0.0,0.76,9.6,8.5,7.0,10.6
CA,6037,Los Angeles County,6037572700,6037572700,0.6188,8.7,82102.0,6.4,26.5,7.4,9.78,19.76,7.5,8.1,9.5,8.5
CA,6037,Los Angeles County,6037573002,6037573002,0.8006,9.3,58958.0,15.5,44.5,14.6,0.48,70.89,6.6,5.7,5.8,13.1
CA,6037,Los Angeles County,6037573003,6037573003,0.5407,13.2,97813.0,8.0,28.5,7.0,1.88,4.33,3.3,8.5,6.2,7.9
CA,6037,Los Angeles County,6037573004,6037573004,0.8507,15.5,53807.0,11.8,53.2,18.2,1.64,54.86,8.4,6.0,17.0,17.4
CA,6037,Los Angeles County,6037573101,6037573101,0.8749,15.5,62644.0,5.5,48.3,13.3,4.93,87.38,12.1,12.9,11.6,7.2
CA,6037,Los Angeles County,6037573102,6037573102,0.3962,25.5,98250.0,6.8,27.6,5.4,3.81,78.72,8.1,3.6,11.5,4.3
CA,6037,Los Angeles County,6037573201,6037573201,0.9405,22.5,51473.0,19.2,58.9,10.8,0.78,31.86,10.9,7.2,13.5,14.1
CA,6037,Los Angeles County,6037573202,6037573202,0.9231,13.2,71149.0,13.4,35.0,6.6,5.15,34.36,11.6,9.1,7.0,17.5
CA,6037,Los Angeles County,6037573300,6037573300,0.9436,34.0,42875.0,14.5,55.7,7.5,16.46,85.08,9.8,11.1,21.5,15.4
CA,6037,Los Angeles County,6037573401,6037573401,0.5169,20.3,71969.0,3.9,32.5,1.5,3.75,17.44,12.4,7.6,5.7,5.2
CA,6037,Los Angeles County,6037573402,6037573402,0.4996,9.1,78780.0,7.7,27.9,5.6,0.0,51.42,5.9,5.2,10.0,5.6
CA,6037,Los Angeles County,6037573403,6037573403,0.1107,5.6,128977.0,2.9,16.1,1.1,0.0,16.9,7.6,2.2,3.4,1.2
CA,6037,Los Angeles County,6037573601,6037573601,0.1102,7.3,122696.0,2.2,12.5,0.5,0.0,79.34,12.3,5.1,2.9,2.9
CA,6037,Los Angeles County,6037573700,6037573700,0.0662,4.2,138413.0,2.2,11.4,0.6,1.81,46.76,7.7,4.5,1.7,0.3
CA,6037,Los Angeles County,6037573800,6037573800,0.1579,4.5,126616.0,2.5,22.3,1.6,0.0,48.13,13.6,5.1,1.6,1.9
CA,6037,Los Angeles County,6037573902,6037573902,0.1008,8.2,158264.0,1.2,20.6,6.4,3.08,91.05,10.0,1.5,2.5,0.9
CA,6037,Los Angeles County,6037574000,6037574000,0.009,4.6,141536.0,2.3,11.4,1.0,2.58,48.19,5.3,1.9,4.0,0.0
CA,6037,Los Angeles County,6037574100,6037574100,0.0706,2.6,136403.0,2.5,14.9,2.1,0.0,25.68,9.0,4.8,4.1,0.0
CA,6037,Los Angeles County,6037574201,6037574201,0.0759,2.8,139777.0,2.0,8.5,1.0,2.69,25.13,9.4,5.9,3.7,4.2
CA,6037,Los Angeles County,6037574202,6037574202,0.3823,5.6,113472.0,3.4,21.1,4.8,0.0,75.71,11.1,1.5,12.6,3.5
CA,6037,Los Angeles County,6037574300,6037574300,0.179,2.8,107064.0,4.9,16.0,3.5,4.28,55.36,6.4,11.8,4.1,0.5
CA,6037,Los Angeles County,6037574400,6037574400,0.1,4.2,138095.0,2.9,15.3,2.4,1.0,45.37,7.7,1.8,3.2,1.8
CA,6037,Los Angeles County,6037574500,6037574500,0.078,2.3,118250.0,1.6,15.7,3.9,3.42,100.0,9.6,5.0,8.6,0.6
CA,6037,Los Angeles County,6037574602,6037574602,0.0948,0.6,132813.0,5.2,21.8,1.4,10.95,100.0,14.3,1.6,2.5,0.7
CA,6037,Los Angeles County,6037574800,6037574800,0.4048,10.0,74500.0,5.1,32.2,6.8,2.65,59.51,9.5,3.5,3.1,0.0
CA,6037,Los Angeles County,6037574901,6037574901,0.0479,8.6,147891.0,3.0,13.4,0.0,2.2,4.9,7.7,4.2,2.9,2.7
CA,6037,Los Angeles County,6037574902,6037574902,0.5395,25.9,78639.0,4.0,36.6,4.9,1.07,9.66,5.3,3.6,7.9,1.9
CA,6037,Los Angeles County,6037575001,6037575001,0.2765,11.1,100106.0,8.2,31.2,6.3,0.0,13.0,6.5,8.0,2.4,0.9
CA,6037,Los Angeles County,6037575002,6037575002,0.464,11.5,85591.0,8.7,32.2,7.8,0.0,41.16,6.9,4.4,1.4,2.0
CA,6037,Los Angeles County,6037575101,6037575101,0.8132,29.1,58929.0,6.4,54.2,14.0,5.43,11.37,10.8,6.7,7.8,9.6
CA,6037,Los Angeles County,6037575102,6037575102,0.8527,19.3,55031.0,10.6,54.1,17.2,0.0,73.41,6.3,5.8,16.9,15.1
CA,6037,Los Angeles County,6037575103,6037575103,0.6258,10.4,60826.0,12.9,53.6,7.8,4.8,27.15,9.7,4.6,7.0,11.0
CA,6037,Los Angeles County,6037575201,6037575201,0.9963,25.7,51630.0,9.4,46.8,25.4,0.98,4.82,15.4,9.2,23.9,15.0
CA,6037,Los Angeles County,6037575202,6037575202,0.8698,23.2,53750.0,14.6,45.0,16.7,3.03,3.16,12.8,4.1,14.0,19.1
CA,6037,Los Angeles County,6037575300,6037575300,0.9947,30.8,45617.0,13.9,53.4,27.5,0.56,24.84,10.1,5.6,20.6,29.7
CA,6037,Los Angeles County,6037575401,6037575401,0.9954,28.1,41250.0,22.3,57.4,22.1,7.67,0.05,14.1,13.5,14.8,21.4
CA,6037,Los Angeles County,6037575402,6037575402,0.9838,20.5,59688.0,18.8,43.5,18.5,0.0,1.69,12.1,9.3,7.8,26.5
CA,6037,Los Angeles County,6037575801,6037575801,0.9093,24.4,44444.0,16.2,55.8,8.6,12.25,25.28,10.3,4.4,13.7,19.7
CA,6037,Los Angeles County,6037575802,6037575802,0.9893,21.8,46583.0,19.8,59.3,25.0,18.08,72.63,14.2,7.5,19.0,17.1
CA,6037,Los Angeles County,6037575803,6037575803,0.9636,39.4,28402.0,5.5,61.9,36.6,5.83,66.91,25.8,10.4,32.3,27.5
CA,6037,Los Angeles County,6037575901,6037575901,0.8466,32.7,53984.0,11.8,45.5,22.1,10.0,60.96,14.1,15.6,12.2,10.0
CA,6037,Los Angeles County,6037575902,6037575902,0.6462,14.4,62235.0,13.7,38.2,24.6,1.18,19.04,16.8,6.8,12.3,7.0
CA,6037,Los Angeles County,6037576001,6037576001,0.2793,7.1,105359.0,5.6,24.5,11.8,0.0,0.19,8.9,6.6,5.0,1.1
CA,6037,Los Angeles County,6037576200,6037576200,0.8015,21.2,49076.0,10.3,55.5,24.2,6.43,0.85,16.2,12.3,9.8,3.6
CA,6037,Los Angeles County,6037576301,6037576301,0.8941,30.5,53140.0,11.2,56.0,11.1,0.25,50.02,24.0,5.7,17.0,15.0
CA,6037,Los Angeles County,6037576302,6037576302,0.9678,23.5,62639.0,21.9,43.7,21.3,9.51,46.79,12.6,8.6,11.4,19.1
CA,6037,Los Angeles County,6037576401,6037576401,0.9336,32.0,46087.0,11.9,52.0,15.9,4.25,92.78,11.6,9.8,19.4,18.9
CA,6037,Los Angeles County,6037576402,6037576402,0.9985,20.9,54478.0,17.9,51.0,10.8,2.6,63.69,12.5,11.3,8.2,19.7
CA,6037,Los Angeles County,6037576403,6037576403,0.8876,16.0,62373.0,14.5,54.6,4.2,3.75,36.11,8.4,7.9,6.9,11.7
CA,6037,Los Angeles County,6037576501,6037576501,0.9246,23.1,39005.0,11.8,64.9,14.0,5.1,2.31,10.9,10.6,14.2,10.5
CA,6037,Los Angeles County,6037576502,6037576502,0.6583,15.5,82649.0,3.8,40.0,13.9,3.97,27.47,10.7,6.4,4.2,7.4
CA,6037,Los Angeles County,6037576503,6037576503,0.7113,14.8,69058.0,14.0,47.3,10.0,0.0,33.99,13.5,5.6,11.2,10.7
CA,6037,Los Angeles County,6037576601,6037576601,0.5765,14.2,59876.0,11.3,51.0,14.2,0.0,17.18,18.1,6.5,10.3,3.4
CA,6037,Los Angeles County,6037576602,6037576602,0.2918,14.6,86433.0,4.8,35.1,3.7,13.49,99.26,11.4,6.3,9.8,0.5
CA,6037,Los Angeles County,6037576700,6037576700,0.3504,11.3,91111.0,4.4,30.7,6.0,5.18,23.46,8.6,6.6,7.8,0.6
CA,6037,Los Angeles County,6037576801,6037576801,0.4831,13.8,63049.0,5.6,43.3,21.4,5.1,20.77,14.3,3.4,11.2,3.0
CA,6037,Los Angeles County,6037576802,6037576802,0.6192,8.8,75729.0,10.5,42.6,4.9,0.15,100.0,12.2,5.4,7.1,2.9
CA,6037,Los Angeles County,6037576901,6037576901,0.8354,26.3,52365.0,21.6,51.5,8.3,2.8,19.18,9.0,5.1,10.6,14.6
CA,6037,Los Angeles County,6037576903,6037576903,0.815,21.3,60101.0,13.6,52.3,10.4,2.82,89.91,10.4,6.0,10.9,5.3
CA,6037,Los Angeles County,6037576904,6037576904,0.7623,27.4,65357.0,9.8,50.4,6.4,0.69,7.7,14.9,5.7,8.6,4.7
CA,6037,Los Angeles County,6037577000,6037577000,0.2982,17.8,83630.0,3.9,36.3,2.1,1.61,44.98,7.8,2.9,12.1,3.2
CA,6037,Los Angeles County,6037577100,6037577100,0.2747,12.4,89013.0,2.6,34.9,4.4,0.0,34.22,7.6,7.6,1.3,1.0
CA,6037,Los Angeles County,6037577200,6037577200,0.2155,8.1,105739.0,8.2,22.9,4.3,4.88,0.0,7.1,3.5,6.6,1.3
CA,6037,Los Angeles County,6037577300,6037577300,0.0486,2.9,104605.0,3.8,22.7,2.2,6.68,75.31,6.5,5.2,5.8,1.2
CA,6037,Los Angeles County,6037577400,6037577400,0.0585,7.5,110595.0,2.5,25.4,4.4,5.67,100.0,4.8,2.5,5.4,0.0
CA,6037,Los Angeles County,6037577501,6037577501,0.0743,6.1,141290.0,3.6,20.6,2.6,6.14,63.1,9.3,2.9,5.4,0.3
CA,6037,Los Angeles County,6037577504,6037577504,0.064,8.5,85000.0,1.2,36.0,4.2,5.08,100.0,9.8,1.8,9.1,0.0
CA,6037,Los Angeles County,6037577602,6037577602,0.1791,6.3,106683.0,1.3,24.4,3.0,0.0,32.13,10.2,4.4,2.9,1.1
CA,6037,Los Angeles County,6037577604,6037577604,0.0803,2.2,101204.0,0.2,31.7,2.3,4.53,26.43,11.7,2.5,9.8,0.2
CA,6037,Los Angeles County,6037577605,6037577605,0.1157,8.5,116697.0,1.3,18.6,2.5,7.58,77.27,6.6,4.5,0.9,0.1
CA,6037,Los Angeles County,6037577606,6037577606,0.1517,7.4,145294.0,0.7,18.4,4.1,2.47,100.0,6.5,0.9,6.1,0.6
CA,6037,Los Angeles County,6037577700,6037577700,0.555,6.5,86797.0,6.6,20.9,7.6,6.76,100.0,18.4,8.8,2.8,9.2
CA,6037,Los Angeles County,6037577800,6037577800,0.4908,4.4,99831.0,7.0,20.9,1.5,0.0,80.62,9.6,13.9,8.8,6.2
CA,6037,Los Angeles County,6037577900,6037577900,0.749,10.0,84704.0,4.0,40.9,17.2,0.0,99.38,19.0,4.6,16.2,3.7
CA,6037,Los Angeles County,6037578000,6037578000,0.9711,29.4,63013.0,9.6,42.4,13.2,2.68,0.95,15.7,10.0,14.3,15.5
CA,6037,Los Angeles County,6037578100,6037578100,0.4999,100.0,90230.0,2.9,28.3,4.5,0.0,0.0,2.7,7.4,7.2,0.8
CA,6037,Los Angeles County,6037599000,6037599000,0.6311,8.8,88845.0,8.4,34.5,19.7,1.53,0.96,5.7,0.0,1.8,9.8
CA,6037,Los Angeles County,6037599100,6037599100,0.2576,19.1,90230.0,2.0,29.6,29.6,22.03,100.0,0.9,0.0,25.9,0.0
CA,6037,Los Angeles County,6037600100,6037600100,0.9553,15.1,46839.0,12.7,51.9,17.8,12.29,68.31,12.3,7.5,15.1,17.2
CA,6037,Los Angeles County,6037600201,6037600201,0.9372,24.4,56579.0,13.1,52.2,10.9,23.04,94.05,7.5,15.8,5.4,17.4
CA,6037,Los Angeles County,6037600202,6037600202,0.9938,31.3,37674.0,14.3,62.4,23.5,17.47,100.0,21.7,9.5,16.1,18.1
CA,6037,Los Angeles County,6037600302,6037600302,0.5841,8.4,79850.0,9.0,31.8,2.0,6.17,50.25,11.9,9.4,11.0,3.2
CA,6037,Los Angeles County,6037600303,6037600303,0.9607,25.1,43889.0,11.5,59.8,20.1,22.84,98.58,10.3,16.0,12.7,20.2
CA,6037,Los Angeles County,6037600304,6037600304,0.9923,18.7,53856.0,19.2,51.3,20.9,10.87,43.88,15.1,10.4,8.2,19.0
CA,6037,Los Angeles County,6037600400,6037600400,0.8817,31.2,70616.0,6.5,36.1,28.6,3.28,52.77,17.1,10.6,10.9,1.4
CA,6037,Los Angeles County,6037600501,6037600501,0.6272,7.2,90739.0,4.4,35.2,9.0,0.61,9.55,19.8,6.3,21.6,1.3
CA,6037,Los Angeles County,6037600601,6037600601,0.6227,10.6,80833.0,9.5,35.5,3.7,0.88,2.55,14.3,7.9,5.8,3.7
CA,6037,Los Angeles County,6037600602,6037600602,0.9558,20.8,59783.0,15.9,55.8,14.7,3.94,84.81,9.9,8.6,11.4,17.6
CA,6037,Los Angeles County,6037600702,6037600702,0.6239,10.4,107396.0,11.1,32.7,2.4,0.0,28.88,18.3,5.4,6.9,4.7
CA,6037,Los Angeles County,6037600703,6037600703,0.3613,8.8,93250.0,4.3,34.4,0.1,7.4,84.74,13.2,12.1,4.9,0.6
CA,6037,Los Angeles County,6037600704,6037600704,0.6625,12.8,72132.0,6.1,41.9,7.7,6.09,99.05,18.9,8.7,13.5,1.6
CA,6037,Los Angeles County,6037600801,6037600801,0.4814,8.8,116875.0,7.1,29.1,19.6,2.01,100.0,10.0,6.4,18.6,3.4
CA,6037,Los Angeles County,6037600802,6037600802,0.6791,8.5,57927.0,3.9,55.9,12.2,12.19,97.39,25.4,12.1,8.1,1.1
CA,6037,Los Angeles County,6037600902,6037600902,0.9671,11.5,57418.0,8.8,48.3,10.0,0.0,14.59,14.6,11.7,13.2,6.0
CA,6037,Los Angeles County,6037600911,6037600911,0.4884,12.8,77016.0,9.8,38.0,7.5,0.0,20.21,10.4,2.1,8.4,15.4
CA,6037,Los Angeles County,6037600912,6037600912,0.7302,12.0,73272.0,15.5,30.3,5.0,0.0,100.0,10.7,5.1,5.0,24.5
CA,6037,Los Angeles County,6037601001,6037601001,0.8619,14.7,42878.0,6.1,38.5,25.7,0.0,7.47,23.4,7.6,19.7,10.2
CA,6037,Los Angeles County,6037601002,6037601002,0.915,20.7,59896.0,10.8,42.1,15.6,0.0,1.13,15.0,8.5,7.6,9.0
CA,6037,Los Angeles County,6037601100,6037601100,0.976,19.2,58655.0,12.1,50.2,10.0,1.9,25.19,11.6,12.9,7.4,12.5
CA,6037,Los Angeles County,6037601202,6037601202,0.8274,7.2,74093.0,12.5,34.6,3.6,0.75,37.8,12.8,7.0,7.4,19.9
CA,6037,Los Angeles County,6037601211,6037601211,0.8408,9.1,49871.0,8.0,49.9,14.5,1.37,8.79,7.8,6.3,13.6,12.3
CA,6037,Los Angeles County,6037601212,6037601212,0.7196,15.4,63375.0,11.7,44.8,11.1,9.31,17.46,11.0,3.6,13.6,11.7
CA,6037,Los Angeles County,6037601301,6037601301,0.5955,6.9,74410.0,7.5,30.8,10.0,12.62,41.41,10.7,9.2,5.4,4.3
CA,6037,Los Angeles County,6037601302,6037601302,0.6715,16.0,72577.0,10.8,40.1,4.1,4.39,46.39,9.3,7.7,6.6,6.8
CA,6037,Los Angeles County,6037601303,6037601303,0.8893,21.7,51932.0,16.7,55.5,14.2,0.0,96.33,25.0,11.7,10.7,6.6
CA,6037,Los Angeles County,6037601401,6037601401,0.9685,29.4,52941.0,11.0,46.0,13.3,5.36,90.86,23.1,9.9,13.1,7.0
CA,6037,Los Angeles County,6037601402,6037601402,0.6023,20.3,88037.0,10.7,34.0,4.8,5.19,71.25,8.2,7.7,6.4,18.1
CA,6037,Los Angeles County,6037601501,6037601501,0.9478,30.7,52682.0,19.1,48.0,7.1,3.38,76.31,4.9,6.5,12.7,18.3
CA,6037,Los Angeles County,6037601502,6037601502,0.9753,13.2,67944.0,13.3,44.4,10.0,20.99,59.17,11.5,11.9,9.1,31.5
CA,6037,Los Angeles County,6037601600,6037601600,0.5772,6.3,46969.0,12.2,49.7,4.5,11.7,83.96,10.0,1.0,24.0,24.5
CA,6037,Los Angeles County,6037601700,6037601700,0.9777,18.8,49219.0,13.1,56.1,6.8,7.13,1.79,10.3,7.6,4.0,24.5
CA,6037,Los Angeles County,6037601801,6037601801,0.7867,18.0,51343.0,13.2,45.7,6.4,2.39,48.67,8.7,2.7,10.2,30.0
CA,6037,Los Angeles County,6037601802,6037601802,0.7072,11.1,73462.0,13.2,33.5,7.8,0.0,49.98,7.8,7.9,11.2,21.9
CA,6037,Los Angeles County,6037601900,6037601900,0.8348,19.5,57788.0,13.0,41.1,12.5,0.4,94.75,7.4,11.1,19.0,23.5
CA,6037,Los Angeles County,6037602002,6037602002,0.7643,12.5,72083.0,13.9,45.1,6.0,4.37,98.13,10.6,6.2,3.9,13.5
CA,6037,Los Angeles County,6037602003,6037602003,0.8524,13.1,58750.0,19.5,54.6,10.7,3.18,3.47,10.0,8.0,12.0,19.8
CA,6037,Los Angeles County,6037602103,6037602103,0.9879,37.2,37813.0,14.8,61.1,7.5,0.0,0.0,9.6,14.3,12.6,12.1
CA,6037,Los Angeles County,6037602104,6037602104,0.671,15.2,68500.0,8.4,44.9,0.6,0.56,16.19,8.6,8.9,2.4,13.8
CA,6037,Los Angeles County,6037602105,6037602105,0.8324,26.7,56316.0,12.4,46.0,10.3,0.0,2.34,8.4,14.0,4.7,13.2
CA,6037,Los Angeles County,6037602106,6037602106,0.6553,13.2,78493.0,12.6,37.2,8.2,3.3,41.53,8.0,2.9,10.2,9.8
CA,6037,Los Angeles County,6037602201,6037602201,0.3867,9.0,131280.0,4.3,15.1,2.4,2.35,6.62,13.1,1.5,4.1,4.7
CA,6037,Los Angeles County,6037602202,6037602202,0.6273,4.6,91071.0,24.3,26.3,3.2,0.0,56.51,15.5,4.3,10.2,11.8
CA,6037,Los Angeles County,6037602301,6037602301,0.5112,6.3,126940.0,8.2,22.7,3.9,3.95,62.28,10.3,3.7,3.4,9.2
CA,6037,Los Angeles County,6037602302,6037602302,0.0814,2.2,163196.0,0.3,8.4,2.5,1.61,34.2,5.1,7.7,2.8,1.8
CA,6037,Los Angeles County,6037602402,6037602402,0.3937,5.1,104538.0,9.1,17.9,0.5,1.74,23.24,4.9,6.0,6.4,12.4
CA,6037,Los Angeles County,6037602403,6037602403,0.7512,15.2,73200.0,13.2,45.6,2.7,0.0,99.93,8.1,6.1,8.5,14.3
CA,6037,Los Angeles County,6037602404,6037602404,0.8694,24.8,62760.0,12.4,50.3,7.9,4.64,12.73,8.8,15.9,4.4,18.8
CA,6037,Los Angeles County,6037602504,6037602504,0.8555,22.9,60357.0,16.2,51.2,5.0,0.12,3.15,13.9,4.2,4.7,14.6
CA,6037,Los Angeles County,6037602505,6037602505,0.9059,24.7,63250.0,19.6,49.8,5.3,1.16,98.4,7.8,5.6,8.0,15.3
CA,6037,Los Angeles County,6037602506,6037602506,0.914,18.3,57173.0,11.2,51.1,15.3,0.82,3.64,13.2,6.7,8.4,11.3
CA,6037,Los Angeles County,6037602507,6037602507,0.9135,9.3,57813.0,16.2,46.6,8.2,0.0,78.85,11.4,7.6,6.6,8.9
CA,6037,Los Angeles County,6037602510,6037602510,0.9581,20.1,44018.0,11.5,56.1,14.6,0.42,91.73,8.3,9.9,13.6,18.9
CA,6037,Los Angeles County,6037602511,6037602511,0.8835,11.4,53894.0,10.0,54.4,10.5,0.2,100.0,14.0,4.2,7.2,6.9
CA,6037,Los Angeles County,6037602512,6037602512,0.5491,11.9,83125.0,3.0,14.1,4.6,0.0,0.58,18.4,4.9,5.8,14.2
CA,6037,Los Angeles County,6037602513,6037602513,0.7439,33.5,90230.0,7.0,63.3,12.0,5.14,97.97,8.3,5.7,6.4,5.0
CA,6037,Los Angeles County,6037602601,6037602601,0.5982,7.7,78403.0,5.1,34.6,3.9,6.76,20.07,11.8,4.3,7.9,2.0
CA,6037,Los Angeles County,6037602602,6037602602,0.7674,13.0,83666.0,13.6,34.7,0.0,0.0,34.57,16.3,4.5,4.9,5.3
CA,6037,Los Angeles County,6037602700,6037602700,0.3461,7.9,128110.0,3.5,18.9,2.4,0.0,7.01,18.8,7.0,2.3,2.8
CA,6037,Los Angeles County,6037602801,6037602801,0.9627,25.9,53775.0,6.3,40.8,22.3,0.0,4.04,17.6,6.6,16.6,17.0
CA,6037,Los Angeles County,6037602802,6037602802,0.5201,4.4,97819.0,6.9,18.8,2.1,5.74,0.0,12.4,16.5,10.2,8.7
CA,6037,Los Angeles County,6037602900,6037602900,0.8616,15.0,82472.0,16.2,20.7,4.7,4.96,50.05,11.9,3.8,8.7,17.8
CA,6037,Los Angeles County,6037603004,6037603004,0.6412,4.5,73819.0,13.2,39.5,4.4,0.0,26.18,6.7,3.5,19.8,13.1
CA,6037,Los Angeles County,6037603005,6037603005,0.6855,12.1,67833.0,10.1,47.5,4.2,3.59,40.32,8.2,4.6,9.2,12.5
CA,6037,Los Angeles County,6037603006,6037603006,0.5177,8.3,75000.0,7.2,32.5,8.5,2.66,41.16,10.1,1.0,6.8,13.0
CA,6037,Los Angeles County,6037603007,6037603007,0.7084,7.9,77412.0,14.1,28.8,12.0,1.75,6.59,13.0,0.7,8.3,8.8
CA,6037,Los Angeles County,6037603008,6037603008,0.9831,10.4,67963.0,10.8,19.0,8.3,0.08,100.0,13.8,5.9,27.2,15.8
CA,6037,Los Angeles County,6037603101,6037603101,0.7398,19.1,71349.0,8.8,43.6,4.9,0.0,5.29,7.7,4.6,12.8,17.6
CA,6037,Los Angeles County,6037603102,6037603102,0.9108,13.7,67690.0,12.2,44.4,9.5,5.44,2.59,13.1,7.8,13.7,23.4
CA,6037,Los Angeles County,6037603200,6037603200,0.5467,8.4,104226.0,15.5,22.8,9.1,0.0,8.92,9.9,3.1,10.1,16.0
CA,6037,Los Angeles County,6037603301,6037603301,0.7899,13.8,63929.0,9.5,42.3,5.6,0.38,14.45,10.6,5.7,8.1,18.8
CA,6037,Los Angeles County,6037603302,6037603302,0.7441,9.9,68147.0,6.5,34.6,2.8,0.33,7.12,14.1,6.6,9.5,22.2
CA,6037,Los Angeles County,6037603400,6037603400,0.4653,4.3,91974.0,10.5,22.0,2.7,2.58,2.65,8.6,5.9,7.8,10.5
CA,6037,Los Angeles County,6037603500,6037603500,0.6717,7.1,91151.0,10.1,25.0,3.0,7.87,99.57,12.4,4.1,3.3,13.3
CA,6037,Los Angeles County,6037603600,6037603600,0.5198,14.0,89875.0,8.9,27.7,0.5,0.0,85.21,14.2,0.7,6.7,13.2
CA,6037,Los Angeles County,6037603702,6037603702,0.3696,3.1,113125.0,1.0,21.7,0.0,5.62,46.65,11.8,3.8,10.0,11.5
CA,6037,Los Angeles County,6037603703,6037603703,0.2921,3.1,117330.0,5.8,14.4,1.3,0.0,4.16,11.9,1.8,6.4,11.8
CA,6037,Los Angeles County,6037603705,6037603705,0.5862,5.0,74484.0,8.7,40.6,1.3,0.0,13.34,4.9,6.2,5.5,8.6
CA,6037,Los Angeles County,6037603706,6037603706,0.9617,13.2,58217.0,29.6,62.6,11.8,2.74,21.3,12.9,4.2,4.0,31.7
CA,6037,Los Angeles County,6037603801,6037603801,0.8927,16.6,71000.0,10.9,46.9,6.0,3.36,100.0,9.9,7.9,8.8,12.2
CA,6037,Los Angeles County,6037603802,6037603802,0.8695,8.0,80875.0,6.7,34.2,5.4,0.0,17.87,11.6,6.6,9.5,10.5
CA,6037,Los Angeles County,6037603901,6037603901,0.5993,7.7,90221.0,5.6,23.7,7.2,0.0,47.17,9.8,2.6,4.2,12.9
CA,6037,Los Angeles County,6037603902,6037603902,0.7749,6.2,58816.0,15.6,42.7,5.1,1.59,15.85,3.1,16.5,5.4,14.8
CA,6037,Los Angeles County,6037604001,6037604001,0.6628,8.2,88750.0,13.1,30.2,5.8,0.0,10.16,6.3,12.0,6.9,15.2
CA,6037,Los Angeles County,6037604002,6037604002,0.6346,14.3,64500.0,6.8,47.7,3.9,4.92,16.02,8.9,7.4,4.3,7.6
CA,6037,Los Angeles County,6037604101,6037604101,0.5686,7.0,75201.0,23.0,46.6,2.6,2.32,25.44,8.7,9.1,0.0,12.4
CA,6037,Los Angeles County,6037604102,6037604102,0.4303,16.0,84803.0,15.8,26.7,0.7,3.02,3.82,5.8,0.8,12.3,15.0
CA,6037,Los Angeles County,6037604200,6037604200,0.7802,11.8,71707.0,15.9,39.6,1.5,3.82,47.32,7.8,8.2,9.0,14.9
CA,6037,Los Angeles County,6037609900,6037609900,0.6407,13.4,81829.0,9.1,30.6,10.0,3.17,3.12,11.3,8.3,18.3,9.6
CA,6037,Los Angeles County,6037620001,6037620001,0.1063,2.8,155548.0,2.8,18.5,2.0,8.14,58.72,8.1,3.1,2.1,1.1
CA,6037,Los Angeles County,6037620002,6037620002,0.109,6.2,141081.0,2.1,26.7,2.9,6.11,56.12,3.7,7.6,5.1,0.5
CA,6037,Los Angeles County,6037620101,6037620101,0.0623,4.4,126023.0,0.2,13.0,0.8,2.42,92.32,9.6,4.9,4.1,0.5
CA,6037,Los Angeles County,6037620102,6037620102,0.0791,5.7,144911.0,3.1,14.4,3.5,9.18,96.8,8.7,6.1,3.5,1.0
CA,6037,Los Angeles County,6037620201,6037620201,0.0032,7.6,156528.0,1.8,12.6,2.2,0.32,100.0,7.0,5.1,3.3,0.2
CA,6037,Los Angeles County,6037620301,6037620301,0.0579,2.1,216667.0,0.6,10.2,3.8,6.7,49.61,5.3,2.0,3.2,0.3
CA,6037,Los Angeles County,6037620303,6037620303,0.1021,5.5,202454.0,0.7,13.8,2.1,0.0,82.52,6.2,5.4,6.8,0.2
CA,6037,Los Angeles County,6037620305,6037620305,0.0131,1.7,177241.0,3.2,9.6,4.6,0.0,54.84,9.1,2.3,3.3,0.2
CA,6037,Los Angeles County,6037620400,6037620400,0.0493,1.1,167404.0,1.9,11.3,0.0,3.69,87.36,8.0,4.5,5.1,0.6
CA,6037,Los Angeles County,6037620501,6037620501,0.0919,7.5,159438.0,1.8,13.8,0.8,0.0,58.34,7.0,5.4,2.3,0.3
CA,6037,Los Angeles County,6037620521,6037620521,0.0581,5.3,112128.0,3.9,18.2,0.6,6.03,33.85,4.6,5.6,1.2,2.6
CA,6037,Los Angeles County,6037620522,6037620522,0.0987,4.9,149875.0,2.2,14.4,7.2,0.0,24.42,7.9,1.9,5.0,1.9
CA,6037,Los Angeles County,6037620601,6037620601,0.3269,6.8,116960.0,10.2,21.7,1.2,0.0,89.26,7.8,7.4,4.2,1.0
CA,6037,Los Angeles County,6037620602,6037620602,0.1278,6.0,150365.0,1.6,9.8,1.7,0.0,9.82,6.1,9.3,3.3,2.3
CA,6037,Los Angeles County,6037620701,6037620701,0.0616,2.9,154306.0,4.7,22.4,1.0,6.95,25.42,4.5,3.3,3.9,2.1
CA,6037,Los Angeles County,6037620703,6037620703,0.0028,1.6,234516.0,2.2,4.5,0.0,0.72,88.25,2.7,3.0,2.7,0.5
CA,6037,Los Angeles County,6037620704,6037620704,0.0554,2.5,182309.0,0.2,14.8,5.1,0.94,99.69,5.4,4.8,1.4,1.5
CA,6037,Los Angeles County,6037620801,6037620801,0.0413,4.2,220400.0,0.4,7.7,0.0,0.72,3.13,6.9,6.8,3.3,0.2
CA,6037,Los Angeles County,6037620802,6037620802,0.0155,2.4,174266.0,2.3,8.0,5.0,6.47,99.94,4.6,2.2,0.0,0.9
CA,6037,Los Angeles County,6037620901,6037620901,0.0197,3.6,242885.0,1.0,7.0,2.6,5.06,61.93,8.5,2.5,1.5,0.2
CA,6037,Los Angeles County,6037620904,6037620904,0.0148,4.5,189448.0,0.0,1.9,0.7,0.0,37.93,11.3,5.3,2.8,0.0
CA,6037,Los Angeles County,6037621001,6037621001,0.2885,8.6,143981.0,1.8,23.7,9.7,0.0,0.0,6.9,6.8,3.2,1.1
CA,6037,Los Angeles County,6037621005,6037621005,0.0574,4.9,142788.0,1.4,18.4,7.5,5.51,54.6,6.5,3.8,4.2,0.0
CA,6037,Los Angeles County,6037621102,6037621102,0.0295,5.6,199293.0,3.5,8.5,1.9,1.5,5.76,3.9,4.0,1.0,2.1
CA,6037,Los Angeles County,6037621104,6037621104,0.0842,4.6,131063.0,3.4,16.9,5.5,1.9,23.34,7.2,5.1,1.8,0.0
CA,6037,Los Angeles County,6037621201,6037621201,0.2865,5.5,131014.0,2.0,17.4,2.3,0.0,0.0,10.7,5.9,2.3,3.8
CA,6037,Los Angeles County,6037621204,6037621204,0.1717,4.4,110789.0,2.4,17.2,5.9,0.04,18.26,9.3,2.0,14.4,3.8
CA,6037,Los Angeles County,6037621301,6037621301,0.3044,6.4,110075.0,5.3,27.0,6.5,6.13,76.24,7.8,7.4,4.2,2.0
CA,6037,Los Angeles County,6037621324,6037621324,0.1191,9.8,107480.0,4.5,19.6,2.7,1.73,82.97,5.3,5.9,3.1,1.8
CA,6037,Los Angeles County,6037621326,6037621326,0.1754,3.6,107228.0,11.8,27.7,1.6,0.0,28.92,8.1,2.2,0.3,1.0
CA,6037,Los Angeles County,6037621400,6037621400,0.0794,5.7,140208.0,0.9,18.6,5.5,0.0,35.59,5.6,1.5,6.3,1.0
CA,6037,Los Angeles County,6037650001,6037650001,0.4091,14.3,106301.0,3.1,26.3,5.4,0.28,0.0,7.1,2.8,11.1,5.0
CA,6037,Los Angeles County,6037650003,6037650003,0.7446,17.4,76763.0,11.1,28.5,11.1,7.78,22.02,15.8,18.8,1.6,9.0
CA,6037,Los Angeles County,6037650004,6037650004,0.4791,7.7,95066.0,4.9,31.9,3.3,5.37,33.69,12.9,6.5,8.5,8.2
CA,6037,Los Angeles County,6037650101,6037650101,0.65,8.1,105417.0,9.5,29.9,6.9,6.7,22.2,11.0,5.0,7.7,7.0
CA,6037,Los Angeles County,6037650102,6037650102,0.2238,4.4,113333.0,5.9,14.6,2.9,3.22,16.07,8.3,8.3,2.9,4.4
CA,6037,Los Angeles County,6037650200,6037650200,0.2926,5.5,119609.0,2.0,12.9,3.6,0.0,100.0,8.7,3.6,3.0,5.3
CA,6037,Los Angeles County,6037650300,6037650300,0.6569,5.3,81972.0,1.6,33.4,5.0,3.17,4.18,13.7,6.1,5.9,11.3
CA,6037,Los Angeles County,6037650401,6037650401,0.1831,5.0,157314.0,2.3,17.1,4.4,1.55,43.26,8.9,6.6,5.2,3.2
CA,6037,Los Angeles County,6037650501,6037650501,0.0457,1.5,170547.0,0.0,12.6,1.8,2.92,7.29,8.9,0.6,4.9,4.6
CA,6037,Los Angeles County,6037650502,6037650502,0.2128,3.5,138223.0,6.3,18.6,1.6,3.61,59.74,9.7,2.8,4.6,3.8
CA,6037,Los Angeles County,6037650603,6037650603,0.5249,7.9,111375.0,3.8,27.1,11.0,4.47,79.37,12.8,5.4,11.9,4.4
CA,6037,Los Angeles County,6037650604,6037650604,0.5063,14.5,67834.0,10.4,33.2,4.9,8.73,45.74,8.9,4.5,5.7,9.3
CA,6037,Los Angeles County,6037650605,6037650605,0.2683,3.1,123636.0,2.3,22.0,3.3,0.0,29.32,4.6,0.4,1.1,7.5
CA,6037,Los Angeles County,6037650606,6037650606,0.8116,7.5,81344.0,8.6,34.7,15.1,1.48,11.85,10.4,5.7,10.8,10.0
CA,6037,Los Angeles County,6037650607,6037650607,0.4123,1.1,96181.0,16.3,21.3,1.3,3.64,97.19,7.5,10.0,0.0,11.2
CA,6037,Los Angeles County,6037650701,6037650701,0.1331,3.4,131136.0,3.0,14.8,3.3,0.0,10.82,9.5,2.9,11.6,3.7
CA,6037,Los Angeles County,6037650702,6037650702,0.1154,1.4,146176.0,5.2,8.7,2.9,2.45,59.79,8.9,4.7,6.3,2.4
CA,6037,Los Angeles County,6037650801,6037650801,0.4124,4.8,129709.0,7.7,18.8,4.8,3.75,29.9,6.2,5.8,2.3,11.4
CA,6037,Los Angeles County,6037650802,6037650802,0.3908,8.2,122644.0,3.2,31.5,5.6,2.02,51.65,6.1,3.9,1.7,16.4
CA,6037,Los Angeles County,6037650901,6037650901,0.4504,6.2,93487.0,5.3,37.4,5.3,0.0,19.63,11.5,2.7,6.8,3.1
CA,6037,Los Angeles County,6037650903,6037650903,0.4687,8.6,84508.0,5.1,38.0,1.8,3.69,12.97,3.6,11.8,3.5,2.0
CA,6037,Los Angeles County,6037650904,6037650904,0.3519,9.3,127841.0,3.4,16.4,2.9,1.08,93.48,10.3,5.1,3.5,11.1
CA,6037,Los Angeles County,6037651001,6037651001,0.5173,5.6,117917.0,4.5,25.1,6.6,3.56,25.44,14.7,3.7,8.3,3.5
CA,6037,Los Angeles County,6037651002,6037651002,0.3347,5.4,123409.0,4.6,15.8,4.2,5.82,63.14,11.7,4.2,6.6,4.9
CA,6037,Los Angeles County,6037651101,6037651101,0.5034,5.2,111250.0,3.6,26.0,6.9,1.78,45.45,10.2,3.7,4.8,7.0
CA,6037,Los Angeles County,6037651102,6037651102,0.3374,6.3,78708.0,1.1,32.5,6.6,6.07,33.12,16.8,5.1,9.1,5.3
CA,6037,Los Angeles County,6037651201,6037651201,0.0688,11.7,158990.0,0.9,7.0,0.5,7.56,64.4,8.1,4.2,3.4,1.3
CA,6037,Los Angeles County,6037651221,6037651221,0.5051,5.8,104000.0,3.7,21.9,4.3,0.0,1.57,8.5,8.2,4.6,5.3
CA,6037,Los Angeles County,6037651222,6037651222,0.2976,2.6,104049.0,5.2,21.1,1.4,0.16,3.08,6.1,6.4,0.7,5.0
CA,6037,Los Angeles County,6037651302,6037651302,0.2258,5.6,159395.0,4.6,16.4,5.5,0.0,33.49,10.0,6.8,1.9,6.0
CA,6037,Los Angeles County,6037651304,6037651304,0.1478,4.6,110325.0,2.6,20.2,4.1,5.26,1.07,8.5,6.7,6.4,4.1
CA,6037,Los Angeles County,6037651401,6037651401,0.4129,11.1,95184.0,2.1,21.1,6.8,1.24,28.32,11.8,0.8,16.5,7.0
CA,6037,Los Angeles County,6037651402,6037651402,0.4365,5.1,101250.0,6.7,30.4,1.9,0.0,0.58,9.5,0.7,6.9,6.4
CA,6037,Los Angeles County,6037670001,6037670001,0.5775,2.6,104375.0,7.5,27.1,6.5,5.35,73.03,11.8,0.6,11.4,6.8
CA,6037,Los Angeles County,6037670002,6037670002,0.6345,12.9,74972.0,4.2,28.4,9.6,4.76,57.61,15.2,5.2,9.9,6.4
CA,6037,Los Angeles County,6037670003,6037670003,0.4605,7.7,90833.0,7.5,29.8,1.8,0.0,17.36,10.9,2.1,6.9,4.1
CA,6037,Los Angeles County,6037670101,6037670101,0.683,30.1,79375.0,1.2,19.7,12.9,3.31,42.02,10.5,4.5,12.0,5.8
CA,6037,Los Angeles County,6037670102,6037670102,0.5397,12.4,69364.0,9.9,46.8,2.8,8.95,81.41,4.2,5.4,4.5,10.9
CA,6037,Los Angeles County,6037670201,6037670201,0.1497,1.9,169375.0,1.3,19.8,3.7,6.03,85.0,11.1,9.9,4.6,1.7
CA,6037,Los Angeles County,6037670202,6037670202,0.0227,1.8,225833.0,1.9,7.7,0.6,0.0,100.0,5.8,10.3,0.6,2.2
CA,6037,Los Angeles County,6037670324,6037670324,0.0802,3.7,206585.0,1.5,11.1,1.9,5.49,89.63,10.9,3.2,5.5,0.5
CA,6037,Los Angeles County,6037670326,6037670326,0.0427,4.0,236957.0,2.5,24.3,3.0,2.4,100.0,9.2,0.6,1.6,3.5
CA,6037,Los Angeles County,6037670328,6037670328,0.049,3.9,249432.0,2.7,11.1,0.4,0.0,96.88,6.2,2.3,5.1,2.3
CA,6037,Los Angeles County,6037670405,6037670405,0.4103,3.4,145469.0,1.6,26.9,12.9,3.76,30.57,15.8,5.3,13.5,2.7
CA,6037,Los Angeles County,6037670406,6037670406,0.1414,5.5,219375.0,5.6,9.0,2.1,1.57,61.76,10.2,7.7,5.4,1.9
CA,6037,Los Angeles County,6037670407,6037670407,0.3741,5.8,132083.0,1.9,19.3,7.3,0.63,55.07,6.5,8.9,6.7,6.1
CA,6037,Los Angeles County,6037670413,6037670413,0.1541,3.3,182212.0,2.1,10.3,0.5,3.66,77.94,5.5,7.2,3.0,2.3
CA,6037,Los Angeles County,6037670416,6037670416,0.3688,5.9,155135.0,3.5,17.4,0.5,3.23,38.4,9.9,9.0,3.6,3.1
CA,6037,Los Angeles County,6037670417,6037670417,0.1341,3.3,155385.0,3.1,10.7,2.7,0.53,32.98,10.2,0.3,4.1,3.5
CA,6037,Los Angeles County,6037670418,6037670418,0.0793,2.3,213375.0,4.3,3.9,1.3,4.16,98.11,11.1,4.0,2.7,0.3
CA,6037,Los Angeles County,6037670500,6037670500,0.0439,6.2,250001.0,1.7,9.3,3.2,1.4,100.0,10.5,5.8,1.9,2.2
CA,6037,Los Angeles County,6037670603,6037670603,0.082,0.8,216801.0,1.0,12.7,1.4,5.2,8.0,7.7,3.9,3.1,3.6
CA,6037,Los Angeles County,6037670604,6037670604,0.1371,6.3,149205.0,1.3,10.7,6.9,3.93,2.52,11.9,4.0,5.8,1.1
CA,6037,Los Angeles County,6037670701,6037670701,0.071,3.4,168697.0,2.2,13.3,0.6,1.06,9.91,8.1,2.6,7.6,3.7
CA,6037,Los Angeles County,6037670702,6037670702,0.0378,1.9,208177.0,2.8,19.5,1.3,3.34,94.35,12.7,5.3,1.8,0.6
CA,6037,Los Angeles County,6037700101,6037700101,0.5554,15.7,66901.0,7.3,38.6,19.9,0.18,9.24,16.7,6.6,10.6,8.1
CA,6037,Los Angeles County,6037700102,6037700102,0.6061,19.4,54648.0,8.1,32.7,21.3,2.52,8.06,18.7,11.9,15.4,8.2
CA,6037,Los Angeles County,6037700200,6037700200,0.3632,10.2,88502.0,3.2,35.5,14.0,1.11,0.0,12.6,7.1,7.1,1.4
CA,6037,Los Angeles County,6037700300,6037700300,0.2864,7.9,96673.0,3.6,34.5,15.7,1.51,57.25,15.6,6.7,9.2,4.1
CA,6037,Los Angeles County,6037700400,6037700400,0.1896,12.3,94169.0,4.8,25.5,9.7,3.28,14.12,10.1,4.9,3.1,3.6
CA,6037,Los Angeles County,6037700501,6037700501,0.3051,10.8,105670.0,2.7,31.1,8.4,0.0,3.2,13.1,9.9,3.1,1.8
CA,6037,Los Angeles County,6037700502,6037700502,0.4241,15.0,102436.0,2.8,35.9,10.9,9.58,11.64,13.9,10.7,4.8,2.1
CA,6037,Los Angeles County,6037700600,6037700600,0.1059,6.8,238125.0,1.4,19.8,1.8,0.23,78.74,7.6,5.3,1.7,1.7
CA,6037,Los Angeles County,6037700700,6037700700,0.0323,5.0,220059.0,0.3,17.1,2.6,0.0,89.65,8.0,0.0,6.9,2.7
CA,6037,Los Angeles County,6037700801,6037700801,0.5909,18.8,76233.0,5.9,31.7,15.9,2.35,4.09,17.8,9.4,12.5,10.3
CA,6037,Los Angeles County,6037700802,6037700802,0.5438,11.1,111390.0,10.8,29.8,5.9,3.05,9.34,11.5,14.2,4.9,6.8
CA,6037,Los Angeles County,6037700901,6037700901,0.2414,13.2,107361.0,2.3,24.3,4.9,6.7,32.94,7.8,5.9,1.7,0.9
CA,6037,Los Angeles County,6037700902,6037700902,0.4805,9.1,92453.0,5.0,38.0,11.0,3.52,60.32,11.6,9.5,7.2,5.6
CA,6037,Los Angeles County,6037701000,6037701000,0.2228,8.6,114737.0,4.3,25.9,8.2,2.15,38.13,6.5,11.0,4.4,1.6
CA,6037,Los Angeles County,6037701201,6037701201,0.0826,7.7,239559.0,0.3,15.3,1.3,0.0,67.56,7.4,6.8,0.0,1.4
CA,6037,Los Angeles County,6037701202,6037701202,0.0332,6.9,158808.0,1.5,21.0,5.0,0.0,65.31,4.2,4.1,7.7,0.5
CA,6037,Los Angeles County,6037701302,6037701302,0.1902,8.7,101161.0,2.9,34.7,6.8,0.0,58.97,9.0,3.8,10.5,0.1
CA,6037,Los Angeles County,6037701304,6037701304,0.1775,5.5,131983.0,1.3,25.1,4.5,0.0,37.87,7.4,2.0,4.7,5.1
CA,6037,Los Angeles County,6037701402,6037701402,0.5825,16.6,116296.0,6.4,23.2,17.9,0.0,0.0,16.0,4.4,12.6,5.0
CA,6037,Los Angeles County,6037701501,6037701501,0.27,11.2,132137.0,3.0,18.8,4.8,3.11,53.05,8.9,6.1,2.3,2.0
CA,6037,Los Angeles County,6037701502,6037701502,0.3893,5.7,105455.0,6.5,29.4,5.4,4.93,51.51,5.1,7.9,1.8,7.2
CA,6037,Los Angeles County,6037701601,6037701601,0.197,4.5,154583.0,1.5,19.3,5.0,0.43,5.69,6.3,6.5,4.8,0.7
CA,6037,Los Angeles County,6037701602,6037701602,0.5446,11.2,122401.0,9.9,33.6,4.4,0.58,19.26,4.0,8.1,6.4,2.6
CA,6037,Los Angeles County,6037701701,6037701701,0.2863,9.8,73710.0,12.5,33.1,11.1,0.0,4.71,9.0,2.9,5.6,5.5
CA,6037,Los Angeles County,6037701702,6037701702,0.5558,20.8,73906.0,2.3,43.3,17.3,0.69,19.49,10.8,7.4,14.6,3.4
CA,6037,Los Angeles County,6037701801,6037701801,0.7909,16.6,77698.0,7.1,31.4,14.7,0.0,7.2,10.1,5.3,12.1,7.1
CA,6037,Los Angeles County,6037701802,6037701802,0.6299,17.7,89125.0,5.6,31.7,8.8,3.9,34.99,16.3,5.8,15.0,7.2
CA,6037,Los Angeles County,6037701902,6037701902,0.5827,24.2,75565.0,3.7,34.0,37.6,0.23,12.37,16.7,10.9,16.2,4.3
CA,6037,Los Angeles County,6037702002,6037702002,0.4959,9.4,96664.0,8.1,33.7,15.2,8.88,31.5,9.6,8.7,5.2,5.0
CA,6037,Los Angeles County,6037702102,6037702102,0.3382,10.7,98025.0,7.4,26.4,9.1,0.0,21.66,9.0,9.0,4.8,1.6
CA,6037,Los Angeles County,6037702201,6037702201,0.3038,13.4,105284.0,2.8,32.4,9.2,0.0,3.44,6.5,8.0,8.5,0.9
CA,6037,Los Angeles County,6037702202,6037702202,0.2059,3.5,141071.0,4.2,21.8,6.6,0.0,0.0,8.1,6.8,2.5,4.0
CA,6037,Los Angeles County,6037702300,6037702300,0.2481,11.1,114915.0,1.2,22.8,7.2,1.28,15.56,4.0,3.4,6.6,2.5
CA,6037,Los Angeles County,6037702400,6037702400,0.2665,7.5,129911.0,6.8,22.5,9.3,0.0,7.76,9.2,5.2,11.5,2.8
CA,6037,Los Angeles County,6037702501,6037702501,0.1376,4.3,136688.0,0.1,27.4,4.1,2.15,59.85,6.6,4.7,14.1,0.3
CA,6037,Los Angeles County,6037702502,6037702502,0.226,10.1,109231.0,0.9,20.2,4.2,0.0,16.73,9.9,7.0,8.5,2.2
CA,6037,Los Angeles County,6037702600,6037702600,0.0973,2.6,161016.0,1.3,16.1,2.0,0.0,0.23,9.8,0.4,13.7,1.8
CA,6037,Los Angeles County,6037702700,6037702700,0.2354,3.4,149674.0,3.3,17.5,3.7,0.88,63.45,5.1,3.8,10.0,1.7
CA,6037,Los Angeles County,6037702801,6037702801,0.4741,7.9,105781.0,3.5,24.1,12.5,0.36,13.38,9.1,4.9,6.0,2.7
CA,6037,Los Angeles County,6037702802,6037702802,0.2956,4.8,104185.0,6.2,28.4,1.5,8.44,100.0,6.3,2.9,9.0,2.7
CA,6037,Los Angeles County,6037702803,6037702803,0.7919,8.9,111927.0,15.3,35.4,5.6,2.72,14.99,8.1,9.2,13.2,4.2
CA,6037,Los Angeles County,6037702900,6037702900,0.1241,4.0,135584.0,5.2,23.7,5.6,5.09,50.98,8.8,5.2,4.9,4.2
CA,6037,Los Angeles County,6037703002,6037703002,0.1319,7.4,156776.0,1.4,19.4,3.4,10.38,68.43,6.4,4.0,7.1,0.0
CA,6037,Los Angeles County,6037703003,6037703003,0.3436,5.6,93120.0,2.9,26.7,7.1,2.43,28.65,9.9,8.3,9.0,2.1
CA,6037,Los Angeles County,6037703100,6037703100,0.3548,11.7,121662.0,0.7,25.5,3.8,2.29,100.0,12.8,8.1,6.2,0.8
CA,6037,Los Angeles County,6037703200,6037703200,0.4548,6.6,92796.0,3.6,33.1,9.5,7.01,85.04,13.4,15.7,5.1,0.0
CA,6037,Los Angeles County,6037800101,6037800101,0.0646,2.0,186964.0,1.1,12.5,0.6,0.0,64.3,8.2,9.1,3.8,1.0
CA,6037,Los Angeles County,6037800103,6037800103,0.2439,6.2,134120.0,5.2,19.6,3.2,3.63,47.9,5.8,8.9,2.8,5.3
CA,6037,Los Angeles County,6037800104,6037800104,0.2554,5.0,139388.0,5.5,25.4,0.0,0.0,100.0,8.6,9.6,2.8,0.4
CA,6037,Los Angeles County,6037800202,6037800202,0.2197,9.1,230313.0,3.7,14.8,1.1,0.0,100.0,5.3,4.9,3.5,3.3
CA,6037,Los Angeles County,6037800204,6037800204,0.295,3.7,164833.0,5.7,20.8,4.5,1.45,47.68,13.5,8.8,7.8,1.7
CA,6037,Los Angeles County,6037800205,6037800205,0.1496,17.9,117230.0,5.2,21.5,0.7,0.0,37.86,7.7,6.7,1.5,3.7
CA,6037,Los Angeles County,6037800206,6037800206,0.0082,6.4,250001.0,1.2,7.8,2.0,0.0,1.49,8.8,4.1,4.6,0.5
CA,6037,Los Angeles County,6037800324,6037800324,0.0377,4.8,154288.0,2.4,10.8,1.6,2.33,66.16,8.8,4.1,1.6,0.7
CA,6037,Los Angeles County,6037800325,6037800325,0.1623,5.6,165743.0,2.4,21.1,8.4,8.5,74.21,7.9,4.8,6.4,0.5
CA,6037,Los Angeles County,6037800328,6037800328,0.0816,1.6,250001.0,2.3,14.9,0.5,0.17,74.4,10.9,6.6,1.2,2.7
CA,6037,Los Angeles County,6037800333,6037800333,0.5341,9.1,106625.0,7.6,30.6,6.1,2.53,6.78,12.1,6.7,6.5,3.0
CA,6037,Los Angeles County,6037800334,6037800334,0.4316,6.7,172500.0,7.6,14.5,2.1,0.0,100.0,10.7,8.3,2.5,3.8
CA,6037,Los Angeles County,6037800335,6037800335,0.273,6.1,133235.0,4.3,18.1,1.4,0.2,96.98,7.4,6.2,4.8,0.8
CA,6037,Los Angeles County,6037800336,6037800336,0.0282,2.2,220938.0,0.0,11.5,4.7,7.77,14.48,5.1,5.0,6.4,1.1
CA,6037,Los Angeles County,6037800337,6037800337,0.2466,18.2,100813.0,3.3,34.5,0.8,3.46,20.34,6.3,17.3,0.3,2.3
CA,6037,Los Angeles County,6037800338,6037800338,0.0207,3.4,198889.0,1.4,12.7,0.0,4.83,35.93,6.4,2.6,1.9,2.6
CA,6037,Los Angeles County,6037800406,6037800406,0.1804,2.6,168409.0,1.9,12.3,0.0,0.85,92.06,10.5,3.4,3.9,0.7
CA,6037,Los Angeles County,6037800410,6037800410,0.1091,8.8,139500.0,3.6,13.2,0.0,2.0,100.0,6.6,11.7,11.2,0.3
CA,6037,Los Angeles County,6037800411,6037800411,0.0407,5.2,191154.0,0.5,9.7,0.0,4.33,97.02,6.6,4.9,3.6,0.0
CA,6037,Los Angeles County,6037800412,6037800412,0.396,14.2,152000.0,0.0,23.1,0.6,1.69,29.26,6.6,8.6,0.6,0.3
CA,6037,Los Angeles County,6037800504,6037800504,0.1617,9.2,193504.0,1.1,21.5,3.6,0.0,66.43,7.3,1.6,6.9,1.0
CA,6037,Los Angeles County,6037800506,6037800506,0.1083,6.5,238177.0,0.2,10.7,4.8,12.7,100.0,7.3,4.3,0.6,1.1
CA,6037,Los Angeles County,6037900102,6037900102,0.6833,25.3,45982.0,3.4,20.6,3.4,19.6,100.0,14.7,11.9,44.3,7.4
CA,6037,Los Angeles County,6037900103,6037900103,0.7543,16.9,59434.0,7.2,38.5,4.9,2.22,82.89,8.5,9.5,18.2,12.0
CA,6037,Los Angeles County,6037900104,6037900104,0.6655,11.1,57970.0,3.3,31.1,2.5,0.0,88.69,12.0,6.4,13.6,12.3
CA,6037,Los Angeles County,6037900301,6037900301,0.7694,15.0,62821.0,5.5,40.1,1.7,3.27,82.13,7.3,16.8,5.1,4.4
CA,6037,Los Angeles County,6037900501,6037900501,0.6044,15.6,75368.0,6.0,26.3,2.6,2.24,35.16,13.6,8.5,10.6,10.8
CA,6037,Los Angeles County,6037900504,6037900504,0.5074,14.9,85559.0,3.9,30.7,3.4,0.0,67.39,9.9,10.3,6.4,2.4
CA,6037,Los Angeles County,6037900505,6037900505,0.8186,26.5,77930.0,7.4,33.1,7.3,6.7,33.57,14.7,11.3,14.1,7.8
CA,6037,Los Angeles County,6037900506,6037900506,0.5966,13.7,77021.0,6.9,33.9,1.3,0.0,38.93,5.5,11.1,3.5,6.6
CA,6037,Los Angeles County,6037900508,6037900508,0.6146,23.9,88417.0,2.0,28.8,10.0,6.51,100.0,10.9,5.0,10.4,4.2
CA,6037,Los Angeles County,6037900509,6037900509,0.6988,21.9,60609.0,5.2,33.4,4.2,4.01,59.35,11.8,10.0,9.8,4.0
CA,6037,Los Angeles County,6037900510,6037900510,0.6079,31.2,51172.0,5.8,45.7,0.8,0.0,45.05,10.4,6.0,8.7,5.7
CA,6037,Los Angeles County,6037900602,6037900602,0.8812,13.1,48697.0,3.8,38.0,17.1,5.01,100.0,14.3,8.3,10.6,8.7
CA,6037,Los Angeles County,6037900606,6037900606,0.6769,23.1,43598.0,8.4,37.0,12.3,10.37,81.76,8.3,12.7,26.9,2.5
CA,6037,Los Angeles County,6037900607,6037900607,0.5368,14.6,62311.0,5.3,41.5,3.2,0.15,0.51,7.8,4.7,12.4,5.3
CA,6037,Los Angeles County,6037900608,6037900608,0.7813,18.0,73087.0,5.5,37.8,0.7,4.37,33.53,10.7,9.9,9.1,5.0
CA,6037,Los Angeles County,6037900609,6037900609,0.7572,23.9,56000.0,5.7,33.3,4.3,10.35,74.36,10.6,2.6,20.5,10.3
CA,6037,Los Angeles County,6037900610,6037900610,0.7537,19.9,27624.0,2.7,48.2,16.7,1.74,100.0,13.5,2.5,25.5,16.2
CA,6037,Los Angeles County,6037900611,6037900611,0.4659,18.8,84828.0,2.0,20.5,3.1,0.0,65.62,6.6,4.5,3.6,6.2
CA,6037,Los Angeles County,6037900701,6037900701,0.8716,22.3,49309.0,4.7,45.8,10.2,8.29,50.42,10.7,13.1,17.4,6.7
CA,6037,Los Angeles County,6037900703,6037900703,0.8377,17.6,62997.0,3.8,45.2,9.5,6.8,30.42,15.0,9.5,13.0,6.4
CA,6037,Los Angeles County,6037900704,6037900704,0.6756,18.4,52446.0,6.2,53.8,13.4,2.64,10.8,4.6,5.5,14.1,2.0
CA,6037,Los Angeles County,6037900705,6037900705,0.834,20.8,56250.0,7.0,49.9,4.6,3.29,28.77,12.4,5.4,19.3,7.4
CA,6037,Los Angeles County,6037900804,6037900804,0.9467,24.2,48281.0,8.1,42.3,12.4,3.7,52.82,13.2,10.1,32.0,9.4
CA,6037,Los Angeles County,6037900805,6037900805,0.7389,8.8,90678.0,3.1,28.7,2.6,5.37,22.44,18.2,7.6,9.4,10.0
CA,6037,Los Angeles County,6037900806,6037900806,0.9445,28.9,24502.0,6.7,51.7,27.0,8.8,32.13,24.6,15.6,27.5,7.6
CA,6037,Los Angeles County,6037900807,6037900807,0.4014,11.6,75319.0,6.7,35.3,2.8,8.09,6.63,10.2,10.3,9.5,3.7
CA,6037,Los Angeles County,6037900808,6037900808,0.5486,29.9,67409.0,3.1,45.5,1.1,7.18,98.95,15.7,1.3,15.2,3.2
CA,6037,Los Angeles County,6037900901,6037900901,0.5758,16.6,49345.0,2.7,48.6,1.0,6.0,48.13,8.0,10.1,7.4,4.0
CA,6037,Los Angeles County,6037900902,6037900902,0.3309,7.8,58750.0,6.5,28.3,0.0,4.08,32.11,14.2,6.7,11.1,0.5
CA,6037,Los Angeles County,6037901003,6037901003,0.4999,10.0,90230.0,5.8,28.3,4.5,0.0,96.31,10.5,5.8,7.2,1.1
CA,6037,Los Angeles County,6037901007,6037901007,0.2009,6.4,96450.0,1.0,23.3,0.0,0.0,43.09,9.0,4.2,7.4,1.9
CA,6037,Los Angeles County,6037901008,6037901008,0.6118,14.0,88468.0,6.2,36.2,2.6,7.05,29.78,9.9,6.6,3.7,2.0
CA,6037,Los Angeles County,6037901009,6037901009,0.4691,20.1,93715.0,1.9,32.1,5.6,2.31,69.11,13.4,5.3,8.8,3.0
CA,6037,Los Angeles County,6037901010,6037901010,0.5469,23.6,74063.0,4.6,31.2,1.1,0.33,66.14,9.8,8.0,4.3,4.4
CA,6037,Los Angeles County,6037901011,6037901011,0.5903,28.4,82551.0,3.0,35.3,6.6,0.0,48.5,15.6,5.5,14.5,3.9
CA,6037,Los Angeles County,6037901012,6037901012,0.1115,7.1,116860.0,3.1,15.8,1.5,1.44,100.0,3.1,3.7,6.0,8.4
CA,6037,Los Angeles County,6037901013,6037901013,0.2006,5.9,123306.0,2.3,21.9,2.2,4.65,100.0,9.9,2.1,2.2,3.5
CA,6037,Los Angeles County,6037901014,6037901014,0.2227,8.2,117109.0,2.4,24.9,2.0,0.0,96.67,10.4,6.2,4.6,1.8
CA,6037,Los Angeles County,6037901101,6037901101,0.3904,9.7,90387.0,2.8,23.5,3.1,5.17,100.0,9.7,5.3,5.0,1.9
CA,6037,Los Angeles County,6037901102,6037901102,0.3611,9.2,92130.0,4.1,16.9,1.1,1.45,79.4,17.5,3.8,17.5,2.3
CA,6037,Los Angeles County,6037901209,6037901209,0.4348,12.6,77969.0,1.9,31.5,0.0,0.0,94.5,14.4,5.5,18.6,7.0
CA,6037,Los Angeles County,6037901210,6037901210,0.2241,3.2,101042.0,2.5,30.4,0.0,5.07,92.39,11.5,9.0,8.5,0.0
CA,6037,Los Angeles County,6037901214,6037901214,0.1127,10.2,104701.0,3.7,18.9,1.0,2.06,97.08,9.1,2.6,4.9,1.1
CA,6037,Los Angeles County,6037901215,6037901215,0.7206,19.3,53833.0,6.5,56.2,17.3,3.02,91.67,13.3,8.8,23.4,1.7
CA,6037,Los Angeles County,6037901216,6037901216,0.1681,5.8,109018.0,0.8,32.0,0.0,1.07,34.16,9.2,11.1,7.1,1.2
CA,6037,Los Angeles County,6037901217,6037901217,0.1231,5.0,115278.0,0.7,18.4,10.0,0.9,98.58,24.8,6.1,8.6,0.8
CA,6037,Los Angeles County,6037901218,6037901218,0.0059,0.2,190417.0,0.9,0.0,1.3,0.43,45.51,8.9,2.7,2.0,1.1
CA,6037,Los Angeles County,6037901300,6037901300,0.7654,29.1,67984.0,1.6,31.6,3.9,0.14,46.9,10.8,20.1,10.9,7.8
CA,6037,Los Angeles County,6037910002,6037910002,0.6558,22.2,60417.0,10.6,34.1,4.6,4.21,95.27,12.1,6.9,4.9,9.6
CA,6037,Los Angeles County,6037910210,6037910210,0.158,3.7,125031.0,6.2,8.2,2.4,8.27,57.78,9.3,2.4,3.0,10.1
CA,6037,Los Angeles County,6037910211,6037910211,0.0267,1.2,224444.0,1.2,7.3,1.6,5.03,16.41,4.8,3.5,0.0,1.0
CA,6037,Los Angeles County,6037910212,6037910212,0.3384,13.1,110673.0,1.7,18.5,5.3,0.0,85.34,12.0,6.4,18.0,3.2
CA,6037,Los Angeles County,6037910213,6037910213,0.3515,19.3,127202.0,2.2,21.6,1.7,0.0,0.81,8.1,6.2,1.9,0.8
CA,6037,Los Angeles County,6037910214,6037910214,0.2517,4.3,113300.0,2.7,18.4,2.8,0.63,67.97,10.6,4.8,3.2,4.0
CA,6037,Los Angeles County,6037910215,6037910215,0.486,3.8,91648.0,10.5,30.8,3.1,0.55,77.42,10.0,5.0,10.9,9.8
CA,6037,Los Angeles County,6037910216,6037910216,0.1416,3.5,130385.0,6.9,15.4,1.3,0.57,37.24,5.2,3.3,2.1,2.7
CA,6037,Los Angeles County,6037910217,6037910217,0.4399,12.3,106000.0,5.4,23.9,4.4,0.0,58.51,7.6,8.7,0.9,4.0
CA,6037,Los Angeles County,6037910218,6037910218,0.6679,13.1,76603.0,4.4,38.9,7.7,12.22,97.06,11.9,7.6,9.2,4.0
CA,6037,Los Angeles County,6037910301,6037910301,0.2616,9.8,125242.0,7.1,12.5,3.5,0.48,55.53,10.7,7.3,25.1,6.8
CA,6037,Los Angeles County,6037910302,6037910302,0.4025,10.5,104932.0,3.7,18.8,1.7,1.85,76.76,9.0,8.7,5.4,4.1
CA,6037,Los Angeles County,6037910401,6037910401,0.3796,5.3,83277.0,2.9,35.6,0.6,0.0,75.39,9.2,6.2,6.2,3.2
CA,6037,Los Angeles County,6037910404,6037910404,0.7283,15.0,68301.0,10.3,40.5,2.4,0.0,85.94,14.6,11.4,9.2,12.4
CA,6037,Los Angeles County,6037910405,6037910405,0.9572,32.0,41047.0,14.8,56.4,16.6,1.96,76.21,11.4,7.7,17.8,12.7
CA,6037,Los Angeles County,6037910501,6037910501,0.9281,35.4,29310.0,10.3,63.5,21.2,22.19,90.52,14.6,8.9,18.1,7.0
CA,6037,Los Angeles County,6037910502,6037910502,0.9232,29.5,50303.0,11.8,48.9,5.4,9.87,36.93,12.7,13.2,13.4,17.7
CA,6037,Los Angeles County,6037910504,6037910504,0.6524,14.8,62207.0,8.8,43.5,1.4,6.78,99.42,9.8,10.7,11.0,14.0
CA,6037,Los Angeles County,6037910505,6037910505,0.6457,8.6,70665.0,10.5,41.5,0.0,0.0,88.08,11.3,10.5,7.2,12.7
CA,6037,Los Angeles County,6037910601,6037910601,0.7963,15.3,64805.0,15.4,37.1,6.2,4.98,81.42,11.7,7.2,11.3,15.2
CA,6037,Los Angeles County,6037910602,6037910602,0.8732,21.3,48032.0,5.4,43.8,10.5,13.54,88.92,10.8,6.8,15.4,9.6
CA,6037,Los Angeles County,6037910605,6037910605,0.9569,23.4,60000.0,7.8,38.7,7.9,2.91,100.0,19.4,8.3,5.2,14.5
CA,6037,Los Angeles County,6037910606,6037910606,0.816,19.9,75402.0,10.1,36.8,1.8,0.0,100.0,16.1,5.2,2.8,11.3
CA,6037,Los Angeles County,6037910607,6037910607,0.5817,26.2,69375.0,4.9,38.5,14.1,3.12,66.17,11.3,3.1,10.6,11.3
CA,6037,Los Angeles County,6037910608,6037910608,0.7683,13.0,65647.0,9.3,42.0,6.5,10.4,93.86,15.4,3.4,19.9,10.6
CA,6037,Los Angeles County,6037910706,6037910706,0.6719,9.0,91641.0,6.1,26.2,5.2,0.0,85.63,5.7,8.4,7.9,11.3
CA,6037,Los Angeles County,6037910707,6037910707,0.7752,18.6,74096.0,5.4,37.2,3.5,0.02,78.51,12.4,9.7,10.0,5.4
CA,6037,Los Angeles County,6037910709,6037910709,0.3834,4.0,106429.0,12.8,21.3,0.0,0.0,100.0,8.3,8.8,0.8,4.8
CA,6037,Los Angeles County,6037910712,6037910712,0.5108,10.8,90147.0,9.2,32.6,2.7,2.64,51.71,12.1,6.2,13.1,11.2
CA,6037,Los Angeles County,6037910713,6037910713,0.7229,25.0,87877.0,11.5,24.5,4.4,0.24,56.64,11.4,7.8,3.8,7.1
CA,6037,Los Angeles County,6037910714,6037910714,0.6296,4.4,76786.0,7.2,38.0,3.0,1.75,29.84,12.9,4.8,6.5,12.9
CA,6037,Los Angeles County,6037910715,6037910715,0.6152,8.7,75469.0,5.7,29.5,4.9,8.98,59.93,13.5,11.4,6.4,13.4
CA,6037,Los Angeles County,6037910716,6037910716,0.4999,11.4,92324.0,11.0,30.5,3.6,0.49,80.57,11.1,6.7,4.2,9.0
CA,6037,Los Angeles County,6037910717,6037910717,0.5433,3.4,91250.0,12.0,23.4,9.0,2.61,46.88,7.5,6.4,12.7,13.9
CA,6037,Los Angeles County,6037910718,6037910718,0.4356,9.6,87238.0,10.4,29.6,2.0,2.72,47.66,9.2,4.4,2.9,15.5
CA,6037,Los Angeles County,6037910719,6037910719,0.4084,6.9,104115.0,4.6,26.4,1.0,1.36,80.74,14.1,6.2,18.8,13.8
CA,6037,Los Angeles County,6037910720,6037910720,0.8424,20.6,75625.0,3.4,26.7,7.9,7.42,50.15,17.7,12.5,14.8,10.0
CA,6037,Los Angeles County,6037910721,6037910721,0.6459,15.2,48659.0,3.2,53.3,4.1,0.0,46.84,11.2,13.3,0.0,7.7
CA,6037,Los Angeles County,6037910804,6037910804,0.1663,6.8,128478.0,5.1,16.9,0.0,6.77,100.0,11.4,1.1,2.8,1.6
CA,6037,Los Angeles County,6037910807,6037910807,0.2721,12.9,124688.0,4.1,14.0,2.2,0.0,96.51,11.0,3.4,3.2,3.6
CA,6037,Los Angeles County,6037910808,6037910808,0.3364,1.9,105208.0,5.2,23.2,3.3,0.76,95.29,12.5,2.2,1.9,3.2
CA,6037,Los Angeles County,6037910809,6037910809,0.1233,6.2,166591.0,7.6,18.8,5.0,0.82,98.4,11.9,6.7,5.6,0.5
CA,6037,Los Angeles County,6037910810,6037910810,0.0426,2.6,172426.0,5.2,10.2,1.0,5.58,99.39,5.1,3.7,3.2,2.1
CA,6037,Los Angeles County,6037910814,6037910814,0.2707,10.1,114472.0,5.5,15.8,1.8,1.86,0.74,11.0,3.4,10.8,4.0
CA,6037,Los Angeles County,6037910815,6037910815,0.378,14.5,110982.0,7.2,24.8,2.1,0.0,6.13,14.8,2.3,20.5,2.1
CA,6037,Los Angeles County,6037911001,6037911001,0.6519,15.9,79111.0,7.3,29.2,3.4,3.21,99.46,16.4,10.0,17.7,4.1
CA,6037,Los Angeles County,6037911100,6037911100,0.7478,16.9,65135.0,7.4,34.6,1.5,4.8,85.19,10.7,8.3,14.0,15.7
CA,6037,Los Angeles County,6037920013,6037920013,0.4253,11.4,134023.0,3.9,20.3,3.3,4.13,49.04,9.8,3.6,1.4,1.4
CA,6037,Los Angeles County,6037920015,6037920015,0.0103,1.2,185651.0,2.8,1.5,1.6,2.28,95.33,8.9,5.2,2.4,0.1
CA,6037,Los Angeles County,6037920016,6037920016,0.022,1.3,170463.0,1.1,23.0,2.3,0.0,98.51,7.3,1.8,3.8,1.3
CA,6037,Los Angeles County,6037920017,6037920017,0.2774,4.5,141696.0,7.4,18.1,1.3,0.0,90.86,14.7,5.1,1.7,2.9
CA,6037,Los Angeles County,6037920018,6037920018,0.0681,9.1,143352.0,6.0,9.1,2.7,0.89,99.0,10.8,1.5,1.8,3.6
CA,6037,Los Angeles County,6037920020,6037920020,0.1744,4.9,106172.0,2.2,20.5,3.0,2.07,89.85,11.5,4.2,2.6,0.8
CA,6037,Los Angeles County,6037920028,6037920028,0.0433,1.1,139269.0,3.6,13.9,0.8,1.87,100.0,3.5,3.9,3.8,1.8
CA,6037,Los Angeles County,6037920029,6037920029,0.4813,5.5,108531.0,6.3,21.6,3.1,2.29,100.0,13.3,4.8,4.6,2.8
CA,6037,Los Angeles County,6037920030,6037920030,0.3086,11.0,112656.0,4.3,26.6,0.7,1.26,70.3,10.8,8.4,4.8,4.4
CA,6037,Los Angeles County,6037920031,6037920031,0.5125,12.7,62428.0,3.3,40.6,6.4,0.24,67.59,19.3,5.7,8.5,2.5
CA,6037,Los Angeles County,6037920034,6037920034,0.4043,9.2,131149.0,1.9,21.8,2.8,6.45,89.5,8.3,7.3,2.8,3.6
CA,6037,Los Angeles County,6037920035,6037920035,0.6585,12.2,102601.0,8.0,30.8,3.8,0.0,26.57,11.0,3.3,5.9,9.2
CA,6037,Los Angeles County,6037920038,6037920038,0.9082,10.2,68971.0,10.6,36.8,7.1,3.31,56.16,10.2,12.3,8.0,11.7
CA,6037,Los Angeles County,6037920039,6037920039,0.0726,4.5,133214.0,8.4,12.4,3.3,3.81,84.08,6.1,6.9,0.7,2.3
CA,6037,Los Angeles County,6037920040,6037920040,0.2584,0.6,113250.0,5.6,17.6,1.6,0.0,37.82,9.5,3.3,3.3,5.7
CA,6037,Los Angeles County,6037920041,6037920041,0.3055,9.4,116318.0,3.9,20.4,1.3,1.62,55.65,8.1,5.8,1.6,2.4
CA,6037,Los Angeles County,6037920042,6037920042,0.3576,7.9,121813.0,4.9,26.8,7.3,0.0,58.69,9.7,5.7,6.2,4.1
CA,6037,Los Angeles County,6037920043,6037920043,0.1664,7.4,153500.0,3.4,17.3,0.6,5.31,90.81,5.8,6.7,1.7,4.9
CA,6037,Los Angeles County,6037920044,6037920044,0.3958,7.1,105739.0,3.4,22.3,5.7,0.9,14.69,13.9,5.5,1.8,4.8
CA,6037,Los Angeles County,6037920045,6037920045,0.0572,3.5,158571.0,1.0,15.5,1.4,2.34,57.93,8.1,6.7,0.6,2.2
CA,6037,Los Angeles County,6037920046,6037920046,0.7039,6.1,83806.0,9.0,29.9,3.3,0.59,86.09,17.1,11.2,3.4,5.9
CA,6037,Los Angeles County,6037920047,6037920047,0.8522,26.7,63874.0,17.4,52.7,6.4,0.1,44.99,6.4,3.5,12.7,13.3
CA,6037,Los Angeles County,6037920048,6037920048,0.7551,11.3,90900.0,5.5,28.8,4.6,2.21,94.23,13.0,4.5,7.2,8.7
CA,6037,Los Angeles County,6037920049,6037920049,0.2273,7.3,165700.0,2.6,10.8,1.6,0.55,0.6,8.9,4.9,7.4,2.6
CA,6037,Los Angeles County,6037920050,6037920050,0.4688,20.6,68125.0,9.7,32.6,5.4,0.38,83.4,11.6,14.5,15.3,0.5
CA,6037,Los Angeles County,6037920102,6037920102,0.6362,6.7,95000.0,5.8,34.3,3.9,8.32,100.0,7.7,9.3,8.6,5.2
CA,6037,Los Angeles County,6037920104,6037920104,0.2909,5.0,147135.0,10.8,14.5,4.5,0.0,96.1,9.3,11.8,4.7,1.6
CA,6037,Los Angeles County,6037920106,6037920106,0.4449,4.8,107065.0,8.2,22.5,0.3,3.71,98.27,9.9,5.1,0.4,11.1
CA,6037,Los Angeles County,6037920109,6037920109,0.0949,6.1,126154.0,3.5,21.1,3.4,0.19,72.34,7.7,4.0,1.4,3.0
CA,6037,Los Angeles County,6037920110,6037920110,0.0205,5.5,147226.0,0.3,13.7,0.0,0.0,50.42,5.4,8.0,0.0,0.0
CA,6037,Los Angeles County,6037920111,6037920111,0.1003,4.2,128529.0,1.7,17.7,0.0,0.0,100.0,10.3,6.8,7.2,0.0
CA,6037,Los Angeles County,6037920112,6037920112,0.3404,5.1,121292.0,2.9,20.7,8.1,7.18,47.66,15.2,8.1,1.3,2.0
CA,6037,Los Angeles County,6037920114,6037920114,0.1753,7.4,121774.0,4.0,17.8,2.7,2.01,28.56,5.2,7.4,1.0,4.5
CA,6037,Los Angeles County,6037920115,6037920115,0.3636,3.3,101293.0,4.5,35.1,7.5,9.3,35.15,14.1,3.9,0.4,2.1
CA,6037,Los Angeles County,6037920116,6037920116,0.1967,4.9,135792.0,7.2,14.2,0.9,1.03,97.7,12.9,4.2,3.5,2.2
CA,6037,Los Angeles County,6037920118,6037920118,0.1884,1.0,140665.0,3.6,11.2,1.7,5.75,46.41,11.0,4.9,1.4,2.7
CA,6037,Los Angeles County,6037920119,6037920119,0.0167,4.5,175000.0,1.0,12.8,0.8,1.78,97.5,7.3,2.0,6.3,1.9
CA,6037,Los Angeles County,6037920120,6037920120,0.0259,4.8,214150.0,4.5,11.0,1.4,0.98,25.83,2.8,4.4,4.3,1.9
CA,6037,Los Angeles County,6037920121,6037920121,0.0882,5.5,148977.0,1.7,16.6,0.4,3.95,93.83,5.1,5.8,1.2,1.3
CA,6037,Los Angeles County,6037920200,6037920200,0.4999,10.0,90230.0,5.8,28.3,4.5,0.0,100.0,10.5,5.8,7.2,4.9
CA,6037,Los Angeles County,6037920303,6037920303,0.0912,10.4,128438.0,0.9,24.0,0.0,0.0,100.0,4.4,6.8,0.0,2.2
CA,6037,Los Angeles County,6037920312,6037920312,0.6962,9.6,89410.0,3.6,35.8,8.6,2.27,81.66,11.0,6.6,11.3,3.5
CA,6037,Los Angeles County,6037920313,6037920313,0.3498,2.7,161429.0,4.0,16.5,2.0,5.16,47.56,9.4,2.3,1.7,6.4
CA,6037,Los Angeles County,6037920314,6037920314,0.2754,10.2,133542.0,3.7,12.8,0.9,0.0,100.0,7.3,8.3,0.9,4.1
CA,6037,Los Angeles County,6037920322,6037920322,0.4765,7.2,127750.0,1.7,26.1,5.0,0.0,3.75,13.4,11.3,2.5,2.3
CA,6037,Los Angeles County,6037920326,6037920326,0.5283,4.2,131750.0,7.8,26.3,3.7,3.13,44.05,9.9,9.4,2.3,7.3
CA,6037,Los Angeles County,6037920328,6037920328,0.2465,12.9,117933.0,3.8,33.3,1.3,0.0,46.36,9.6,6.0,6.2,1.6
CA,6037,Los Angeles County,6037920329,6037920329,0.2336,7.7,107994.0,2.7,26.2,4.5,0.0,11.54,12.3,9.9,3.9,0.9
CA,6037,Los Angeles County,6037920330,6037920330,0.4082,9.8,101250.0,0.6,30.8,15.9,9.82,51.34,18.9,0.7,19.8,2.8
CA,6037,Los Angeles County,6037920331,6037920331,0.1938,7.1,120368.0,5.0,19.3,0.6,15.93,45.28,15.1,6.8,0.9,0.6
CA,6037,Los Angeles County,6037920332,6037920332,0.2186,3.2,116477.0,5.0,22.9,0.0,0.0,94.3,8.7,3.2,5.3,3.5
CA,6037,Los Angeles County,6037920334,6037920334,0.5322,12.0,98819.0,3.0,33.0,7.8,10.19,75.46,15.3,11.6,11.6,2.5
CA,6037,Los Angeles County,6037920338,6037920338,0.0915,5.1,169155.0,3.7,9.2,0.5,1.73,100.0,8.1,10.5,2.2,3.1
CA,6037,Los Angeles County,6037920339,6037920339,0.2438,5.2,146838.0,6.5,20.4,0.6,2.05,84.07,8.4,8.0,0.6,3.1
CA,6037,Los Angeles County,6037920340,6037920340,0.646,18.8,97713.0,3.4,36.0,2.4,0.0,1.49,4.6,7.4,7.4,9.8
CA,6037,Los Angeles County,6037920341,6037920341,0.8125,18.4,62321.0,10.4,47.8,2.6,4.58,16.54,6.3,1.9,12.4,18.7
CA,6037,Los Angeles County,6037920342,6037920342,0.803,10.2,74107.0,13.8,38.6,1.3,3.85,63.86,4.7,6.9,9.4,18.1
CA,6037,Los Angeles County,6037920343,6037920343,0.7184,10.3,74000.0,12.8,39.7,0.0,2.09,89.02,6.1,2.3,9.5,11.0
CA,6037,Los Angeles County,6037930400,6037930400,0.5737,13.7,96375.0,5.4,23.1,8.2,0.0,76.81,18.3,7.0,2.8,6.6
CA,6037,Los Angeles County,6037980001,6037980001,0.4999,10.0,90230.0,5.8,28.3,4.5,3.58,82.56,10.5,5.8,7.2,6.0
CA,6037,Los Angeles County,6037980002,6037980002,0.4999,10.0,90230.0,5.8,28.3,4.5,10.56,51.71,10.5,5.8,7.2,6.0
CA,6037,Los Angeles County,6037980003,6037980003,0.4999,10.0,90230.0,5.8,28.3,4.5,0.0,99.7,10.5,5.8,7.2,6.0
CA,6037,Los Angeles County,6037980004,6037980004,0.4999,10.0,90230.0,5.8,28.3,4.5,3.1,94.91,10.5,5.8,7.2,6.0
CA,6037,Los Angeles County,6037980005,6037980005,0.4999,10.0,90230.0,5.8,28.3,4.5,4.52,22.64,10.5,5.8,7.2,6.0
CA,6037,Los Angeles County,6037980006,6037980006,0.4999,10.0,90230.0,5.8,28.3,4.5,2.24,49.23,10.5,5.8,7.2,6.0
CA,6037,Los Angeles County,6037980007,6037980007,0.4999,10.0,90230.0,5.8,28.3,4.5,1.17,98.57,10.5,5.8,7.2,6.0
CA,6037,Los Angeles County,6037980008,6037980008,0.2549,88.2,90230.0,0.0,76.9,0.0,0.07,55.61,5.5,44.4,0.0,0.0
CA,6037,Los Angeles County,6037980009,6037980009,0.4999,10.0,90230.0,0.0,28.3,4.5,1.71,100.0,0.0,0.0,7.2,0.0
CA,6037,Los Angeles County,6037980010,6037980010,0.8257,49.7,90230.0,42.9,71.7,10.9,9.46,68.46,6.3,1.3,14.1,65.2
CA,6037,Los Angeles County,6037980011,6037980011,0.5027,47.6,250001.0,0.0,34.3,0.0,0.0,23.2,26.9,0.0,0.0,8.3
CA,6037,Los Angeles County,6037980012,6037980012,0.4999,10.0,90230.0,5.8,28.3,4.5,4.59,97.34,10.5,5.8,7.2,25.9
CA,6037,Los Angeles County,6037980013,6037980013,0.4999,10.0,90230.0,5.8,28.3,4.5,0.64,9.26,10.5,5.8,7.2,6.0
CA,6037,Los Angeles County,6037980014,6037980014,0.2281,80.0,90230.0,0.0,60.0,0.0,0.0,92.26,48.9,0.0,60.0,0.0
CA,6037,Los Angeles County,6037980015,6037980015,0.7103,30.9,64375.0,7.8,37.6,1.9,6.14,100.0,13.8,0.2,12.4,9.8
CA,6037,Los Angeles County,6037980016,6037980016,0.7746,0.3,69345.0,5.2,24.2,4.4,0.0,99.87,11.3,8.6,22.0,15.7
CA,6037,Los Angeles County,6037980017,6037980017,0.5735,69.6,90230.0,2.1,0.0,32.4,3.82,100.0,48.6,31.3,0.0,2.8
CA,6037,Los Angeles County,6037980018,6037980018,0.4999,10.0,90230.0,5.8,28.3,4.5,1.28,100.0,10.5,5.8,7.2,6.0
CA,6037,Los Angeles County,6037980019,6037980019,0.0035,17.7,108125.0,0.0,12.5,0.0,4.26,100.0,0.0,34.6,0.0,0.0
CA,6037,Los Angeles County,6037980020,6037980020,0.4999,10.0,90230.0,5.8,28.3,4.5,3.38,78.65,10.5,5.8,7.2,6.0
CA,6037,Los Angeles County,6037980021,6037980021,0.0095,0.0,90230.0,47.1,0.0,0.0,0.0,77.72,23.5,0.0,0.0,0.0
CA,6037,Los Angeles County,6037980022,6037980022,0.4999,10.0,90230.0,5.8,28.3,4.5,6.12,100.0,10.5,5.8,7.2,6.0
CA,6037,Los Angeles County,6037980023,6037980023,0.4999,10.0,90230.0,5.8,28.3,4.5,5.87,100.0,10.5,5.8,7.2,6.0
CA,6037,Los Angeles County,6037980024,6037980024,0.0852,19.7,90230.0,3.6,36.7,0.0,14.46,94.61,7.3,0.0,0.0,0.0
CA,6037,Los Angeles County,6037980025,6037980025,0.4032,1.5,75208.0,0.0,49.5,0.0,2.0,49.2,14.4,13.6,1.9,0.0
CA,6037,Los Angeles County,6037980026,6037980026,0.4999,10.0,90230.0,5.8,28.3,4.5,0.0,99.16,10.5,5.8,7.2,0.0
CA,6037,Los Angeles County,6037980028,6037980028,0.4999,10.0,90230.0,5.8,28.3,4.5,0.0,33.25,10.5,5.8,7.2,6.0
CA,6037,Los Angeles County,6037980030,6037980030,0.4999,10.0,90230.0,5.8,28.3,4.5,1.01,97.04,10.5,5.8,7.2,6.0
CA,6037,Los Angeles County,6037980031,6037980031,0.0811,0.0,90230.0,0.0,0.0,0.0,0.0,100.0,0.0,0.0,0.0,9.3
CA,6037,Los Angeles County,6037980033,6037980033,0.4999,0.0,90230.0,57.1,28.3,4.5,6.46,100.0,42.9,5.8,7.2,0.0
CA,6037,Los Angeles County,6037980034,6037980034,0.4999,10.0,90230.0,5.8,28.3,4.5,9.03,71.49,10.5,5.8,7.2,6.0
CA,6037,Los Angeles County,6037980035,6037980035,0.9247,3.7,66375.0,8.7,40.4,15.0,0.63,100.0,16.5,10.3,7.8,17.8
CA,6037,Los Angeles County,6037980036,6037980036,0.5202,24.6,145938.0,0.6,30.7,0.0,1.03,5.45,7.5,6.0,0.0,13.2
CA,6037,Los Angeles County,6037980037,6037980037,0.4999,10.0,90230.0,5.8,28.3,4.5,3.07,99.07,10.5,5.8,7.2,6.0
CA,6037,Los Angeles County,6037980038,6037980038,0.4999,10.0,90230.0,5.8,28.3,4.5,0.0,100.0,10.5,5.8,7.2,6.0
CA,6037,Los Angeles County,6037980039,6037980039,0.4999,10.0,90230.0,5.8,28.3,4.5,4.11,66.31,10.5,5.8,7.2,6.0
CA,6039,Madera County,6039000102,6039000102,0.4435,15.5,66159.0,6.6,23.9,0.5,4.97,100.0,17.5,15.7,9.2,0.1
CA,6039,Madera County,6039000103,6039000103,0.5247,11.4,70718.0,5.3,34.3,1.9,2.22,100.0,18.3,6.7,16.7,0.5
CA,6039,Madera County,6039000104,6039000104,0.4587,14.6,89301.0,6.8,24.3,0.8,0.86,90.22,20.6,6.4,7.6,1.5
CA,6039,Madera County,6039000106,6039000106,0.3324,2.3,100195.0,6.2,19.3,1.3,3.6,89.14,16.8,6.0,2.2,0.2
CA,6039,Madera County,6039000109,6039000109,0.407,5.7,95278.0,3.9,24.9,1.6,0.0,97.94,23.6,12.4,10.8,1.3
CA,6039,Madera County,6039000110,6039000110,0.3728,7.8,81206.0,3.9,25.9,2.6,7.61,22.62,18.8,13.3,12.3,0.0
CA,6039,Madera County,6039000111,6039000111,0.4369,23.4,77619.0,2.4,22.0,2.3,4.2,100.0,29.3,36.2,18.0,0.5
CA,6039,Madera County,6039000201,6039000201,0.7729,22.9,52768.0,8.5,21.9,8.7,11.64,97.94,15.6,11.7,36.5,5.6
CA,6039,Madera County,6039000203,6039000203,0.6367,14.8,70000.0,12.0,15.2,3.1,2.82,96.32,9.2,12.8,17.7,13.8
CA,6039,Madera County,6039000204,6039000204,0.4381,16.6,93198.0,10.4,19.3,2.7,0.0,50.46,11.3,9.7,7.8,4.3
CA,6039,Madera County,6039000301,6039000301,0.5507,19.1,69113.0,4.2,32.9,1.5,0.0,96.26,6.0,10.4,15.1,7.7
CA,6039,Madera County,6039000302,6039000302,0.8561,12.9,49512.0,7.7,42.2,17.4,0.05,65.58,18.3,8.0,16.2,5.6
CA,6039,Madera County,6039000506,6039000506,0.6702,11.9,80735.0,7.2,32.2,2.1,1.47,100.0,12.2,9.3,9.5,9.1
CA,6039,Madera County,6039000509,6039000509,0.3793,14.5,109919.0,2.1,20.2,0.9,2.55,93.26,15.2,5.8,5.7,4.4
CA,6039,Madera County,6039000510,6039000510,0.8494,21.6,76000.0,4.7,37.7,6.8,3.41,45.92,12.1,16.7,9.5,10.0
CA,6039,Madera County,6039000511,6039000511,0.8085,15.4,61739.0,5.0,40.9,2.1,2.6,30.08,12.8,12.7,7.9,17.8
CA,6039,Madera County,6039000512,6039000512,0.6428,14.4,83095.0,6.2,35.3,5.7,3.4,27.68,8.8,8.2,11.8,15.1
CA,6039,Madera County,6039000513,6039000513,0.8199,3.3,72538.0,9.4,32.7,0.0,5.47,44.11,14.5,13.7,7.8,28.2
CA,6039,Madera County,6039000514,6039000514,0.8129,31.9,86392.0,6.9,31.6,2.0,1.04,74.65,11.8,18.1,8.2,12.0
CA,6039,Madera County,6039000515,6039000515,0.7679,20.0,64292.0,8.3,31.1,4.9,1.43,90.69,22.9,2.6,8.9,13.9
CA,6039,Madera County,6039000516,6039000516,0.2006,2.4,113934.0,4.5,13.2,3.4,0.0,48.53,14.0,1.6,11.4,2.0
CA,6039,Madera County,6039000517,6039000517,0.6114,7.2,127143.0,12.6,22.4,4.8,0.58,0.0,15.4,2.4,10.7,16.3
CA,6039,Madera County,6039000518,6039000518,0.9646,29.9,45281.0,8.9,42.6,1.6,1.51,84.09,15.8,20.0,3.1,24.4
CA,6039,Madera County,6039000602,6039000602,0.952,35.5,39740.0,21.1,45.1,10.9,16.47,100.0,11.8,17.7,12.6,36.7
CA,6039,Madera County,6039000603,6039000603,0.8765,40.5,49694.0,9.3,43.4,4.9,0.27,27.74,10.2,17.0,11.1,26.5
CA,6039,Madera County,6039000604,6039000604,0.9346,20.7,55307.0,18.9,42.5,9.9,2.79,19.06,10.4,14.9,12.0,31.0
CA,6039,Madera County,6039000701,6039000701,0.384,10.9,78815.0,1.0,20.9,0.0,0.0,79.02,11.1,0.5,10.5,7.0
CA,6039,Madera County,6039000702,6039000702,0.7367,21.6,66319.0,3.5,32.9,3.6,3.33,14.8,16.7,15.8,6.5,5.5
CA,6039,Madera County,6039000801,6039000801,0.9289,46.7,33942.0,6.1,44.8,15.9,2.17,100.0,14.0,3.5,18.2,12.8
CA,6039,Madera County,6039000802,6039000802,0.9644,59.0,41458.0,9.8,52.2,6.2,0.48,29.94,12.8,9.4,13.4,26.3
CA,6039,Madera County,6039000901,6039000901,0.9624,31.1,33724.0,17.2,34.0,16.4,1.73,10.93,6.0,10.8,34.0,30.0
CA,6039,Madera County,6039000902,6039000902,0.8861,39.4,86791.0,7.8,39.5,8.8,3.98,75.87,10.8,18.9,5.9,14.5
CA,6039,Madera County,6039000903,6039000903,0.824,24.0,56615.0,12.5,26.0,7.0,5.83,54.03,8.6,8.0,10.4,41.6
CA,6039,Madera County,6039001100,6039001100,0.6681,14.2,100208.0,6.4,15.8,2.3,0.0,45.82,15.7,6.9,9.2,9.8
CA,6041,Marin County,6041101100,6041101100,0.0044,1.6,165938.0,1.3,17.6,0.0,0.25,90.89,8.6,3.8,9.2,0.1
CA,6041,Marin County,6041101200,6041101200,0.0612,2.6,153500.0,1.3,12.9,0.0,0.0,68.24,14.5,2.6,0.5,0.3
CA,6041,Marin County,6041102100,6041102100,0.0326,2.5,121845.0,2.4,17.3,1.2,0.0,60.96,12.5,4.7,0.6,0.9
CA,6041,Marin County,6041102202,6041102202,0.2756,9.2,116483.0,1.4,21.3,2.9,0.0,48.11,13.5,7.5,5.6,4.2
CA,6041,Marin County,6041102203,6041102203,0.7408,9.9,78704.0,4.5,28.3,8.5,0.0,8.65,11.8,7.3,9.3,6.3
CA,6041,Marin County,6041103100,6041103100,0.0652,2.5,158977.0,2.0,15.1,1.4,1.5,100.0,9.6,2.2,9.4,0.3
CA,6041,Marin County,6041103200,6041103200,0.6618,12.7,96731.0,5.0,28.3,9.4,6.49,34.11,12.5,13.1,14.7,9.6
CA,6041,Marin County,6041104102,6041104102,0.6414,18.6,99174.0,5.3,33.6,0.2,0.0,28.16,8.3,4.1,1.3,11.2
CA,6041,Marin County,6041104103,6041104103,0.1018,2.7,135341.0,0.8,10.1,0.0,0.24,59.8,9.5,2.5,4.0,3.6
CA,6041,Marin County,6041104104,6041104104,0.5119,13.9,145995.0,6.3,25.9,6.5,2.37,14.74,11.6,6.8,6.8,9.2
CA,6041,Marin County,6041104200,6041104200,0.0694,1.9,105741.0,1.9,18.5,4.2,3.43,59.25,9.2,5.7,1.3,3.8
CA,6041,Marin County,6041104300,6041104300,0.0098,4.2,161923.0,0.0,14.8,0.8,2.59,100.0,11.8,4.2,0.0,1.4
CA,6041,Marin County,6041105001,6041105001,0.7616,12.9,90804.0,0.6,38.3,3.4,5.63,100.0,10.2,16.1,11.5,6.2
CA,6041,Marin County,6041105002,6041105002,0.1322,1.5,125169.0,1.7,21.8,3.1,1.94,56.96,11.7,2.5,6.5,0.5
CA,6041,Marin County,6041106001,6041106001,0.6509,1.8,132379.0,16.2,23.1,4.2,3.48,82.21,10.4,3.7,1.8,7.0
CA,6041,Marin County,6041106002,6041106002,0.4872,7.5,119600.0,5.3,27.6,6.3,4.79,95.35,15.1,8.2,6.0,1.2
CA,6041,Marin County,6041107000,6041107000,0.0645,3.8,216524.0,5.1,11.3,3.1,4.3,70.17,10.8,2.4,3.1,0.6
CA,6041,Marin County,6041108100,6041108100,0.1941,4.0,136970.0,1.5,14.9,3.9,0.0,42.66,10.4,8.2,1.0,3.3
CA,6041,Marin County,6041108201,6041108201,0.8673,11.4,88750.0,11.5,44.1,24.2,0.0,78.32,19.5,10.8,19.4,15.9
CA,6041,Marin County,6041108202,6041108202,0.5308,14.3,109958.0,2.4,14.1,23.1,4.25,94.92,19.0,8.0,8.6,3.5
CA,6041,Marin County,6041109001,6041109001,0.4439,8.8,96486.0,4.5,31.9,10.9,4.78,70.8,9.2,4.1,9.1,9.4
CA,6041,Marin County,6041109002,6041109002,0.1368,4.6,144043.0,0.8,17.9,5.7,2.79,43.27,8.4,3.6,2.5,0.6
CA,6041,Marin County,6041110100,6041110100,0.2156,9.6,116122.0,0.6,25.3,1.2,3.21,49.7,11.2,6.9,4.7,1.5
CA,6041,Marin County,6041110200,6041110200,0.0085,2.6,212411.0,3.3,12.9,1.0,3.38,71.95,10.0,2.4,2.8,0.8
CA,6041,Marin County,6041111001,6041111001,0.3062,8.2,92339.0,0.9,31.4,15.4,0.0,84.15,16.0,0.0,7.4,0.0
CA,6041,Marin County,6041111002,6041111002,0.2537,10.0,87349.0,1.5,29.5,10.0,1.4,97.08,5.9,5.9,0.0,4.4
CA,6041,Marin County,6041112100,6041112100,0.3729,8.3,113558.0,3.0,27.5,1.2,0.0,31.01,7.0,5.5,4.7,4.8
CA,6041,Marin County,6041112202,6041112202,0.6794,8.9,102944.0,11.8,25.2,8.3,0.0,0.0,5.8,2.3,12.8,27.5
CA,6041,Marin County,6041112203,6041112203,0.769,11.6,94038.0,30.5,35.4,6.5,6.45,98.8,4.1,2.0,4.9,46.3
CA,6041,Marin County,6041112204,6041112204,0.959,24.5,71210.0,27.8,50.8,11.6,0.35,52.28,10.7,0.3,18.6,39.4
CA,6041,Marin County,6041113000,6041113000,0.1815,10.2,135491.0,3.5,18.1,4.3,1.39,95.68,10.2,3.8,11.9,0.0
CA,6041,Marin County,6041114100,6041114100,0.1209,10.0,131566.0,2.0,19.4,0.6,0.99,34.13,8.5,11.1,6.3,1.9
CA,6041,Marin County,6041114200,6041114200,0.3692,7.7,120121.0,2.5,27.7,5.6,7.49,69.43,11.2,9.2,3.7,0.6
CA,6041,Marin County,6041115000,6041115000,0.1481,3.3,167306.0,1.2,9.9,2.2,0.0,78.72,7.0,7.0,3.0,0.6
CA,6041,Marin County,6041116000,6041116000,0.0713,2.4,178705.0,0.7,20.0,4.1,0.0,14.98,6.8,4.5,1.4,0.0
CA,6041,Marin County,6041117000,6041117000,0.2075,6.1,172891.0,3.6,18.2,7.7,0.0,14.52,10.0,5.0,2.0,0.0
CA,6041,Marin County,6041118100,6041118100,0.0542,3.9,250001.0,0.9,11.9,3.8,1.18,78.23,6.6,3.1,2.3,0.0
CA,6041,Marin County,6041119100,6041119100,0.1962,3.8,197847.0,0.8,19.7,7.7,0.0,40.94,8.7,6.8,7.9,1.1
CA,6041,Marin County,6041119201,6041119201,0.4914,9.8,85739.0,3.4,35.3,8.6,0.0,13.4,12.5,3.0,8.1,5.1
CA,6041,Marin County,6041119202,6041119202,0.021,4.3,250001.0,1.1,5.8,2.8,0.0,43.67,6.5,1.7,1.6,0.9
CA,6041,Marin County,6041120001,6041120001,0.1555,1.8,127396.0,5.6,31.0,0.0,0.0,100.0,3.3,0.8,0.0,1.7
CA,6041,Marin County,6041120002,6041120002,0.2644,5.8,203393.0,1.7,21.7,5.8,2.22,79.43,11.7,9.5,2.1,1.6
CA,6041,Marin County,6041121100,6041121100,0.1155,6.6,177754.0,1.0,10.4,2.1,0.0,28.2,8.4,6.9,1.3,0.4
CA,6041,Marin County,6041121200,6041121200,0.1983,4.7,211083.0,3.9,15.8,2.5,3.85,45.62,8.8,2.7,3.2,0.8
CA,6041,Marin County,6041122000,6041122000,0.4999,10.0,90230.0,5.8,28.3,4.5,0.03,97.23,10.5,5.8,7.2,4.1
CA,6041,Marin County,6041123000,6041123000,0.0154,6.0,250001.0,0.4,17.2,1.0,2.71,39.4,8.6,1.4,1.6,0.7
CA,6041,Marin County,6041124100,6041124100,0.0179,2.5,202153.0,2.5,17.1,0.6,5.07,41.32,6.4,2.2,2.4,1.9
CA,6041,Marin County,6041124200,6041124200,0.108,1.7,205179.0,1.8,10.1,0.6,4.87,72.08,8.0,16.6,1.6,3.4
CA,6041,Marin County,6041125000,6041125000,0.2903,11.1,119069.0,1.2,28.5,5.2,6.52,50.0,5.1,5.0,3.8,0.7
CA,6041,Marin County,6041126100,6041126100,0.0162,4.1,230057.0,1.3,9.7,0.6,0.0,32.83,6.0,6.7,1.8,0.6
CA,6041,Marin County,6041126200,6041126200,0.3668,5.2,164615.0,2.7,16.8,9.9,1.09,24.92,11.6,9.0,6.2,0.6
CA,6041,Marin County,6041127000,6041127000,0.0647,4.2,210865.0,1.7,17.9,1.0,0.0,32.95,8.0,7.1,1.3,0.4
CA,6041,Marin County,6041128100,6041128100,0.1134,3.1,228652.0,1.9,12.4,4.0,2.4,51.03,7.8,5.0,3.3,2.6
CA,6041,Marin County,6041128200,6041128200,0.0217,5.5,239625.0,0.6,16.3,1.6,0.75,49.72,5.4,5.0,1.5,0.2
CA,6041,Marin County,6041129000,6041129000,0.6069,10.7,70147.0,9.0,49.6,8.4,0.0,17.54,8.3,5.0,9.2,7.5
CA,6041,Marin County,6041130201,6041130201,0.0838,9.0,184814.0,0.4,17.1,3.5,0.0,51.76,14.5,3.6,4.8,0.0
CA,6041,Marin County,6041130203,6041130203,0.1338,9.6,141172.0,0.0,23.4,4.7,0.0,80.97,8.0,13.1,9.8,0.0
CA,6041,Marin County,6041130204,6041130204,0.028,3.3,126694.0,1.2,11.6,3.0,3.65,57.35,4.9,5.4,4.4,0.0
CA,6041,Marin County,6041131100,6041131100,0.1185,10.6,191042.0,4.2,17.4,0.0,0.0,100.0,3.0,4.8,0.0,1.9
CA,6041,Marin County,6041132100,6041132100,0.1528,10.3,96875.0,3.4,28.2,0.0,3.92,100.0,8.4,1.6,11.3,2.3
CA,6041,Marin County,6041132200,6041132200,0.3067,10.9,76088.0,2.8,30.4,4.6,8.35,90.08,18.2,10.0,8.6,0.0
CA,6041,Marin County,6041133000,6041133000,0.15,7.4,132500.0,1.5,23.8,0.3,6.01,87.74,7.2,3.8,11.1,1.2
CA,6043,Mariposa County,6043000101,6043000101,0.697,24.5,47969.0,6.2,33.1,5.2,2.35,85.23,31.2,3.7,12.0,1.2
CA,6043,Mariposa County,6043000102,6043000102,0.4782,17.6,62604.0,6.1,29.4,3.3,0.0,100.0,14.6,8.0,15.0,0.6
CA,6043,Mariposa County,6043000200,6043000200,0.4448,16.3,68125.0,5.2,29.2,8.4,1.71,99.11,18.5,2.9,24.5,1.0
CA,6043,Mariposa County,6043000301,6043000301,0.5081,10.1,61139.0,6.5,25.9,4.4,0.55,98.63,17.9,4.5,13.6,0.6
CA,6043,Mariposa County,6043000302,6043000302,0.3775,10.0,60417.0,3.0,30.9,2.2,2.24,99.49,19.4,18.0,19.4,2.7
CA,6043,Mariposa County,6043000400,6043000400,0.5321,16.9,51148.0,17.2,23.7,9.0,5.23,69.75,7.9,5.0,1.3,9.6
CA,6045,Mendocino County,6045010100,6045010100,0.8529,29.1,47151.0,14.7,25.5,7.2,1.57,83.68,16.0,20.8,37.1,9.4
CA,6045,Mendocino County,6045010200,6045010200,0.7094,27.0,37807.0,20.2,39.9,6.4,8.86,94.03,21.2,17.9,25.1,0.1
CA,6045,Mendocino County,6045010300,6045010300,0.614,7.0,54558.0,8.2,39.9,2.6,1.62,93.97,21.9,11.8,14.9,1.4
CA,6045,Mendocino County,6045010400,6045010400,0.6072,18.8,58508.0,4.6,44.1,12.1,1.96,43.14,26.9,2.7,12.5,1.0
CA,6045,Mendocino County,6045010500,6045010500,0.9596,23.1,41607.0,5.3,53.1,24.0,2.76,26.84,17.7,8.4,12.5,5.9
CA,6045,Mendocino County,6045010601,6045010601,0.404,11.0,66250.0,10.3,29.7,1.0,4.88,85.81,20.5,14.0,10.5,0.0
CA,6045,Mendocino County,6045010602,6045010602,0.3749,5.4,82917.0,6.5,28.6,1.4,4.02,100.0,21.1,6.3,14.7,0.0
CA,6045,Mendocino County,6045010700,6045010700,0.8213,12.6,56587.0,4.8,37.1,14.3,2.82,39.26,20.2,10.3,19.5,1.4
CA,6045,Mendocino County,6045010801,6045010801,0.6872,27.8,74722.0,11.3,32.3,6.3,1.91,81.89,14.1,7.3,8.3,3.7
CA,6045,Mendocino County,6045010802,6045010802,0.2952,8.9,57163.0,2.8,29.1,0.0,0.92,100.0,19.4,4.6,10.6,0.0
CA,6045,Mendocino County,6045010900,6045010900,0.7895,7.3,66023.0,8.6,27.2,5.6,8.74,96.91,17.3,12.8,13.9,7.9
CA,6045,Mendocino County,6045011001,6045011001,0.4622,14.7,40529.0,8.1,35.7,0.8,1.22,97.86,19.3,10.2,16.1,0.5
CA,6045,Mendocino County,6045011003,6045011003,0.3708,11.6,62723.0,1.5,25.3,4.6,1.88,53.42,32.9,15.2,10.6,0.3
CA,6045,Mendocino County,6045011004,6045011004,0.2018,9.3,73365.0,6.1,25.2,0.0,6.59,2.72,11.4,4.6,9.4,0.0
CA,6045,Mendocino County,6045011102,6045011102,0.4937,8.2,83135.0,10.5,24.4,4.0,0.0,94.31,12.8,6.0,11.5,2.4
CA,6045,Mendocino County,6045011200,6045011200,0.6155,19.0,52725.0,13.9,26.3,2.1,3.53,82.52,13.1,10.1,5.6,5.4
CA,6045,Mendocino County,6045011300,6045011300,0.8782,21.8,61161.0,16.2,30.4,6.5,0.0,47.16,25.8,2.9,11.9,12.2
CA,6045,Mendocino County,6045011400,6045011400,0.4721,10.8,96212.0,6.7,27.6,0.0,0.48,47.93,15.5,6.1,6.3,3.6
CA,6045,Mendocino County,6045011501,6045011501,0.5894,9.5,88420.0,6.0,32.5,21.3,10.38,34.36,13.1,9.7,21.8,3.3
CA,6045,Mendocino County,6045011502,6045011502,0.946,14.0,59688.0,10.3,41.1,9.5,0.0,3.68,16.0,7.8,8.3,6.5
CA,6045,Mendocino County,6045011600,6045011600,0.9423,25.7,46009.0,10.9,40.7,24.0,4.23,20.28,21.5,8.6,18.0,12.9
CA,6045,Mendocino County,6045011700,6045011700,0.5821,21.3,92143.0,7.6,24.1,1.4,0.26,81.35,17.5,5.5,8.0,2.3
CA,6045,Mendocino County,6045011800,6045011800,0.8239,22.1,61793.0,15.6,37.4,5.0,3.92,100.0,11.9,17.5,15.0,11.0
CA,6047,Merced County,6047000201,6047000201,0.6175,14.6,101250.0,9.4,17.5,0.7,0.0,85.84,12.6,9.4,7.5,13.2
CA,6047,Merced County,6047000202,6047000202,0.771,15.6,74375.0,14.8,28.2,4.3,0.0,97.92,12.4,4.7,8.4,16.3
CA,6047,Merced County,6047000204,6047000204,0.7257,20.6,75570.0,7.3,34.1,8.9,0.17,9.67,3.7,7.1,7.2,15.9
CA,6047,Merced County,6047000205,6047000205,0.801,7.7,61654.0,8.5,33.8,2.7,6.92,99.29,19.1,11.2,4.2,24.2
CA,6047,Merced County,6047000301,6047000301,0.7211,20.8,68646.0,8.2,28.1,3.1,5.3,72.73,9.3,4.5,2.3,25.2
CA,6047,Merced County,6047000303,6047000303,0.4959,13.3,82841.0,15.6,20.6,4.3,3.96,97.0,6.7,4.0,11.0,9.9
CA,6047,Merced County,6047000305,6047000305,0.8903,10.2,76318.0,5.9,21.9,7.1,2.16,16.12,14.2,15.5,11.0,21.7
CA,6047,Merced County,6047000306,6047000306,0.7458,25.7,54471.0,6.3,32.8,9.8,8.32,55.3,14.4,5.5,3.2,22.1
CA,6047,Merced County,6047000401,6047000401,0.7374,14.7,60038.0,8.3,24.7,19.5,9.53,96.74,14.1,10.3,19.1,16.3
CA,6047,Merced County,6047000403,6047000403,0.6748,24.1,70200.0,4.9,26.8,1.4,2.47,96.56,11.6,9.7,12.0,15.4
CA,6047,Merced County,6047000404,6047000404,0.4545,8.8,76319.0,6.1,26.0,2.0,0.13,0.67,17.4,5.8,8.3,7.1
CA,6047,Merced County,6047000503,6047000503,0.7702,26.8,77422.0,4.1,13.7,4.1,8.27,100.0,15.8,12.8,9.7,7.8
CA,6047,Merced County,6047000504,6047000504,0.818,15.1,52728.0,10.6,34.7,4.2,0.0,62.53,12.5,8.4,9.3,21.1
CA,6047,Merced County,6047000505,6047000505,0.7892,14.4,64779.0,6.9,27.1,4.8,0.0,69.97,9.7,14.7,9.8,15.4
CA,6047,Merced County,6047000601,6047000601,0.8671,27.3,50234.0,15.3,40.3,5.5,3.42,56.45,14.3,7.0,13.3,16.1
CA,6047,Merced County,6047000602,6047000602,0.7698,14.9,64463.0,9.1,30.4,8.0,0.0,4.94,14.2,6.9,9.3,13.7
CA,6047,Merced County,6047000603,6047000603,0.9223,16.7,63901.0,13.3,29.5,8.8,3.09,51.62,15.1,16.6,6.3,11.2
CA,6047,Merced County,6047000701,6047000701,0.8853,25.4,54375.0,5.6,33.6,9.9,0.0,7.9,13.3,12.0,9.5,13.4
CA,6047,Merced County,6047000702,6047000702,0.5342,11.5,120775.0,10.2,10.7,16.1,0.0,92.45,12.2,3.8,9.1,4.2
CA,6047,Merced County,6047000801,6047000801,0.8384,13.2,62545.0,10.9,44.2,1.1,6.43,73.66,15.7,13.5,3.6,12.4
CA,6047,Merced County,6047000802,6047000802,0.7265,12.4,76397.0,4.5,31.5,5.9,7.22,76.39,10.7,8.2,8.4,12.4
CA,6047,Merced County,6047000901,6047000901,0.7384,16.9,62542.0,9.7,27.9,0.8,2.75,100.0,8.6,7.2,19.7,15.5
CA,6047,Merced County,6047000903,6047000903,0.7902,16.8,53298.0,4.1,43.3,12.7,3.75,2.7,16.8,5.8,16.5,9.7
CA,6047,Merced County,6047000904,6047000904,0.5691,15.1,86471.0,6.9,27.6,1.2,3.43,93.95,13.6,8.8,14.4,10.3
CA,6047,Merced County,6047001003,6047001003,0.8957,30.3,50114.0,10.3,42.0,14.0,0.62,9.3,18.8,8.7,7.1,9.5
CA,6047,Merced County,6047001004,6047001004,0.8884,26.0,52031.0,8.1,52.3,18.5,3.07,21.8,16.9,7.3,10.1,5.3
CA,6047,Merced County,6047001005,6047001005,0.8602,24.8,48506.0,7.4,45.4,6.4,4.96,23.24,14.2,10.6,8.9,5.2
CA,6047,Merced County,6047001006,6047001006,0.6336,24.3,70759.0,5.6,32.5,2.0,0.0,13.98,17.0,19.1,7.6,0.7
CA,6047,Merced County,6047001007,6047001007,0.4559,27.1,86007.0,10.6,31.3,0.8,2.99,34.5,8.1,18.5,6.1,8.9
CA,6047,Merced County,6047001008,6047001008,0.5483,7.7,133208.0,4.8,12.0,2.1,1.4,8.97,7.3,9.5,2.6,7.8
CA,6047,Merced County,6047001101,6047001101,0.334,12.2,88092.0,2.5,24.1,0.0,0.0,33.48,15.9,14.6,2.3,1.3
CA,6047,Merced County,6047001200,6047001200,0.6112,10.6,70957.0,1.8,25.0,5.5,2.36,69.33,16.2,5.9,7.5,6.9
CA,6047,Merced County,6047001301,6047001301,0.868,29.3,43750.0,6.9,39.4,20.2,2.29,15.72,22.8,25.9,6.4,2.2
CA,6047,Merced County,6047001302,6047001302,0.9487,38.2,36550.0,10.5,56.9,19.8,4.7,6.24,15.3,25.5,13.3,6.4
CA,6047,Merced County,6047001401,6047001401,0.8935,34.3,38589.0,3.6,40.1,17.8,8.28,22.72,19.2,9.7,13.7,3.4
CA,6047,Merced County,6047001402,6047001402,0.9051,25.5,51400.0,5.2,43.0,11.3,9.01,89.48,15.3,12.7,11.1,5.3
CA,6047,Merced County,6047001501,6047001501,0.483,8.3,68571.0,6.9,23.8,2.6,1.1,89.05,13.2,7.4,11.7,12.5
CA,6047,Merced County,6047001502,6047001502,0.9327,22.5,41216.0,16.8,41.6,18.0,1.96,13.98,15.2,11.7,17.8,36.9
CA,6047,Merced County,6047001503,6047001503,0.9611,53.5,31498.0,6.9,45.5,10.7,0.0,0.0,17.0,20.8,14.2,17.1
CA,6047,Merced County,6047001601,6047001601,0.9816,37.8,46510.0,30.3,39.9,17.5,3.22,30.04,11.1,12.2,5.7,40.0
CA,6047,Merced County,6047001603,6047001603,0.895,23.1,54129.0,18.3,44.9,5.4,0.0,24.03,9.2,18.2,4.3,23.9
CA,6047,Merced County,6047001604,6047001604,0.9287,22.1,63824.0,13.8,42.3,6.0,2.67,54.37,11.1,9.0,10.7,22.2
CA,6047,Merced County,6047001700,6047001700,0.8138,35.6,49536.0,9.6,41.4,10.1,3.54,75.77,10.4,3.9,11.9,7.7
CA,6047,Merced County,6047001801,6047001801,0.3294,16.8,102695.0,1.5,18.6,4.7,3.08,82.08,10.3,26.6,3.7,2.0
CA,6047,Merced County,6047001901,6047001901,0.886,27.1,48438.0,12.1,20.9,6.9,8.97,58.89,12.2,9.9,27.3,32.6
CA,6047,Merced County,6047001902,6047001902,0.8588,15.4,57031.0,9.2,31.2,9.1,3.63,95.6,10.4,8.6,19.9,14.9
CA,6047,Merced County,6047002001,6047002001,0.8994,26.7,59779.0,17.2,6.0,13.3,2.61,100.0,14.9,31.0,17.8,25.5
CA,6047,Merced County,6047002002,6047002002,0.7579,5.6,51697.0,5.9,37.4,5.5,4.57,66.7,22.6,12.7,11.5,14.6
CA,6047,Merced County,6047002100,6047002100,0.7166,10.1,68654.0,16.8,19.4,7.0,9.42,94.45,10.2,11.2,18.3,16.1
CA,6047,Merced County,6047002201,6047002201,0.9555,22.3,53906.0,10.0,36.1,11.7,2.82,23.03,10.3,13.1,19.9,17.4
CA,6047,Merced County,6047002203,6047002203,0.654,10.6,84295.0,10.1,30.9,4.7,5.77,0.84,12.5,3.7,6.2,17.3
CA,6047,Merced County,6047002204,6047002204,0.7282,9.2,85698.0,9.0,29.0,1.0,0.0,58.92,9.0,17.3,5.2,11.2
CA,6047,Merced County,6047002301,6047002301,0.3941,12.8,92969.0,4.4,17.9,0.8,2.92,45.11,6.3,3.0,10.6,15.0
CA,6047,Merced County,6047002303,6047002303,0.9201,24.6,39107.0,8.0,42.3,10.3,5.91,92.84,10.6,10.1,20.7,14.1
CA,6047,Merced County,6047002304,6047002304,0.6374,39.5,59205.0,4.3,39.5,1.4,2.49,83.61,7.8,8.9,37.9,9.6
CA,6047,Merced County,6047002305,6047002305,0.6928,3.1,88000.0,11.9,31.1,6.4,4.02,21.32,13.2,5.6,12.2,8.1
CA,6047,Merced County,6047002306,6047002306,0.5846,4.3,92618.0,19.5,27.6,9.8,2.19,24.77,10.9,2.9,16.4,14.7
CA,6047,Merced County,6047002401,6047002401,0.6518,19.1,43495.0,13.9,25.4,13.6,11.06,95.32,6.4,10.6,20.9,23.8
CA,6047,Merced County,6047002403,6047002403,0.9254,13.8,40000.0,18.6,33.4,11.8,4.25,32.04,14.5,14.8,22.8,32.7
CA,6047,Merced County,6047002404,6047002404,0.8044,15.2,52335.0,14.6,29.6,6.2,0.0,7.43,12.0,11.0,16.3,15.3
CA,6047,Merced County,6047002500,6047002500,0.6905,11.8,87109.0,10.7,20.2,4.5,12.16,100.0,14.6,12.7,3.5,12.3
CA,6047,Merced County,6047002601,6047002601,0.6513,9.1,102500.0,4.4,33.4,5.0,5.45,2.54,9.9,10.3,18.1,13.5
CA,6047,Merced County,6047002602,6047002602,0.2419,9.0,115139.0,7.1,21.4,2.2,0.83,64.37,10.4,5.9,3.8,3.5
CA,6049,Modoc County,6049000100,6049000100,0.7106,18.7,50369.0,3.0,25.3,13.7,4.64,53.72,16.8,9.2,24.6,3.3
CA,6049,Modoc County,6049000200,6049000200,0.5816,12.6,58884.0,8.7,16.1,0.7,0.99,100.0,18.2,8.7,18.3,1.8
CA,6049,Modoc County,6049000300,6049000300,0.4537,20.3,59781.0,15.6,11.8,1.1,0.0,100.0,22.3,4.7,20.9,3.4
CA,6049,Modoc County,6049000400,6049000400,0.4967,11.7,48594.0,8.9,25.8,0.9,0.0,98.8,8.1,7.4,14.9,0.2
CA,6051,Mono County,6051000101,6051000101,0.4509,19.7,91630.0,7.2,28.5,5.6,0.0,95.46,8.2,1.8,9.6,1.2
CA,6051,Mono County,6051000102,6051000102,0.3982,6.4,72011.0,11.3,11.6,2.5,0.0,100.0,8.7,6.1,3.9,3.0
CA,6051,Mono County,6051000201,6051000201,0.3379,10.6,99136.0,14.4,21.9,2.0,14.11,34.1,3.5,2.4,10.6,7.5
CA,6051,Mono County,6051000202,6051000202,0.4287,7.5,69231.0,23.4,22.4,0.0,0.58,97.23,11.2,0.0,13.9,4.0
CA,6053,Monterey County,6053000101,6053000101,0.5377,5.9,125543.0,12.7,22.3,4.9,4.64,100.0,10.8,2.6,13.4,14.1
CA,6053,Monterey County,6053000103,6053000103,0.8171,11.3,84700.0,6.6,33.9,19.6,0.24,15.34,14.2,5.0,9.2,20.1
CA,6053,Monterey County,6053000104,6053000104,0.524,6.5,108150.0,9.9,21.6,2.4,0.0,37.21,11.9,5.2,5.0,12.8
CA,6053,Monterey County,6053000105,6053000105,0.3321,4.1,132313.0,5.5,13.6,0.6,0.0,100.0,15.9,6.9,0.0,9.0
CA,6053,Monterey County,6053000106,6053000106,0.4612,5.0,104313.0,14.8,18.6,0.5,5.99,34.39,7.3,7.2,4.5,17.2
CA,6053,Monterey County,6053000200,6053000200,0.4835,18.3,102816.0,12.0,22.6,1.7,3.65,74.21,10.7,1.0,8.7,27.4
CA,6053,Monterey County,6053000300,6053000300,0.6093,9.7,85284.0,12.5,28.3,5.5,0.0,39.8,13.6,3.3,9.2,11.7
CA,6053,Monterey County,6053000400,6053000400,0.9633,15.1,67917.0,14.3,41.0,6.7,4.28,13.9,7.3,6.9,11.5,23.0
CA,6053,Monterey County,6053000501,6053000501,0.9598,38.9,45792.0,23.3,60.9,8.7,6.51,54.49,3.7,12.1,7.1,53.6
CA,6053,Monterey County,6053000502,6053000502,0.9218,26.2,58306.0,13.0,41.0,1.5,1.26,9.74,7.7,3.7,8.3,30.5
CA,6053,Monterey County,6053000600,6053000600,0.9689,28.7,57525.0,16.9,52.8,4.1,0.0,11.68,5.2,9.8,9.8,33.7
CA,6053,Monterey County,6053000701,6053000701,0.9208,21.0,62412.0,21.6,41.9,8.8,0.0,1.24,6.8,6.5,10.4,42.7
CA,6053,Monterey County,6053000702,6053000702,0.9046,16.6,67477.0,19.8,46.9,0.5,0.7,83.22,5.0,0.8,8.0,38.9
CA,6053,Monterey County,6053000800,6053000800,0.9863,15.4,68433.0,18.0,32.9,5.6,0.0,2.61,13.3,11.5,9.7,39.3
CA,6053,Monterey County,6053000900,6053000900,0.8049,17.5,59717.0,16.1,36.5,7.5,0.0,25.25,8.8,4.2,15.9,36.1
CA,6053,Monterey County,6053001200,6053001200,0.6627,15.1,88750.0,7.5,26.6,8.8,6.81,35.84,16.8,3.1,3.6,9.0
CA,6053,Monterey County,6053001300,6053001300,0.9184,22.2,47813.0,12.2,46.5,27.7,0.69,0.24,6.1,4.4,13.8,33.5
CA,6053,Monterey County,6053001400,6053001400,0.4046,13.9,101250.0,2.9,28.2,4.3,7.01,29.89,8.6,5.4,3.1,1.8
CA,6053,Monterey County,6053001500,6053001500,0.5921,7.6,87201.0,9.1,28.4,2.3,0.0,42.41,5.7,3.2,4.2,7.4
CA,6053,Monterey County,6053001600,6053001600,0.3919,4.8,108750.0,1.3,17.0,5.7,0.0,100.0,10.6,5.1,10.1,2.4
CA,6053,Monterey County,6053001700,6053001700,0.7671,15.2,83125.0,11.8,33.7,4.8,0.0,83.34,11.9,5.3,8.0,26.8
CA,6053,Monterey County,6053001801,6053001801,0.6082,9.5,97378.0,5.8,18.0,1.5,0.0,49.03,6.9,6.0,2.2,13.6
CA,6053,Monterey County,6053001802,6053001802,0.8902,15.2,75326.0,15.0,38.2,2.7,0.0,3.86,7.2,5.1,7.9,25.7
CA,6053,Monterey County,6053010101,6053010101,0.9909,16.4,62321.0,18.0,41.2,6.2,6.01,70.73,10.2,19.1,11.6,32.0
CA,6053,Monterey County,6053010102,6053010102,0.3794,6.3,151875.0,5.5,15.2,1.9,0.0,99.65,17.2,10.8,0.0,3.0
CA,6053,Monterey County,6053010202,6053010202,0.6135,6.3,88378.0,17.7,30.3,4.9,0.0,100.0,8.5,3.3,3.7,16.3
CA,6053,Monterey County,6053010305,6053010305,0.3811,6.9,122500.0,4.5,15.7,1.0,2.54,89.51,11.8,7.8,8.2,5.3
CA,6053,Monterey County,6053010306,6053010306,0.5197,9.9,51667.0,4.5,35.2,2.8,11.33,98.43,8.6,2.6,14.4,16.7
CA,6053,Monterey County,6053010400,6053010400,0.9373,17.0,74592.0,15.9,39.8,2.8,0.0,47.16,12.4,2.6,16.6,31.3
CA,6053,Monterey County,6053010501,6053010501,0.5145,3.0,110690.0,4.2,18.3,1.4,0.0,87.95,11.7,8.9,7.0,10.7
CA,6053,Monterey County,6053010504,6053010504,0.6695,9.8,83566.0,16.8,27.3,0.9,2.58,4.83,7.1,6.4,5.8,20.1
CA,6053,Monterey County,6053010505,6053010505,0.8124,5.4,81794.0,12.9,25.1,3.3,5.63,79.85,9.2,5.8,7.1,14.4
CA,6053,Monterey County,6053010506,6053010506,0.9071,16.9,60900.0,20.0,43.5,2.9,1.54,37.41,5.0,3.6,4.9,33.7
CA,6053,Monterey County,6053010603,6053010603,0.3334,5.8,136250.0,6.0,6.7,1.8,0.79,50.1,8.4,5.5,5.6,13.9
CA,6053,Monterey County,6053010604,6053010604,0.6473,5.8,101250.0,8.7,21.0,7.2,0.29,20.18,7.8,2.5,7.1,24.1
CA,6053,Monterey County,6053010605,6053010605,0.7419,5.5,94776.0,12.0,25.2,7.4,2.85,16.56,9.5,6.2,9.1,28.9
CA,6053,Monterey County,6053010606,6053010606,0.8559,19.8,84688.0,12.6,33.7,2.3,0.0,44.91,5.5,6.0,12.8,23.3
CA,6053,Monterey County,6053010607,6053010607,0.8586,17.1,75333.0,16.2,41.6,0.0,0.0,44.6,2.7,5.5,7.1,36.9
CA,6053,Monterey County,6053010608,6053010608,0.7689,15.6,104688.0,17.4,32.4,1.8,1.39,76.71,5.8,1.6,10.7,31.5
CA,6053,Monterey County,6053010702,6053010702,0.0571,3.0,176000.0,3.8,9.8,0.0,6.22,96.03,7.8,4.5,2.0,1.9
CA,6053,Monterey County,6053010804,6053010804,0.6929,12.1,58571.0,11.8,31.7,1.8,1.82,35.88,2.9,1.6,4.2,26.8
CA,6053,Monterey County,6053010900,6053010900,0.4999,10.0,90230.0,5.8,28.3,4.5,0.0,96.28,10.5,5.8,7.2,5.3
CA,6053,Monterey County,6053011001,6053011001,0.1316,8.5,133365.0,1.7,18.4,3.6,0.78,15.22,7.7,5.8,4.0,0.0
CA,6053,Monterey County,6053011002,6053011002,0.2387,10.9,151845.0,6.0,21.9,1.3,0.0,5.36,12.4,0.0,12.9,4.9
CA,6053,Monterey County,6053011101,6053011101,0.7225,13.4,54559.0,6.7,46.9,9.7,4.76,45.5,13.3,0.4,28.3,16.1
CA,6053,Monterey County,6053011103,6053011103,0.7485,15.2,68542.0,12.5,37.2,2.6,2.93,100.0,4.5,3.8,12.2,38.3
CA,6053,Monterey County,6053011104,6053011104,0.6485,20.9,89596.0,11.7,25.9,3.1,17.13,91.19,2.5,1.3,5.0,25.8
CA,6053,Monterey County,6053011105,6053011105,0.7586,18.6,56604.0,8.2,33.8,4.5,1.81,97.29,4.8,3.2,19.1,22.4
CA,6053,Monterey County,6053011106,6053011106,0.2327,1.9,121923.0,2.7,11.5,0.0,3.06,97.6,5.2,3.5,8.0,8.0
CA,6053,Monterey County,6053011202,6053011202,0.8473,14.1,81058.0,12.9,34.5,4.2,0.0,42.93,6.5,1.0,12.9,33.3
CA,6053,Monterey County,6053011203,6053011203,0.7246,9.8,70058.0,13.9,39.5,7.1,6.21,42.78,4.9,1.9,8.9,34.3
CA,6053,Monterey County,6053011204,6053011204,0.6623,12.2,74837.0,9.6,29.9,1.8,0.17,93.15,1.9,0.7,6.8,24.7
CA,6053,Monterey County,6053011302,6053011302,0.8789,26.1,51596.0,12.9,45.3,8.3,0.0,4.51,7.7,3.1,10.3,38.4
CA,6053,Monterey County,6053011303,6053011303,0.4909,7.8,115075.0,4.7,17.8,2.9,0.19,67.27,15.9,3.1,9.1,15.7
CA,6053,Monterey County,6053011305,6053011305,0.6448,15.2,74620.0,6.5,33.7,0.0,0.0,96.06,5.9,2.7,10.1,23.6
CA,6053,Monterey County,6053011306,6053011306,0.8367,16.4,75875.0,23.0,29.5,2.9,2.41,36.29,6.2,9.5,12.2,37.4
CA,6053,Monterey County,6053011400,6053011400,0.3947,14.2,84196.0,4.1,22.6,0.6,3.6,97.84,5.7,9.5,15.0,5.7
CA,6053,Monterey County,6053011502,6053011502,0.316,17.6,95477.0,2.1,22.2,0.0,0.0,96.92,2.8,2.3,4.2,8.8
CA,6053,Monterey County,6053011604,6053011604,0.5378,8.4,84625.0,5.8,32.7,4.6,1.75,77.63,13.4,4.2,13.9,9.0
CA,6053,Monterey County,6053011605,6053011605,0.2473,5.3,96786.0,1.0,28.7,6.3,0.87,99.67,18.1,9.0,12.1,1.1
CA,6053,Monterey County,6053011606,6053011606,0.1735,6.8,170298.0,0.6,3.0,4.3,0.0,100.0,6.3,2.9,0.9,1.7
CA,6053,Monterey County,6053011700,6053011700,0.161,8.2,153561.0,3.2,24.4,9.0,4.81,54.36,9.6,3.1,5.9,0.5
CA,6053,Monterey County,6053011801,6053011801,0.0128,0.0,138276.0,0.0,18.2,1.7,1.88,13.25,15.6,1.9,2.2,0.0
CA,6053,Monterey County,6053011802,6053011802,0.153,1.3,111696.0,0.0,34.4,5.4,7.01,23.0,10.5,0.2,6.9,1.5
CA,6053,Monterey County,6053011901,6053011901,0.1908,3.1,150625.0,4.5,11.9,4.8,0.0,38.01,17.0,5.4,5.5,0.0
CA,6053,Monterey County,6053011902,6053011902,0.0597,4.6,127857.0,0.4,19.6,10.9,4.63,94.66,14.9,4.4,9.5,0.4
CA,6053,Monterey County,6053012000,6053012000,0.5629,6.2,104464.0,3.7,26.1,4.9,1.14,24.43,13.0,4.5,7.5,2.3
CA,6053,Monterey County,6053012100,6053012100,0.3289,5.7,121615.0,0.4,21.9,8.1,0.44,17.19,15.2,7.5,7.0,1.3
CA,6053,Monterey County,6053012200,6053012200,0.3681,9.1,109444.0,3.7,24.5,1.4,0.0,4.06,12.9,5.2,7.2,0.2
CA,6053,Monterey County,6053012302,6053012302,0.079,5.2,108319.0,6.7,25.6,5.4,6.66,100.0,6.8,1.0,4.6,0.6
CA,6053,Monterey County,6053012401,6053012401,0.3386,7.6,95625.0,3.4,18.2,7.9,3.96,12.47,10.0,6.6,5.7,0.5
CA,6053,Monterey County,6053012402,6053012402,0.4136,8.6,87228.0,5.0,33.6,7.0,1.09,86.46,16.9,9.3,4.9,1.7
CA,6053,Monterey County,6053012503,6053012503,0.1062,6.6,107031.0,4.7,26.2,6.6,2.15,87.88,12.8,2.2,8.6,0.9
CA,6053,Monterey County,6053012504,6053012504,0.3019,15.8,74397.0,8.9,36.6,1.5,6.39,98.12,11.9,1.8,6.3,5.5
CA,6053,Monterey County,6053012601,6053012601,0.3215,15.1,88438.0,0.0,29.5,16.4,4.88,66.04,20.0,8.0,0.0,0.8
CA,6053,Monterey County,6053012700,6053012700,0.3445,7.7,83468.0,5.7,37.5,7.5,0.0,35.82,10.0,6.4,9.1,3.1
CA,6053,Monterey County,6053012800,6053012800,0.2447,4.6,146164.0,3.8,18.6,10.6,0.0,44.89,17.0,2.9,7.4,2.3
CA,6053,Monterey County,6053013000,6053013000,0.4155,9.5,97301.0,5.1,28.5,10.9,11.36,95.93,10.5,14.2,8.6,3.2
CA,6053,Monterey County,6053013100,6053013100,0.0363,1.6,105250.0,0.0,11.3,4.7,0.0,96.38,4.2,6.7,0.8,0.3
CA,6053,Monterey County,6053013200,6053013200,0.1261,6.2,180774.0,1.8,12.8,0.8,0.0,100.0,10.8,15.1,3.9,0.8
CA,6053,Monterey County,6053013300,6053013300,0.4648,22.5,83735.0,10.2,33.5,3.9,6.91,23.78,7.1,1.0,3.2,11.2
CA,6053,Monterey County,6053013400,6053013400,0.1468,5.6,121667.0,4.3,19.6,1.9,0.0,67.33,14.7,11.3,3.6,1.0
CA,6053,Monterey County,6053013500,6053013500,0.4928,8.8,90417.0,7.6,23.0,8.3,11.73,84.65,16.3,5.6,9.5,6.1
CA,6053,Monterey County,6053013600,6053013600,0.8638,20.3,81851.0,18.9,30.5,6.0,2.02,18.31,12.4,10.3,9.4,13.5
CA,6053,Monterey County,6053013700,6053013700,0.9402,19.7,72102.0,20.2,35.4,10.7,3.83,63.37,7.0,6.1,9.4,27.3
CA,6053,Monterey County,6053013800,6053013800,0.6687,10.8,76277.0,9.4,37.5,4.6,9.43,74.59,13.7,9.4,6.5,8.1
CA,6053,Monterey County,6053013900,6053013900,0.5223,8.8,83235.0,7.2,32.7,6.7,0.0,51.14,15.2,1.9,4.9,12.3
CA,6053,Monterey County,6053014000,6053014000,0.8187,26.1,57569.0,12.1,52.3,7.8,1.53,3.46,18.4,1.1,11.7,7.3
CA,6053,Monterey County,6053014102,6053014102,0.7107,18.6,83077.0,3.0,35.8,3.9,2.5,98.09,14.7,8.1,12.2,5.9
CA,6053,Monterey County,6053014104,6053014104,0.4999,10.0,90230.0,3.1,28.3,4.5,0.0,100.0,7.1,16.9,7.2,1.0
CA,6053,Monterey County,6053014105,6053014105,0.3156,15.4,96420.0,3.0,21.8,1.9,5.51,96.82,12.9,4.2,43.0,2.5
CA,6053,Monterey County,6053014108,6053014108,0.4736,4.9,77243.0,4.7,41.9,12.5,0.0,76.4,7.6,5.0,5.6,5.7
CA,6053,Monterey County,6053014109,6053014109,0.2122,4.8,116016.0,2.7,21.7,1.4,1.04,79.05,3.4,8.8,4.9,0.9
CA,6053,Monterey County,6053014110,6053014110,0.0169,2.4,193693.0,1.4,9.1,2.6,1.12,68.93,6.5,3.5,0.7,1.1
CA,6053,Monterey County,6053014201,6053014201,0.6532,13.8,83516.0,7.0,28.1,3.7,4.79,58.11,12.0,6.7,10.0,10.3
CA,6053,Monterey County,6053014202,6053014202,0.7168,10.5,82843.0,7.8,35.7,5.5,6.76,35.56,16.1,3.7,8.4,9.7
CA,6053,Monterey County,6053014301,6053014301,0.3764,4.6,96549.0,6.3,32.0,7.0,4.5,27.17,8.3,3.6,6.3,8.1
CA,6053,Monterey County,6053014302,6053014302,0.6614,6.2,89531.0,9.2,30.3,3.8,2.31,16.81,13.6,5.4,6.0,2.6
CA,6053,Monterey County,6053014500,6053014500,0.6848,7.8,81610.0,4.7,34.3,10.4,0.0,42.52,17.2,3.9,4.9,3.8
CA,6053,Monterey County,6053014601,6053014601,0.7954,12.3,92078.0,7.9,29.0,2.6,0.08,93.3,10.9,6.4,5.2,17.8
CA,6053,Monterey County,6053014700,6053014700,0.5251,13.2,96217.0,12.0,22.4,0.0,4.55,91.12,7.6,6.2,8.4,14.1
CA,6053,Monterey County,6053014800,6053014800,0.7476,13.4,90000.0,10.1,34.2,3.7,0.0,71.61,4.7,6.2,13.5,23.3
CA,6053,Monterey County,6053980000,6053980000,0.4999,10.0,90230.0,5.8,28.3,4.5,0.57,84.48,10.5,5.8,7.2,6.0
CA,6055,Napa County,6055200201,6055200201,0.6035,11.8,81875.0,17.0,33.1,1.1,2.38,61.17,10.6,7.8,9.6,8.0
CA,6055,Napa County,6055200202,6055200202,0.7319,21.2,69537.0,8.3,38.6,7.0,13.35,99.28,11.4,12.9,9.7,8.9
CA,6055,Napa County,6055200203,6055200203,0.7944,7.6,79886.0,11.5,38.0,12.0,7.38,39.95,13.0,12.3,12.5,10.2
CA,6055,Napa County,6055200301,6055200301,0.8851,11.3,93400.0,14.3,35.3,7.6,4.71,43.11,15.8,8.5,7.8,14.9
CA,6055,Napa County,6055200302,6055200302,0.3588,10.8,110673.0,8.2,24.6,0.0,1.32,100.0,7.4,9.3,3.5,3.6
CA,6055,Napa County,6055200400,6055200400,0.1271,3.3,128065.0,2.2,18.0,0.6,4.82,81.03,10.3,5.7,6.0,2.7
CA,6055,Napa County,6055200501,6055200501,0.7083,7.0,92344.0,4.8,27.7,2.4,0.57,5.52,8.6,5.4,4.6,9.5
CA,6055,Napa County,6055200503,6055200503,0.2737,5.5,110179.0,9.6,18.1,2.1,6.12,13.6,12.8,6.9,10.1,3.8
CA,6055,Napa County,6055200504,6055200504,0.7588,13.4,91379.0,7.0,27.1,8.3,5.14,29.01,14.7,3.2,8.0,13.5
CA,6055,Napa County,6055200505,6055200505,0.7031,10.6,84394.0,16.8,28.7,2.2,1.89,1.37,17.4,7.7,6.4,14.7
CA,6055,Napa County,6055200601,6055200601,0.3045,2.8,137679.0,3.0,12.2,4.7,0.0,67.24,9.1,4.7,5.4,12.5
CA,6055,Napa County,6055200602,6055200602,0.6699,11.5,100212.0,1.5,33.4,10.6,0.0,47.31,12.3,6.2,16.5,4.8
CA,6055,Napa County,6055200703,6055200703,0.1097,5.6,144625.0,1.5,11.4,4.4,3.8,48.34,18.0,5.2,2.6,1.2
CA,6055,Napa County,6055200704,6055200704,0.5824,3.2,63462.0,3.5,37.5,10.5,17.31,78.18,14.1,1.4,11.1,16.4
CA,6055,Napa County,6055200705,6055200705,0.3028,5.2,100750.0,6.0,25.0,4.6,0.5,46.41,13.7,1.8,7.6,3.3
CA,6055,Napa County,6055200706,6055200706,0.0808,2.5,136419.0,2.2,16.6,0.0,2.97,94.56,11.0,4.1,7.6,1.4
CA,6055,Napa County,6055200707,6055200707,0.2972,6.4,119643.0,4.9,19.4,9.8,6.66,74.68,13.3,4.3,10.4,2.0
CA,6055,Napa County,6055200802,6055200802,0.5826,3.7,106452.0,5.7,29.3,5.8,0.05,10.85,10.7,2.7,4.2,8.9
CA,6055,Napa County,6055200803,6055200803,0.3268,8.2,135000.0,2.2,24.0,4.7,6.54,57.08,9.5,9.0,3.8,2.8
CA,6055,Napa County,6055200804,6055200804,0.5501,9.3,89924.0,7.4,22.2,1.4,3.15,46.12,5.8,4.4,7.7,21.8
CA,6055,Napa County,6055200900,6055200900,0.7576,79.6,90230.0,39.5,82.1,75.0,83.96,84.87,59.3,0.0,17.9,0.5
CA,6055,Napa County,6055201003,6055201003,0.3059,8.9,165833.0,3.9,18.8,2.3,0.0,92.02,7.2,3.2,6.0,8.1
CA,6055,Napa County,6055201004,6055201004,0.4732,6.8,105703.0,5.7,20.5,0.7,1.47,95.78,11.7,3.8,6.7,3.8
CA,6055,Napa County,6055201005,6055201005,0.5373,16.7,100600.0,3.7,20.9,2.2,0.0,77.25,11.4,6.9,8.6,4.8
CA,6055,Napa County,6055201006,6055201006,0.4325,2.9,137292.0,6.0,24.9,2.2,0.0,11.28,10.2,6.2,3.0,2.9
CA,6055,Napa County,6055201007,6055201007,0.3223,4.5,133750.0,6.3,15.2,5.5,0.0,50.02,10.8,6.7,2.2,5.4
CA,6055,Napa County,6055201101,6055201101,0.0933,1.5,116226.0,1.8,20.8,1.6,4.64,100.0,11.6,6.1,0.4,3.9
CA,6055,Napa County,6055201102,6055201102,0.4436,11.6,134167.0,5.6,10.5,3.3,1.86,100.0,15.9,7.9,3.4,7.7
CA,6055,Napa County,6055201200,6055201200,0.6056,9.5,74154.0,6.5,32.8,4.0,2.52,99.46,18.0,7.9,8.3,4.3
CA,6055,Napa County,6055201300,6055201300,0.6315,10.6,75134.0,4.4,27.1,13.9,5.35,99.01,23.7,7.2,19.4,6.2
CA,6055,Napa County,6055201401,6055201401,0.211,7.7,145682.0,2.0,10.3,2.7,7.42,99.21,12.8,2.8,5.3,1.5
CA,6055,Napa County,6055201402,6055201402,0.0764,5.1,169028.0,0.7,23.2,1.8,0.0,100.0,14.3,3.2,9.4,0.0
CA,6055,Napa County,6055201403,6055201403,0.0077,1.9,198603.0,1.1,0.4,0.0,10.15,97.64,9.6,3.1,0.0,2.3
CA,6055,Napa County,6055201500,6055201500,0.4452,5.5,118500.0,3.0,24.2,6.3,0.49,82.11,13.3,5.2,3.3,3.5
CA,6055,Napa County,6055201601,6055201601,0.611,7.3,130357.0,5.7,31.5,7.7,3.18,38.69,11.6,3.5,4.3,5.7
CA,6055,Napa County,6055201602,6055201602,0.3918,4.4,150375.0,0.7,25.6,9.6,0.0,57.52,13.4,3.0,1.8,6.6
CA,6055,Napa County,6055201700,6055201700,0.3199,11.6,115625.0,3.9,20.1,1.8,4.55,65.83,8.3,5.4,2.5,2.6
CA,6055,Napa County,6055201800,6055201800,0.6081,16.9,80313.0,11.1,36.5,1.7,0.37,100.0,16.4,3.9,9.9,7.3
CA,6055,Napa County,6055201900,6055201900,0.2346,10.5,127159.0,6.4,12.9,1.5,6.42,100.0,13.2,4.6,7.2,2.7
CA,6055,Napa County,6055202000,6055202000,0.5602,5.4,96667.0,10.6,29.0,3.9,5.01,47.0,11.1,0.6,8.5,10.4
CA,6057,Nevada County,6057000102,6057000102,0.086,7.7,93036.0,5.0,30.6,1.3,1.05,100.0,11.7,3.7,9.2,0.7
CA,6057,Nevada County,6057000104,6057000104,0.3587,9.9,62500.0,5.1,29.9,6.4,5.45,93.56,16.7,9.4,12.8,0.3
CA,6057,Nevada County,6057000105,6057000105,0.2212,8.5,98906.0,3.7,25.6,2.0,6.64,94.44,18.1,5.6,14.1,0.4
CA,6057,Nevada County,6057000106,6057000106,0.1362,5.8,121607.0,5.1,31.1,2.2,0.0,42.93,10.1,12.8,9.9,0.0
CA,6057,Nevada County,6057000107,6057000107,0.0881,4.9,99500.0,2.1,25.4,0.9,0.0,0.0,14.1,0.4,7.4,0.0
CA,6057,Nevada County,6057000200,6057000200,0.3398,13.1,107727.0,4.8,28.8,1.5,0.0,98.11,14.5,5.7,7.4,0.0
CA,6057,Nevada County,6057000300,6057000300,0.1805,7.2,96250.0,5.7,28.3,2.6,2.9,100.0,14.4,2.8,7.0,0.2
CA,6057,Nevada County,6057000401,6057000401,0.222,11.5,76905.0,2.6,34.4,5.1,1.56,85.58,11.6,3.9,5.7,1.0
CA,6057,Nevada County,6057000403,6057000403,0.2497,16.2,97578.0,10.0,24.1,1.2,0.0,36.95,11.7,6.4,11.3,0.4
CA,6057,Nevada County,6057000404,6057000404,0.277,5.4,72143.0,2.6,39.1,3.2,2.13,17.78,21.2,0.6,20.7,0.0
CA,6057,Nevada County,6057000502,6057000502,0.3788,9.5,62218.0,3.0,38.8,0.0,7.06,66.21,13.7,0.0,5.4,1.8
CA,6057,Nevada County,6057000503,6057000503,0.4572,20.2,61324.0,1.5,43.1,7.9,0.0,24.48,13.6,1.1,6.7,0.4
CA,6057,Nevada County,6057000504,6057000504,0.6993,13.2,59386.0,6.5,44.1,14.9,17.74,62.28,19.5,4.9,18.8,0.5
CA,6057,Nevada County,6057000601,6057000601,0.7827,19.7,38472.0,7.2,41.9,25.6,5.86,94.67,37.9,0.9,19.5,0.5
CA,6057,Nevada County,6057000602,6057000602,0.5794,14.6,50884.0,4.0,46.5,8.9,0.0,74.81,20.8,3.4,10.3,0.9
CA,6057,Nevada County,6057000701,6057000701,0.218,9.9,89447.0,5.0,26.1,1.0,1.1,95.77,14.9,5.6,6.4,0.2
CA,6057,Nevada County,6057000702,6057000702,0.2894,7.3,74239.0,5.2,25.9,3.5,4.74,100.0,16.5,7.6,17.0,0.4
CA,6057,Nevada County,6057000801,6057000801,0.3902,15.0,61531.0,9.9,42.1,1.9,0.0,100.0,10.9,8.8,4.5,3.5
CA,6057,Nevada County,6057000802,6057000802,0.2169,9.1,74173.0,3.6,33.8,1.5,0.26,84.84,10.3,3.5,6.0,0.2
CA,6057,Nevada County,6057000900,6057000900,0.4009,18.2,76667.0,7.3,26.9,3.9,0.0,99.98,14.2,2.2,21.2,0.0
CA,6057,Nevada County,6057001205,6057001205,0.256,8.4,129773.0,7.6,14.5,5.1,0.0,100.0,4.8,7.4,3.4,2.9
CA,6057,Nevada County,6057001207,6057001207,0.3887,13.1,85692.0,15.8,28.2,0.8,21.65,100.0,3.6,6.0,6.0,4.4
CA,6057,Nevada County,6057001208,6057001208,0.0416,4.7,168309.0,2.9,25.2,0.8,0.55,82.73,10.4,4.0,1.5,0.0
CA,6057,Nevada County,6057001209,6057001209,0.2045,2.0,100262.0,14.2,25.2,0.0,5.36,47.19,8.5,3.3,0.0,18.0
CA,6057,Nevada County,6057001210,6057001210,0.0067,4.9,177692.0,1.1,18.4,2.5,0.16,9.03,7.6,0.0,1.3,0.0
CA,6057,Nevada County,6057001211,6057001211,0.209,10.5,94183.0,2.0,24.0,0.0,4.7,5.86,18.4,10.0,2.4,0.0
CA,6059,Orange County,6059001101,6059001101,0.409,2.2,114898.0,2.2,19.8,3.3,0.0,14.8,8.6,7.3,2.2,5.1
CA,6059,Orange County,6059001102,6059001102,0.3301,5.7,124150.0,5.7,19.1,6.9,2.63,47.42,8.8,3.2,6.9,3.9
CA,6059,Orange County,6059001103,6059001103,0.843,10.1,88611.0,14.9,36.0,8.7,4.59,33.05,13.4,10.0,5.5,7.6
CA,6059,Orange County,6059001201,6059001201,0.781,10.4,82611.0,9.7,41.1,4.9,4.72,65.49,11.3,5.0,6.6,11.1
CA,6059,Orange County,6059001202,6059001202,0.8762,11.8,82000.0,6.4,40.3,14.6,3.89,48.95,14.6,8.9,8.8,13.1
CA,6059,Orange County,6059001301,6059001301,0.501,10.6,98387.0,9.1,27.2,8.2,0.13,32.1,6.6,6.3,10.5,6.9
CA,6059,Orange County,6059001303,6059001303,0.5358,10.8,93363.0,7.8,26.4,5.5,0.0,48.33,8.6,4.9,5.0,10.5
CA,6059,Orange County,6059001304,6059001304,0.7987,16.1,68984.0,19.6,36.0,5.7,4.97,99.07,14.0,5.6,9.2,12.5
CA,6059,Orange County,6059001401,6059001401,0.8691,17.9,76319.0,11.5,37.6,5.9,1.59,50.76,14.7,14.4,11.6,6.3
CA,6059,Orange County,6059001402,6059001402,0.4903,5.7,96221.0,3.4,24.3,4.3,0.0,14.13,11.0,5.1,10.8,9.1
CA,6059,Orange County,6059001403,6059001403,0.0538,2.3,161983.0,5.9,8.4,0.0,0.68,91.38,8.6,2.6,8.0,3.8
CA,6059,Orange County,6059001404,6059001404,0.7372,9.7,77829.0,12.0,33.8,5.4,1.0,6.45,14.3,9.1,5.0,20.4
CA,6059,Orange County,6059001501,6059001501,0.2352,4.6,104537.0,2.0,15.6,2.2,2.2,94.78,12.8,4.9,9.2,2.8
CA,6059,Orange County,6059001503,6059001503,0.5013,19.2,96236.0,8.5,26.3,4.3,9.02,49.81,7.4,3.1,10.7,5.7
CA,6059,Orange County,6059001504,6059001504,0.5591,6.6,94099.0,8.1,25.6,3.8,0.0,5.32,8.1,8.4,7.9,7.1
CA,6059,Orange County,6059001505,6059001505,0.26,2.6,131118.0,2.7,18.0,3.0,0.0,75.94,8.9,7.9,3.1,5.5
CA,6059,Orange County,6059001506,6059001506,0.4402,7.6,109310.0,4.4,22.3,11.1,0.5,23.26,14.6,3.6,8.7,5.9
CA,6059,Orange County,6059001507,6059001507,0.2629,4.5,102201.0,6.6,24.1,7.4,0.0,0.0,3.9,0.9,0.7,2.7
CA,6059,Orange County,6059001602,6059001602,0.104,9.9,152708.0,4.0,17.0,0.9,0.3,70.26,8.2,4.0,4.8,3.2
CA,6059,Orange County,6059001603,6059001603,0.3753,5.5,118125.0,0.6,20.9,9.7,3.9,97.93,11.0,3.0,6.1,8.3
CA,6059,Orange County,6059001604,6059001604,0.4112,10.4,168776.0,13.0,19.6,1.9,0.01,60.08,8.4,2.6,0.0,5.8
CA,6059,Orange County,6059001704,6059001704,0.3217,7.7,166402.0,6.1,16.5,4.2,2.3,66.25,3.8,7.6,6.1,13.9
CA,6059,Orange County,6059001705,6059001705,0.5571,14.1,113214.0,4.0,29.7,5.5,0.57,29.69,6.2,8.8,2.2,7.4
CA,6059,Orange County,6059001706,6059001706,0.2559,6.4,189875.0,1.0,14.5,4.8,4.4,92.74,13.5,4.9,8.3,4.5
CA,6059,Orange County,6059001708,6059001708,0.4061,3.3,107986.0,3.5,14.2,1.7,4.42,68.42,9.5,7.4,3.3,13.3
CA,6059,Orange County,6059001709,6059001709,0.2004,0.9,125000.0,2.3,24.9,8.8,0.4,66.19,6.2,1.9,3.4,8.2
CA,6059,Orange County,6059001710,6059001710,0.144,1.0,131176.0,4.2,20.8,2.1,1.92,57.0,5.0,2.3,4.2,16.9
CA,6059,Orange County,6059001801,6059001801,0.7947,15.5,75875.0,8.4,40.8,1.8,12.43,84.09,15.4,7.8,10.6,13.6
CA,6059,Orange County,6059001802,6059001802,0.8654,14.6,70822.0,7.6,38.8,5.1,2.34,32.55,11.4,5.5,8.3,16.1
CA,6059,Orange County,6059001901,6059001901,0.4201,8.1,107708.0,4.3,21.8,1.4,5.59,21.6,4.7,4.9,8.3,6.8
CA,6059,Orange County,6059001902,6059001902,0.6878,25.7,106250.0,10.2,22.7,1.4,0.0,11.34,7.0,8.9,3.0,6.6
CA,6059,Orange County,6059001903,6059001903,0.5748,5.1,113289.0,1.4,23.7,2.4,0.0,0.0,12.6,4.9,3.3,8.1
CA,6059,Orange County,6059011000,6059011000,0.6521,10.6,102250.0,3.4,27.5,7.9,7.18,57.02,13.1,6.9,15.1,2.3
CA,6059,Orange County,6059011101,6059011101,0.3936,10.4,106378.0,7.5,20.6,0.4,0.0,8.81,8.4,6.6,3.3,10.4
CA,6059,Orange County,6059011102,6059011102,0.5784,13.5,115000.0,9.1,13.7,1.8,2.69,50.21,14.6,15.3,9.8,8.3
CA,6059,Orange County,6059011200,6059011200,0.4962,9.9,117917.0,2.2,25.5,7.2,0.0,1.09,9.7,5.8,8.0,5.4
CA,6059,Orange County,6059011300,6059011300,0.5988,9.0,92773.0,8.3,29.7,8.0,0.0,4.74,7.1,5.4,5.1,3.9
CA,6059,Orange County,6059011401,6059011401,0.2237,12.9,147171.0,2.7,20.9,0.7,0.45,49.05,7.2,1.1,2.9,4.7
CA,6059,Orange County,6059011402,6059011402,0.1292,4.6,137460.0,0.9,10.8,5.5,3.21,81.17,12.0,5.3,1.8,1.4
CA,6059,Orange County,6059011403,6059011403,0.6478,11.1,93321.0,9.6,34.0,6.1,6.05,5.98,9.0,8.1,3.4,5.7
CA,6059,Orange County,6059011502,6059011502,0.6982,15.7,65625.0,10.1,42.8,7.4,6.07,33.51,8.5,7.7,5.8,8.3
CA,6059,Orange County,6059011503,6059011503,0.2709,9.3,126964.0,5.0,10.0,5.2,7.64,69.53,9.9,5.2,4.8,5.3
CA,6059,Orange County,6059011504,6059011504,0.7405,35.3,59819.0,12.3,56.0,9.8,2.13,16.93,8.9,10.1,6.0,3.6
CA,6059,Orange County,6059011601,6059011601,0.9037,23.5,77634.0,19.9,41.1,7.6,6.27,71.18,10.2,8.9,4.6,14.4
CA,6059,Orange County,6059011602,6059011602,0.7808,15.4,84681.0,9.5,31.4,3.8,5.45,0.0,11.3,3.7,5.2,13.0
CA,6059,Orange County,6059011707,6059011707,0.4747,4.9,86458.0,4.3,33.2,3.5,1.55,21.89,6.7,4.7,0.9,9.0
CA,6059,Orange County,6059011708,6059011708,0.579,17.2,81327.0,9.0,35.0,3.6,2.7,70.46,7.2,11.9,7.7,3.3
CA,6059,Orange County,6059011709,6059011709,0.0899,3.6,139531.0,1.3,19.3,1.2,0.0,48.54,8.6,4.5,7.3,3.1
CA,6059,Orange County,6059011710,6059011710,0.0824,3.2,137250.0,3.5,9.7,1.2,0.0,39.12,6.2,6.6,3.1,1.5
CA,6059,Orange County,6059011711,6059011711,0.8751,27.4,57364.0,10.7,48.8,4.5,0.0,5.84,8.1,12.5,8.2,10.0
CA,6059,Orange County,6059011712,6059011712,0.4855,8.4,89661.0,5.6,36.6,0.4,2.55,63.09,8.4,9.3,2.8,2.3
CA,6059,Orange County,6059011714,6059011714,0.401,9.8,93438.0,8.4,24.1,1.4,1.35,100.0,11.6,6.5,2.2,5.4
CA,6059,Orange County,6059011715,6059011715,0.2252,4.7,102868.0,6.2,22.5,3.7,0.0,65.89,9.8,3.0,5.8,2.8
CA,6059,Orange County,6059011716,6059011716,0.2912,14.5,130000.0,2.4,22.2,1.4,2.4,84.23,7.7,7.8,5.0,8.0
CA,6059,Orange County,6059011717,6059011717,0.2608,5.3,138056.0,3.1,23.8,2.7,0.0,12.81,12.6,2.9,5.0,4.0
CA,6059,Orange County,6059011718,6059011718,0.2124,9.3,142625.0,5.2,16.2,5.0,0.0,96.42,11.6,3.4,4.2,1.5
CA,6059,Orange County,6059011720,6059011720,0.941,25.2,52500.0,17.0,53.0,8.6,13.75,96.48,6.6,2.8,17.9,25.7
CA,6059,Orange County,6059011721,6059011721,0.5592,13.6,93281.0,23.9,31.8,5.2,0.83,35.08,2.6,3.0,6.0,13.2
CA,6059,Orange County,6059011722,6059011722,0.6916,16.1,65938.0,10.5,45.6,6.6,10.62,92.71,15.7,18.7,11.6,6.3
CA,6059,Orange County,6059021802,6059021802,0.3103,6.3,130743.0,4.3,27.5,4.7,1.41,16.29,7.4,2.2,5.0,2.7
CA,6059,Orange County,6059021807,6059021807,0.3543,3.6,110299.0,5.9,18.4,3.4,0.0,45.75,8.7,2.5,3.7,7.1
CA,6059,Orange County,6059021809,6059021809,0.2243,5.0,134706.0,3.1,21.3,4.4,0.45,31.2,12.8,2.3,8.2,3.9
CA,6059,Orange County,6059021810,6059021810,0.2435,7.0,121563.0,3.1,16.6,0.4,1.33,31.89,9.0,5.8,2.2,2.4
CA,6059,Orange County,6059021812,6059021812,0.0393,8.4,148750.0,3.4,17.8,0.0,6.73,20.28,6.0,0.8,1.1,1.1
CA,6059,Orange County,6059021813,6059021813,0.2834,0.0,90230.0,0.0,21.1,0.0,0.0,95.44,89.2,0.0,0.0,10.3
CA,6059,Orange County,6059021814,6059021814,0.281,6.2,126765.0,2.5,20.6,1.8,0.0,63.05,8.4,10.1,3.5,3.7
CA,6059,Orange County,6059021816,6059021816,0.1674,6.2,128777.0,3.3,19.4,1.3,0.0,46.24,8.7,5.9,9.0,0.9
CA,6059,Orange County,6059021817,6059021817,0.0679,7.0,105192.0,0.9,25.6,0.6,0.0,46.37,7.8,6.0,5.6,1.4
CA,6059,Orange County,6059021820,6059021820,0.1483,4.2,148135.0,3.6,17.2,0.5,0.0,66.88,10.0,7.0,4.1,1.8
CA,6059,Orange County,6059021821,6059021821,0.3218,4.6,104668.0,5.1,23.7,2.5,4.03,84.94,6.6,3.4,3.7,4.9
CA,6059,Orange County,6059021822,6059021822,0.2803,12.8,168563.0,5.6,22.0,1.0,0.0,80.64,8.1,3.9,4.6,7.2
CA,6059,Orange County,6059021823,6059021823,0.2117,1.4,125000.0,5.4,24.0,2.2,2.14,25.83,9.3,9.1,0.0,0.8
CA,6059,Orange County,6059021824,6059021824,0.0091,4.2,187645.0,1.5,7.9,0.0,0.6,67.28,8.4,5.7,0.0,1.5
CA,6059,Orange County,6059021825,6059021825,0.2413,8.2,144048.0,0.0,15.2,2.7,7.0,72.75,14.1,7.0,3.0,7.7
CA,6059,Orange County,6059021826,6059021826,0.1407,2.0,118021.0,5.6,21.2,2.4,6.17,98.25,10.4,3.9,6.0,5.6
CA,6059,Orange County,6059021827,6059021827,0.0663,2.1,170284.0,4.4,13.6,1.0,7.16,97.61,5.4,5.4,0.6,2.4
CA,6059,Orange County,6059021828,6059021828,0.0299,3.8,191000.0,1.6,14.1,8.0,0.78,100.0,5.6,2.2,0.9,4.5
CA,6059,Orange County,6059021829,6059021829,0.105,5.4,195132.0,3.5,9.2,1.8,0.09,50.39,6.4,0.0,2.0,3.4
CA,6059,Orange County,6059021830,6059021830,0.0248,1.5,184018.0,2.5,10.1,0.7,1.83,82.5,8.2,7.0,1.9,2.8
CA,6059,Orange County,6059021831,6059021831,0.2965,8.2,136413.0,2.4,14.8,1.8,4.6,95.53,6.9,3.9,9.6,6.7
CA,6059,Orange County,6059021832,6059021832,0.2053,3.8,191176.0,3.6,11.7,0.0,0.43,100.0,6.7,4.4,0.0,5.9
CA,6059,Orange County,6059021903,6059021903,0.2628,6.8,134884.0,3.6,11.9,3.1,0.0,89.67,7.9,7.9,3.7,1.8
CA,6059,Orange County,6059021905,6059021905,0.0993,5.6,138934.0,2.9,14.0,4.1,0.0,56.71,9.8,2.5,6.9,1.7
CA,6059,Orange County,6059021912,6059021912,0.016,1.9,219112.0,0.9,10.2,0.0,0.0,95.15,6.4,10.1,1.6,2.6
CA,6059,Orange County,6059021913,6059021913,0.5871,6.6,136824.0,10.1,15.2,3.1,0.04,31.21,10.3,1.8,6.4,17.4
CA,6059,Orange County,6059021914,6059021914,0.2736,8.5,153333.0,3.5,15.9,4.4,1.91,49.83,9.7,5.4,2.7,5.0
CA,6059,Orange County,6059021915,6059021915,0.11,1.8,143920.0,2.0,15.5,3.9,3.93,66.57,10.3,5.7,4.9,3.2
CA,6059,Orange County,6059021916,6059021916,0.4936,7.9,142813.0,5.0,18.5,8.5,5.32,95.31,13.0,7.3,5.8,2.8
CA,6059,Orange County,6059021917,6059021917,0.0071,3.1,157375.0,1.5,12.0,0.4,4.78,72.13,8.9,1.5,0.0,0.5
CA,6059,Orange County,6059021918,6059021918,0.3628,4.3,121290.0,5.1,18.8,3.0,0.0,50.88,8.2,3.8,4.6,4.6
CA,6059,Orange County,6059021919,6059021919,0.156,6.0,146042.0,2.6,16.8,2.2,1.02,100.0,9.0,7.2,0.9,1.2
CA,6059,Orange County,6059021920,6059021920,0.0149,2.8,181250.0,0.6,11.2,0.4,0.63,100.0,10.3,5.1,6.2,2.1
CA,6059,Orange County,6059021921,6059021921,0.0183,2.3,215766.0,0.4,12.9,0.4,0.0,94.44,10.4,2.4,2.4,7.7
CA,6059,Orange County,6059021922,6059021922,0.154,4.6,127827.0,3.1,21.8,10.7,1.16,42.07,7.3,3.4,7.1,3.1
CA,6059,Orange County,6059021923,6059021923,0.0736,4.3,137713.0,1.4,21.6,0.0,0.52,83.55,7.2,5.7,0.0,2.5
CA,6059,Orange County,6059021924,6059021924,0.1131,3.8,142301.0,1.3,20.2,0.8,2.0,49.99,8.3,7.8,2.7,3.1
CA,6059,Orange County,6059032002,6059032002,0.1551,6.1,168472.0,5.3,10.8,2.0,0.0,89.86,9.6,2.0,6.8,4.6
CA,6059,Orange County,6059032003,6059032003,0.1613,3.7,173929.0,2.7,7.5,2.2,2.1,89.74,10.5,7.3,5.1,1.4
CA,6059,Orange County,6059032011,6059032011,0.3124,10.5,104083.0,3.8,20.2,1.1,0.0,100.0,9.3,4.8,1.3,1.3
CA,6059,Orange County,6059032012,6059032012,0.076,4.4,155781.0,1.2,18.2,0.6,0.0,35.42,7.9,4.6,4.2,1.9
CA,6059,Orange County,6059032013,6059032013,0.5048,6.4,103750.0,1.0,38.7,11.8,0.95,50.11,14.6,1.1,11.1,4.2
CA,6059,Orange County,6059032014,6059032014,0.8237,20.5,75833.0,6.5,38.1,11.3,0.0,98.37,18.1,3.1,6.8,9.4
CA,6059,Orange County,6059032015,6059032015,0.2216,7.7,164648.0,3.2,9.0,0.7,0.0,11.05,20.6,4.3,0.9,4.7
CA,6059,Orange County,6059032020,6059032020,0.0795,3.7,140250.0,1.8,15.4,3.2,4.44,82.94,10.0,5.3,1.3,3.1
CA,6059,Orange County,6059032022,6059032022,0.5319,2.4,111509.0,11.3,29.6,4.1,5.7,58.52,8.4,4.9,5.3,8.0
CA,6059,Orange County,6059032027,6059032027,0.3312,5.2,111411.0,4.8,28.3,1.2,0.0,0.0,7.6,5.4,0.5,13.7
CA,6059,Orange County,6059032028,6059032028,0.4635,4.1,83859.0,10.7,32.3,4.3,0.0,0.0,6.3,4.9,5.1,3.7
CA,6059,Orange County,6059032029,6059032029,0.0741,7.9,115417.0,6.2,19.1,0.9,1.2,58.96,8.7,2.5,4.3,6.1
CA,6059,Orange County,6059032030,6059032030,0.1024,2.3,150441.0,4.6,8.3,3.3,6.04,69.26,9.3,3.6,1.9,3.0
CA,6059,Orange County,6059032031,6059032031,0.0879,3.8,145321.0,3.1,11.9,2.8,0.91,72.16,9.4,6.7,0.6,1.2
CA,6059,Orange County,6059032032,6059032032,0.0927,4.4,139196.0,2.2,5.1,9.1,0.0,55.82,10.1,4.8,1.0,1.8
CA,6059,Orange County,6059032033,6059032033,0.1524,10.5,110865.0,1.1,20.2,1.1,0.0,59.25,8.1,3.3,2.3,5.3
CA,6059,Orange County,6059032034,6059032034,0.0194,4.2,200430.0,1.6,12.4,1.6,2.59,84.78,7.8,4.6,0.6,2.6
CA,6059,Orange County,6059032035,6059032035,0.1833,6.1,131750.0,0.4,24.0,1.3,5.38,45.28,11.4,11.7,6.8,1.9
CA,6059,Orange County,6059032036,6059032036,0.1712,6.2,156094.0,2.8,20.7,0.9,5.34,35.95,7.6,2.7,0.9,0.8
CA,6059,Orange County,6059032037,6059032037,0.0624,5.3,104292.0,0.3,27.9,2.7,5.28,66.45,14.6,1.4,4.7,8.1
CA,6059,Orange County,6059032038,6059032038,0.0472,2.3,169750.0,3.1,6.1,1.7,0.8,64.76,7.8,5.5,2.1,1.8
CA,6059,Orange County,6059032039,6059032039,0.1381,6.2,119781.0,3.8,25.0,1.0,0.14,92.31,6.7,5.2,1.4,5.8
CA,6059,Orange County,6059032040,6059032040,0.0143,3.4,167667.0,2.0,6.0,2.0,0.38,59.46,6.8,5.9,0.6,1.4
CA,6059,Orange County,6059032041,6059032041,0.2054,14.8,135517.0,7.0,21.8,2.0,0.0,100.0,6.2,5.5,2.0,0.5
CA,6059,Orange County,6059032042,6059032042,0.0013,2.8,192266.0,3.2,11.3,0.0,0.0,51.48,5.2,1.6,1.0,0.5
CA,6059,Orange County,6059032043,6059032043,0.0121,2.2,236250.0,4.7,5.2,2.1,0.0,100.0,7.1,5.3,5.2,1.4
CA,6059,Orange County,6059032044,6059032044,0.0055,1.9,235129.0,0.9,8.8,0.0,1.45,100.0,5.5,3.6,0.3,0.7
CA,6059,Orange County,6059032045,6059032045,0.0003,3.0,199505.0,0.3,9.3,1.3,0.0,97.23,3.4,7.6,0.6,0.5
CA,6059,Orange County,6059032046,6059032046,0.0011,4.7,236563.0,1.6,10.4,1.0,0.0,98.41,3.6,2.5,0.7,1.1
CA,6059,Orange County,6059032047,6059032047,0.1742,6.8,114151.0,7.6,19.8,0.7,6.1,15.33,6.1,2.3,8.4,2.9
CA,6059,Orange County,6059032048,6059032048,0.0102,1.8,152213.0,3.0,9.2,2.3,0.0,78.95,8.8,6.2,2.3,1.5
CA,6059,Orange County,6059032049,6059032049,0.1749,3.2,191361.0,4.9,10.9,0.0,0.0,98.47,11.4,5.3,1.1,2.7
CA,6059,Orange County,6059032050,6059032050,0.0537,8.1,151500.0,3.6,14.8,2.8,0.0,30.2,4.5,2.8,2.0,3.1
CA,6059,Orange County,6059032051,6059032051,0.1408,2.2,106250.0,1.7,29.8,2.2,0.73,0.0,10.6,1.1,4.4,5.3
CA,6059,Orange County,6059032053,6059032053,0.0977,5.2,143371.0,6.0,16.7,0.9,0.0,100.0,7.8,2.9,1.0,1.5
CA,6059,Orange County,6059032054,6059032054,0.5445,9.1,104487.0,5.0,36.5,19.2,0.68,8.13,15.1,3.2,10.6,3.9
CA,6059,Orange County,6059032055,6059032055,0.2897,7.6,108333.0,4.4,29.2,5.9,0.33,0.0,11.3,4.4,2.3,7.3
CA,6059,Orange County,6059032057,6059032057,0.1106,4.7,182007.0,0.8,14.0,1.4,6.08,13.73,7.0,3.6,12.9,3.9
CA,6059,Orange County,6059032058,6059032058,0.0053,1.7,232719.0,2.1,5.7,0.0,0.0,95.94,3.6,2.6,14.6,0.9
CA,6059,Orange County,6059032059,6059032059,0.02,2.3,189825.0,1.2,12.5,0.7,0.0,73.54,3.1,2.0,7.8,0.9
CA,6059,Orange County,6059032061,6059032061,0.2944,4.4,154940.0,1.7,15.0,3.4,0.0,90.28,11.3,5.0,7.0,0.4
CA,6059,Orange County,6059032062,6059032062,0.0006,2.0,204950.0,1.8,15.5,0.0,3.77,52.6,5.0,3.6,0.0,0.0
CA,6059,Orange County,6059032063,6059032063,0.1173,4.3,178661.0,0.7,16.2,4.8,11.97,6.59,4.9,6.9,6.3,0.0
CA,6059,Orange County,6059032064,6059032064,0.0487,5.8,173304.0,2.1,10.9,2.4,0.87,8.09,3.8,1.8,0.7,0.5
CA,6059,Orange County,6059032065,6059032065,0.0045,3.5,216600.0,1.8,14.5,1.4,3.24,22.25,3.8,3.9,3.5,2.0
CA,6059,Orange County,6059032066,6059032066,0.0789,2.5,170560.0,2.6,19.7,2.2,3.97,58.95,4.5,2.8,1.0,1.3
CA,6059,Orange County,6059042106,6059042106,0.0885,7.2,153917.0,0.8,14.8,0.0,1.49,92.76,9.1,4.5,2.0,1.1
CA,6059,Orange County,6059042107,6059042107,0.619,14.0,84637.0,3.7,43.2,7.3,5.13,100.0,13.1,8.0,2.5,13.6
CA,6059,Orange County,6059042108,6059042108,0.3763,7.0,91400.0,11.7,30.9,5.1,2.84,89.21,8.2,5.3,7.4,5.5
CA,6059,Orange County,6059042109,6059042109,0.1719,9.3,103138.0,1.4,27.8,2.5,5.18,86.71,12.9,6.8,4.2,0.3
CA,6059,Orange County,6059042111,6059042111,0.1247,2.9,176118.0,4.3,14.8,0.9,0.0,96.66,10.2,5.1,2.4,0.0
CA,6059,Orange County,6059042112,6059042112,0.1565,3.7,185219.0,1.6,18.5,0.0,0.95,76.82,7.6,4.7,0.0,2.7
CA,6059,Orange County,6059042113,6059042113,0.1571,8.1,118750.0,1.1,20.0,5.4,0.0,50.09,14.0,2.3,10.7,1.3
CA,6059,Orange County,6059042114,6059042114,0.2791,4.6,122026.0,4.1,24.2,1.8,0.0,99.03,8.1,6.2,5.4,4.7
CA,6059,Orange County,6059042115,6059042115,0.3634,4.5,108113.0,0.0,17.2,0.0,19.64,1.44,18.3,12.7,2.9,0.0
CA,6059,Orange County,6059042116,6059042116,0.0522,2.5,168603.0,2.9,15.9,1.0,0.44,58.44,11.4,3.1,5.4,2.3
CA,6059,Orange County,6059042201,6059042201,0.3866,3.5,116941.0,6.7,18.2,6.5,1.63,43.24,13.6,4.1,4.4,1.4
CA,6059,Orange County,6059042203,6059042203,0.1378,6.7,131371.0,1.8,15.0,1.8,0.0,80.03,11.0,4.0,2.0,1.4
CA,6059,Orange County,6059042205,6059042205,0.2556,8.4,120385.0,3.2,11.9,3.9,5.38,50.95,9.9,6.0,6.7,1.6
CA,6059,Orange County,6059042206,6059042206,0.3254,2.0,104418.0,1.4,29.2,2.8,7.14,58.59,12.7,6.1,8.7,1.1
CA,6059,Orange County,6059042305,6059042305,0.0158,7.1,227533.0,0.7,16.4,1.3,4.15,84.9,9.3,5.1,0.6,0.4
CA,6059,Orange County,6059042307,6059042307,0.4053,7.0,136848.0,4.4,5.6,2.5,5.0,31.88,10.9,6.5,5.1,7.8
CA,6059,Orange County,6059042311,6059042311,0.3112,11.5,137188.0,4.4,22.4,2.8,10.36,52.89,12.6,2.0,0.7,2.3
CA,6059,Orange County,6059042312,6059042312,0.7333,14.2,120114.0,14.1,24.2,9.3,1.66,41.36,8.0,3.1,5.1,16.8
CA,6059,Orange County,6059042313,6059042313,0.1031,6.9,109068.0,6.3,22.2,3.0,0.0,23.58,5.1,3.6,5.9,3.7
CA,6059,Orange County,6059042315,6059042315,0.2601,10.2,132528.0,5.3,32.3,1.8,5.04,56.54,8.6,4.7,0.8,0.6
CA,6059,Orange County,6059042317,6059042317,0.1043,5.8,154632.0,2.8,16.0,1.1,0.0,63.05,10.1,1.3,3.9,0.4
CA,6059,Orange County,6059042319,6059042319,0.1375,4.1,162708.0,2.3,10.9,1.1,0.0,65.52,12.4,5.6,0.9,2.1
CA,6059,Orange County,6059042320,6059042320,0.2144,9.7,92232.0,4.8,27.6,5.7,4.14,15.53,5.7,2.9,2.7,1.0
CA,6059,Orange County,6059042323,6059042323,0.2196,4.6,120873.0,2.9,25.8,3.8,3.21,85.66,14.2,7.8,2.2,0.7
CA,6059,Orange County,6059042324,6059042324,0.0719,3.2,138735.0,0.9,17.2,5.7,3.39,90.28,13.5,1.3,5.7,1.1
CA,6059,Orange County,6059042325,6059042325,0.0606,5.5,139408.0,0.3,13.6,2.0,0.0,76.01,8.5,4.1,4.3,1.1
CA,6059,Orange County,6059042326,6059042326,0.1466,8.1,145208.0,1.6,16.3,6.9,2.58,35.12,9.2,5.1,4.8,2.8
CA,6059,Orange County,6059042327,6059042327,0.1361,10.4,127292.0,2.5,25.0,0.0,0.44,46.16,10.0,4.7,4.3,1.6
CA,6059,Orange County,6059042328,6059042328,0.0996,12.9,205588.0,4.9,23.7,0.0,0.83,79.08,7.6,8.8,0.7,2.6
CA,6059,Orange County,6059042329,6059042329,0.2125,10.4,107292.0,4.8,18.1,2.2,3.75,84.92,11.0,5.3,2.5,0.6
CA,6059,Orange County,6059042330,6059042330,0.4293,12.9,115823.0,5.7,31.1,1.7,0.0,59.77,8.6,9.3,3.9,2.7
CA,6059,Orange County,6059042331,6059042331,0.2385,5.7,125898.0,13.8,21.0,0.0,0.0,46.83,5.2,2.7,2.6,15.5
CA,6059,Orange County,6059042332,6059042332,0.1304,6.8,159470.0,1.6,16.0,5.6,3.46,55.42,4.8,12.8,5.5,1.1
CA,6059,Orange County,6059042333,6059042333,0.147,8.1,185757.0,2.8,20.3,0.0,0.0,88.14,6.9,4.2,0.4,1.4
CA,6059,Orange County,6059042334,6059042334,0.518,12.0,83566.0,5.4,34.9,11.4,0.0,6.28,15.0,4.0,8.2,8.3
CA,6059,Orange County,6059042335,6059042335,0.0711,4.6,134583.0,5.6,21.7,1.4,2.56,35.16,2.9,4.4,5.9,2.8
CA,6059,Orange County,6059042336,6059042336,0.145,3.5,157738.0,3.3,16.1,6.6,2.85,72.38,7.8,6.2,3.6,4.2
CA,6059,Orange County,6059042337,6059042337,0.0041,2.1,182000.0,1.4,11.3,0.6,0.0,58.64,4.5,7.4,2.1,2.3
CA,6059,Orange County,6059042338,6059042338,0.1149,7.0,134839.0,5.9,18.5,0.6,0.0,67.48,6.6,1.4,2.0,0.0
CA,6059,Orange County,6059042339,6059042339,0.166,8.7,107139.0,2.2,27.7,0.6,3.56,69.64,13.5,9.4,6.8,2.2
CA,6059,Orange County,6059042340,6059042340,0.9053,16.5,71786.0,15.4,47.5,5.8,1.66,100.0,18.0,3.6,6.3,20.2
CA,6059,Orange County,6059042341,6059042341,0.2347,6.7,117675.0,9.0,20.9,1.2,1.83,30.86,9.8,6.3,4.2,0.0
CA,6059,Orange County,6059052408,6059052408,0.0268,4.2,172461.0,2.9,12.0,0.8,3.59,80.85,7.1,6.3,1.6,1.3
CA,6059,Orange County,6059052410,6059052410,0.4212,4.8,112623.0,5.9,23.4,5.7,7.95,43.12,10.3,8.9,10.5,1.6
CA,6059,Orange County,6059052411,6059052411,0.3369,6.7,134618.0,8.1,16.0,0.9,0.0,6.54,12.8,6.7,1.8,6.1
CA,6059,Orange County,6059052415,6059052415,0.2801,10.3,167043.0,2.9,10.8,0.5,0.0,40.49,7.1,4.2,3.5,4.4
CA,6059,Orange County,6059052416,6059052416,0.2399,4.0,141745.0,9.4,20.4,0.5,8.25,3.38,6.6,2.9,3.9,4.6
CA,6059,Orange County,6059052417,6059052417,0.4863,2.9,121429.0,7.2,17.3,1.6,0.0,39.97,8.1,7.4,3.5,3.9
CA,6059,Orange County,6059052419,6059052419,0.0288,2.6,192936.0,1.9,10.9,2.2,0.0,100.0,4.9,2.3,8.3,1.5
CA,6059,Orange County,6059052421,6059052421,0.2135,8.7,143274.0,5.9,17.6,3.2,0.0,23.53,6.0,4.8,4.3,10.2
CA,6059,Orange County,6059052422,6059052422,0.1739,3.5,155650.0,4.0,23.2,5.4,0.0,51.85,4.5,3.2,0.6,5.3
CA,6059,Orange County,6059052423,6059052423,0.2406,13.4,113647.0,5.0,30.8,0.8,0.0,100.0,7.0,2.5,5.5,7.5
CA,6059,Orange County,6059052424,6059052424,0.4483,13.6,97311.0,8.0,27.4,3.3,0.0,31.34,14.7,5.3,0.7,4.3
CA,6059,Orange County,6059052425,6059052425,0.4011,7.3,93902.0,9.4,28.1,4.4,0.0,77.35,5.0,7.5,5.5,7.0
CA,6059,Orange County,6059052427,6059052427,0.0072,3.2,175641.0,3.5,12.2,0.0,4.78,71.84,4.5,2.2,0.7,1.1
CA,6059,Orange County,6059052428,6059052428,0.0119,4.0,154722.0,2.2,17.7,0.0,0.0,100.0,8.5,4.6,0.6,3.7
CA,6059,Orange County,6059052429,6059052429,0.2342,13.4,137917.0,1.3,20.3,1.1,0.0,4.45,2.7,4.6,2.1,7.0
CA,6059,Orange County,6059052430,6059052430,0.1894,2.5,171310.0,3.0,12.4,1.0,4.64,39.36,3.6,6.3,2.3,4.7
CA,6059,Orange County,6059052431,6059052431,0.3064,6.6,159844.0,6.4,15.8,5.6,1.84,97.86,5.0,6.2,1.4,10.0
CA,6059,Orange County,6059052432,6059052432,0.2986,9.1,114313.0,7.0,20.7,5.2,7.46,98.96,3.2,0.2,0.7,6.4
CA,6059,Orange County,6059052433,6059052433,0.4772,9.3,113842.0,6.3,20.4,4.6,0.43,5.08,5.1,11.4,3.0,4.7
CA,6059,Orange County,6059052434,6059052434,0.0278,3.7,169422.0,0.9,11.4,0.0,0.51,98.68,5.0,3.4,0.9,3.8
CA,6059,Orange County,6059052435,6059052435,0.1521,6.2,155548.0,3.7,21.1,0.0,4.67,73.67,3.6,2.4,4.1,4.6
CA,6059,Orange County,6059052436,6059052436,0.0239,14.6,183654.0,0.4,23.5,0.0,0.0,25.62,4.7,3.3,4.9,7.1
CA,6059,Orange County,6059052437,6059052437,0.244,6.1,147625.0,4.1,25.4,0.0,2.97,99.69,1.7,6.2,0.0,11.2
CA,6059,Orange County,6059052438,6059052438,0.4368,5.7,163357.0,5.0,20.7,3.6,0.0,10.86,5.0,3.8,1.5,12.6
CA,6059,Orange County,6059052439,6059052439,0.2239,13.2,178040.0,5.2,21.0,1.3,3.23,52.16,4.3,3.7,1.6,6.8
CA,6059,Orange County,6059052502,6059052502,0.1893,4.4,147000.0,4.9,11.7,0.0,0.0,58.69,8.1,4.0,0.8,4.8
CA,6059,Orange County,6059052505,6059052505,0.5028,16.9,88190.0,2.5,24.1,3.8,0.0,19.72,12.1,11.9,7.0,6.6
CA,6059,Orange County,6059052506,6059052506,0.2264,6.3,138295.0,4.8,13.8,1.7,2.96,71.66,9.3,12.7,0.0,3.6
CA,6059,Orange County,6059052511,6059052511,0.2023,7.7,135315.0,3.6,17.9,5.3,0.26,17.92,8.1,1.1,9.5,8.4
CA,6059,Orange County,6059052513,6059052513,0.2177,6.9,111500.0,1.8,24.5,8.6,2.6,42.07,8.3,4.7,3.6,3.4
CA,6059,Orange County,6059052514,6059052514,0.3419,13.0,135363.0,1.4,21.0,6.0,0.17,48.25,4.7,12.7,1.1,7.9
CA,6059,Orange County,6059052518,6059052518,0.461,16.5,93906.0,8.1,35.7,11.7,6.55,19.89,8.5,4.3,2.6,6.5
CA,6059,Orange County,6059052519,6059052519,0.2132,11.1,122670.0,2.8,22.2,4.4,0.5,64.32,5.9,4.3,5.3,7.0
CA,6059,Orange County,6059052520,6059052520,0.2959,7.4,105872.0,0.7,29.8,1.9,1.81,47.61,5.7,9.3,2.1,3.4
CA,6059,Orange County,6059052521,6059052521,0.2876,15.4,115547.0,4.0,30.9,2.8,3.64,0.0,7.7,3.9,1.5,4.0
CA,6059,Orange County,6059052522,6059052522,0.1635,9.6,118167.0,2.7,20.4,1.7,0.0,22.01,7.8,5.6,0.0,6.2
CA,6059,Orange County,6059052523,6059052523,0.1853,6.6,160451.0,4.5,17.7,3.5,0.1,0.0,8.5,3.6,2.6,3.3
CA,6059,Orange County,6059052524,6059052524,0.3045,4.1,127902.0,6.3,21.8,3.0,0.32,52.15,4.6,3.9,0.8,6.4
CA,6059,Orange County,6059052526,6059052526,0.1197,13.0,116391.0,0.6,16.2,1.7,0.0,43.9,6.7,6.4,0.7,6.4
CA,6059,Orange County,6059052527,6059052527,0.1449,6.2,153092.0,2.3,12.8,5.6,3.93,28.7,7.2,5.1,4.4,4.4
CA,6059,Orange County,6059052528,6059052528,0.2637,4.0,168487.0,5.0,22.1,5.3,2.46,12.68,9.1,3.2,6.0,9.7
CA,6059,Orange County,6059052529,6059052529,0.1225,4.1,173828.0,1.6,14.3,14.7,30.26,91.16,6.1,2.2,12.1,9.7
CA,6059,Orange County,6059052530,6059052530,0.3895,18.2,132614.0,5.4,19.6,2.5,4.88,77.86,3.6,4.5,4.2,6.5
CA,6059,Orange County,6059052531,6059052531,0.216,5.8,137328.0,0.0,17.7,5.0,3.72,34.14,2.1,5.8,0.0,9.1
CA,6059,Orange County,6059052532,6059052532,0.4598,6.3,110634.0,7.0,35.0,3.1,0.0,98.04,5.7,8.4,0.0,7.6
CA,6059,Orange County,6059052533,6059052533,0.3079,7.3,136215.0,3.3,17.7,2.2,1.61,99.82,6.7,9.7,0.0,7.0
CA,6059,Orange County,6059052534,6059052534,0.4905,19.1,66825.0,4.1,51.0,5.8,21.09,100.0,9.8,5.0,3.3,3.9
CA,6059,Orange County,6059052535,6059052535,0.2928,6.6,119288.0,2.0,27.9,6.0,5.24,17.03,2.5,5.0,3.2,9.8
CA,6059,Orange County,6059062605,6059062605,0.2136,8.1,99868.0,5.7,34.3,10.7,3.59,0.0,7.9,4.8,15.2,1.4
CA,6059,Orange County,6059062610,6059062610,0.275,25.6,99012.0,8.6,34.2,5.4,1.45,23.95,8.9,5.1,5.4,6.7
CA,6059,Orange County,6059062611,6059062611,0.5408,36.1,63534.0,6.5,47.8,17.4,0.56,8.33,9.5,8.1,9.9,5.6
CA,6059,Orange County,6059062614,6059062614,0.4564,28.9,67056.0,4.1,42.0,15.9,10.81,48.75,6.9,9.1,35.4,1.7
CA,6059,Orange County,6059062619,6059062619,0.174,2.3,152222.0,0.2,20.0,4.7,3.53,49.31,10.5,6.3,3.3,0.0
CA,6059,Orange County,6059062620,6059062620,0.0945,5.8,172535.0,1.9,14.3,0.7,7.68,93.44,14.1,6.5,0.0,0.3
CA,6059,Orange County,6059062622,6059062622,0.4534,13.6,55083.0,2.0,46.0,11.1,10.82,27.22,29.0,4.9,12.5,5.8
CA,6059,Orange County,6059062625,6059062625,0.4596,9.5,67397.0,2.0,37.8,8.7,1.49,46.25,17.8,2.2,15.0,11.3
CA,6059,Orange County,6059062626,6059062626,0.594,47.9,43291.0,7.5,55.2,26.9,0.0,10.8,3.5,10.9,1.7,5.4
CA,6059,Orange County,6059062627,6059062627,0.6996,33.7,70748.0,11.3,45.0,25.7,0.0,0.0,12.0,3.4,11.3,5.6
CA,6059,Orange County,6059062628,6059062628,0.3879,18.6,95893.0,2.4,33.4,2.9,0.0,81.63,9.9,6.6,3.7,5.0
CA,6059,Orange County,6059062629,6059062629,0.0629,3.3,173229.0,0.5,13.4,1.0,4.3,98.98,7.0,2.6,1.6,4.5
CA,6059,Orange County,6059062630,6059062630,0.0343,2.8,150643.0,1.5,12.5,2.2,0.67,94.65,8.3,3.4,2.3,3.4
CA,6059,Orange County,6059062631,6059062631,0.0517,3.9,185938.0,1.5,11.1,1.8,0.0,100.0,7.9,6.1,2.6,5.0
CA,6059,Orange County,6059062632,6059062632,0.2415,5.3,146786.0,3.6,17.1,4.0,1.15,66.93,12.0,6.6,1.0,1.3
CA,6059,Orange County,6059062633,6059062633,0.0368,1.1,213191.0,1.4,4.2,0.0,4.27,100.0,5.3,3.3,0.6,1.4
CA,6059,Orange County,6059062634,6059062634,0.015,5.1,147590.0,2.1,14.7,2.0,2.35,100.0,5.2,2.2,0.5,1.0
CA,6059,Orange County,6059062635,6059062635,0.0778,3.7,158426.0,3.8,16.3,1.1,0.0,78.32,5.0,1.9,3.7,3.8
CA,6059,Orange County,6059062636,6059062636,0.2389,6.1,118474.0,6.0,19.7,1.7,0.0,60.12,9.7,4.7,0.0,6.7
CA,6059,Orange County,6059062637,6059062637,0.2582,4.9,116324.0,4.0,24.9,11.6,0.0,1.97,7.4,1.9,1.1,2.4
CA,6059,Orange County,6059062638,6059062638,0.2633,4.8,121088.0,4.9,23.2,6.3,2.33,96.92,9.6,5.4,2.9,3.5
CA,6059,Orange County,6059062639,6059062639,0.2455,4.0,132382.0,0.9,19.9,6.3,5.66,100.0,6.4,6.4,1.6,4.6
CA,6059,Orange County,6059062640,6059062640,0.2423,11.4,112262.0,6.8,25.9,9.0,1.68,34.45,4.6,4.3,4.4,3.1
CA,6059,Orange County,6059062641,6059062641,0.4742,3.0,104866.0,4.9,30.2,16.2,10.87,78.75,18.7,4.3,19.8,3.6
CA,6059,Orange County,6059062642,6059062642,0.1076,9.7,233906.0,1.6,10.1,5.1,2.92,54.49,13.3,2.8,2.0,1.0
CA,6059,Orange County,6059062643,6059062643,0.0275,5.5,177188.0,2.4,12.3,0.0,5.24,73.43,4.0,2.6,3.2,2.9
CA,6059,Orange County,6059062645,6059062645,0.0857,11.1,189833.0,0.7,14.0,3.6,1.21,50.97,9.4,1.7,1.4,2.6
CA,6059,Orange County,6059062646,6059062646,0.3791,9.4,48859.0,3.2,41.0,7.9,14.13,42.51,25.6,15.8,9.6,8.6
CA,6059,Orange County,6059062647,6059062647,0.5386,7.1,75519.0,4.3,34.9,16.9,0.72,57.48,18.5,6.6,10.2,6.7
CA,6059,Orange County,6059062648,6059062648,0.2773,8.8,64413.0,1.7,39.3,12.6,11.73,42.16,29.4,6.8,9.8,2.1
CA,6059,Orange County,6059062649,6059062649,0.3458,11.0,75028.0,2.3,38.3,6.3,3.73,99.96,22.9,16.4,8.5,1.4
CA,6059,Orange County,6059062650,6059062650,0.1563,15.8,155947.0,2.8,14.9,1.7,6.96,81.2,5.6,3.4,8.3,2.4
CA,6059,Orange County,6059062651,6059062651,0.1192,9.4,118100.0,0.6,33.2,2.3,2.62,90.82,5.0,6.7,1.4,4.3
CA,6059,Orange County,6059062652,6059062652,0.285,9.5,118533.0,8.8,24.6,0.4,0.0,100.0,13.3,2.6,3.7,3.8
CA,6059,Orange County,6059062653,6059062653,0.1439,11.0,135245.0,4.4,23.9,1.6,0.0,77.92,2.4,3.2,2.9,12.1
CA,6059,Orange County,6059062654,6059062654,0.0572,10.0,189658.0,4.9,16.9,0.0,2.27,99.19,7.4,2.4,3.2,5.6
CA,6059,Orange County,6059062655,6059062655,0.0431,2.3,235521.0,1.1,13.5,17.9,4.87,48.74,5.2,0.6,3.0,2.1
CA,6059,Orange County,6059062656,6059062656,0.0064,1.6,193672.0,0.0,15.9,5.0,1.14,1.29,11.3,3.0,3.6,0.0
CA,6059,Orange County,6059062657,6059062657,0.1457,4.9,151469.0,1.8,22.2,0.9,11.27,11.57,1.8,11.1,0.0,3.2
CA,6059,Orange County,6059062658,6059062658,0.0941,9.4,161696.0,0.8,19.9,9.1,0.0,0.0,4.0,1.6,5.8,3.2
CA,6059,Orange County,6059062701,6059062701,0.0158,5.4,168750.0,0.0,18.5,0.0,0.0,10.31,10.8,4.8,5.7,0.8
CA,6059,Orange County,6059062702,6059062702,0.0969,6.4,175486.0,0.6,28.0,5.1,0.0,24.69,9.0,3.3,4.6,0.9
CA,6059,Orange County,6059062800,6059062800,0.1212,8.8,195313.0,1.2,15.6,5.2,7.16,88.72,13.9,2.0,5.2,0.9
CA,6059,Orange County,6059062900,6059062900,0.0237,3.1,213580.0,0.6,15.9,2.7,2.58,95.9,13.4,1.6,0.5,0.7
CA,6059,Orange County,6059063004,6059063004,0.4302,7.7,117130.0,4.8,27.8,7.7,9.01,69.19,13.9,3.1,5.6,0.5
CA,6059,Orange County,6059063005,6059063005,0.1167,12.8,167833.0,3.6,23.1,4.5,0.0,10.31,8.2,2.9,8.1,0.5
CA,6059,Orange County,6059063006,6059063006,0.0588,0.3,157128.0,1.9,19.8,5.5,1.71,8.91,15.2,10.5,10.1,0.0
CA,6059,Orange County,6059063007,6059063007,0.1435,11.5,163511.0,1.8,22.3,0.0,3.38,68.95,6.0,12.0,4.2,1.0
CA,6059,Orange County,6059063008,6059063008,0.1327,5.3,200938.0,0.0,21.7,3.0,5.12,37.92,12.2,4.2,2.7,0.8
CA,6059,Orange County,6059063009,6059063009,0.0212,8.5,245250.0,0.5,16.5,1.5,0.0,86.03,4.1,4.0,5.0,0.0
CA,6059,Orange County,6059063010,6059063010,0.1418,5.1,116417.0,3.4,25.6,4.3,0.12,43.48,3.1,0.2,2.3,0.5
CA,6059,Orange County,6059063101,6059063101,0.2195,4.3,106711.0,3.7,31.7,2.3,0.0,40.5,5.1,7.6,3.3,2.4
CA,6059,Orange County,6059063102,6059063102,0.1434,5.5,119120.0,1.6,17.2,5.1,1.52,49.23,7.4,5.1,4.7,1.1
CA,6059,Orange County,6059063103,6059063103,0.0843,4.2,202500.0,3.7,15.2,1.6,0.81,86.89,6.3,1.5,2.2,0.8
CA,6059,Orange County,6059063201,6059063201,0.2681,8.7,127500.0,5.8,22.3,3.4,3.04,38.62,8.9,5.7,0.3,0.3
CA,6059,Orange County,6059063202,6059063202,0.3826,5.3,115536.0,2.4,22.6,9.2,0.0,5.81,11.4,3.4,4.1,3.0
CA,6059,Orange County,6059063301,6059063301,0.1353,5.9,148103.0,8.8,17.1,0.5,4.41,64.56,6.3,3.5,4.0,0.3
CA,6059,Orange County,6059063302,6059063302,0.0804,8.3,145096.0,2.6,14.9,0.0,0.0,0.0,5.9,7.2,6.2,0.7
CA,6059,Orange County,6059063400,6059063400,0.1207,7.0,174167.0,1.0,13.4,2.9,7.16,80.24,10.0,1.7,4.6,0.5
CA,6059,Orange County,6059063500,6059063500,0.2395,17.6,133553.0,3.8,14.2,2.9,0.0,42.14,10.2,4.9,12.6,0.6
CA,6059,Orange County,6059063601,6059063601,0.1382,2.7,140889.0,3.6,23.1,0.7,0.65,52.55,6.7,6.0,1.6,1.3
CA,6059,Orange County,6059063603,6059063603,0.3889,5.0,120022.0,6.3,27.6,6.7,8.32,96.67,9.0,3.3,9.8,3.6
CA,6059,Orange County,6059063604,6059063604,0.8405,9.0,78698.0,14.7,33.4,11.8,0.0,39.93,13.7,6.3,11.7,9.5
CA,6059,Orange County,6059063605,6059063605,0.8003,16.3,96705.0,12.3,26.9,4.3,7.69,0.8,5.0,5.8,3.8,9.4
CA,6059,Orange County,6059063701,6059063701,0.842,20.2,57058.0,19.7,41.1,9.2,3.35,3.83,5.3,4.6,11.7,16.8
CA,6059,Orange County,6059063702,6059063702,0.7385,9.1,90938.0,28.5,32.8,10.6,0.0,99.47,6.6,2.8,5.7,19.0
CA,6059,Orange County,6059063802,6059063802,0.0403,2.6,183077.0,0.7,8.4,0.7,0.0,48.79,10.0,4.2,0.8,1.8
CA,6059,Orange County,6059063803,6059063803,0.2278,12.1,119970.0,3.9,18.7,0.7,0.29,89.63,5.2,9.6,3.2,1.1
CA,6059,Orange County,6059063805,6059063805,0.3621,9.0,134333.0,8.6,22.2,3.3,7.68,78.74,10.6,9.2,3.7,1.0
CA,6059,Orange County,6059063806,6059063806,0.2408,8.0,119229.0,5.5,15.2,4.0,0.0,46.17,7.3,6.6,4.7,4.3
CA,6059,Orange County,6059063807,6059063807,0.5711,9.4,81747.0,9.6,35.0,11.2,3.38,42.24,15.5,0.3,5.7,4.5
CA,6059,Orange County,6059063808,6059063808,0.7804,11.6,86424.0,20.9,36.4,3.7,0.45,45.56,6.5,4.0,1.2,20.0
CA,6059,Orange County,6059063902,6059063902,0.3179,6.9,104026.0,12.1,32.0,3.2,0.0,0.41,9.0,6.0,1.2,4.2
CA,6059,Orange County,6059063903,6059063903,0.3885,10.7,123676.0,5.2,12.6,0.3,0.0,41.94,10.1,7.3,2.4,11.8
CA,6059,Orange County,6059063904,6059063904,0.6602,14.2,89427.0,11.9,27.9,1.5,11.39,66.06,11.0,5.2,3.5,12.9
CA,6059,Orange County,6059063905,6059063905,0.3,7.3,113468.0,5.8,22.1,2.9,4.71,13.24,13.5,4.0,11.7,3.4
CA,6059,Orange County,6059063906,6059063906,0.8204,7.7,90897.0,16.7,39.6,3.9,5.44,37.33,12.5,8.3,6.2,13.1
CA,6059,Orange County,6059063908,6059063908,0.291,8.1,93829.0,12.5,21.2,1.8,6.49,15.26,6.4,1.2,10.5,4.2
CA,6059,Orange County,6059063909,6059063909,0.266,10.8,101897.0,12.9,32.7,7.5,2.12,47.05,2.0,5.2,0.6,4.7
CA,6059,Orange County,6059063910,6059063910,0.3605,12.3,128473.0,11.5,23.3,4.7,2.68,1.59,6.4,2.2,3.8,4.2
CA,6059,Orange County,6059074003,6059074003,0.652,12.6,96500.0,14.0,28.6,6.2,6.13,92.28,9.6,5.1,8.6,8.5
CA,6059,Orange County,6059074004,6059074004,0.6775,13.1,98369.0,13.8,33.7,1.4,0.27,86.17,7.3,7.2,5.1,11.2
CA,6059,Orange County,6059074005,6059074005,0.9031,9.7,93235.0,16.3,33.0,8.1,0.0,1.74,11.1,6.8,10.6,21.3
CA,6059,Orange County,6059074006,6059074006,0.7043,8.6,79107.0,15.7,42.4,4.7,3.83,3.93,6.0,7.8,5.1,17.0
CA,6059,Orange County,6059074102,6059074102,0.7256,7.3,88281.0,8.8,37.3,2.3,0.0,14.62,5.6,6.1,8.2,17.8
CA,6059,Orange County,6059074103,6059074103,0.6278,4.9,112780.0,7.9,20.5,0.9,2.97,19.01,9.5,5.2,9.0,13.9
CA,6059,Orange County,6059074106,6059074106,0.607,12.7,90063.0,15.9,25.5,1.5,3.76,50.52,5.1,3.8,6.9,8.3
CA,6059,Orange County,6059074107,6059074107,0.3583,2.0,103472.0,4.3,32.1,10.4,1.69,28.52,11.4,3.0,1.5,4.7
CA,6059,Orange County,6059074108,6059074108,0.5696,8.0,96835.0,15.3,20.0,5.0,3.55,46.02,7.3,6.2,12.1,20.0
CA,6059,Orange County,6059074109,6059074109,0.5131,6.9,101473.0,14.2,21.6,1.9,4.12,77.44,4.7,2.6,0.6,18.6
CA,6059,Orange County,6059074110,6059074110,0.3128,4.9,132917.0,7.3,16.9,1.5,4.38,61.41,9.4,4.0,4.5,11.4
CA,6059,Orange County,6059074111,6059074111,0.5811,12.9,97452.0,8.0,20.1,2.2,0.0,28.01,11.6,3.8,12.2,16.8
CA,6059,Orange County,6059074200,6059074200,0.5528,4.0,104167.0,17.4,20.0,0.7,5.29,32.2,8.5,6.3,5.8,15.8
CA,6059,Orange County,6059074300,6059074300,0.6792,6.8,88580.0,14.5,29.0,2.3,0.0,3.05,6.2,3.8,16.2,21.9
CA,6059,Orange County,6059074403,6059074403,0.9001,15.2,56639.0,23.2,45.6,6.0,0.0,51.46,4.1,2.3,11.8,19.2
CA,6059,Orange County,6059074405,6059074405,0.9125,21.9,57741.0,12.9,48.1,5.4,1.78,40.23,8.8,3.7,15.2,16.3
CA,6059,Orange County,6059074406,6059074406,0.7917,13.7,76719.0,11.0,33.9,0.6,4.01,80.15,6.8,5.9,12.6,19.7
CA,6059,Orange County,6059074407,6059074407,0.958,19.4,57168.0,13.3,54.5,6.2,5.05,55.17,6.6,12.1,20.9,17.1
CA,6059,Orange County,6059074408,6059074408,0.8967,9.6,66450.0,19.9,49.4,5.9,5.05,24.34,5.8,7.7,6.4,17.1
CA,6059,Orange County,6059074501,6059074501,0.9456,14.4,51528.0,15.0,51.1,10.3,4.15,38.8,11.1,7.6,12.5,29.1
CA,6059,Orange County,6059074502,6059074502,0.6419,12.3,84441.0,11.2,29.7,10.5,0.0,0.0,6.8,5.6,20.8,20.2
CA,6059,Orange County,6059074601,6059074601,0.6798,7.3,104063.0,15.0,28.2,2.5,0.46,3.07,9.9,3.1,7.8,20.6
CA,6059,Orange County,6059074602,6059074602,0.8073,11.8,91052.0,18.8,32.2,3.8,0.0,29.71,7.9,3.2,9.7,22.2
CA,6059,Orange County,6059074701,6059074701,0.6475,6.2,97122.0,9.3,23.3,0.0,1.39,78.44,7.0,7.0,10.2,19.7
CA,6059,Orange County,6059074702,6059074702,0.5527,9.9,109554.0,17.0,19.6,1.4,0.0,100.0,7.1,6.2,11.6,26.4
CA,6059,Orange County,6059074801,6059074801,0.7185,8.0,81571.0,19.9,35.0,2.0,1.89,32.57,12.8,6.4,16.7,26.1
CA,6059,Orange County,6059074802,6059074802,0.878,20.4,70700.0,14.6,35.4,0.0,5.0,43.74,3.6,8.1,10.0,28.0
CA,6059,Orange County,6059074803,6059074803,0.6667,9.9,96391.0,11.6,20.1,2.8,1.15,0.0,7.1,5.5,4.1,21.9
CA,6059,Orange County,6059074805,6059074805,0.8407,16.5,68125.0,16.4,49.3,8.1,0.0,97.58,7.1,1.8,9.5,29.6
CA,6059,Orange County,6059074806,6059074806,0.7916,16.4,78453.0,16.4,27.8,4.7,4.19,38.59,9.9,4.3,11.0,27.3
CA,6059,Orange County,6059074901,6059074901,0.9603,17.0,63221.0,13.3,41.5,7.5,2.63,65.9,11.4,7.2,23.4,28.5
CA,6059,Orange County,6059074902,6059074902,0.7604,17.5,73458.0,17.2,38.0,0.8,0.0,66.37,6.4,6.2,13.2,23.4
CA,6059,Orange County,6059075002,6059075002,0.9197,22.5,44561.0,17.8,44.6,23.0,6.04,24.71,6.4,5.2,30.5,29.2
CA,6059,Orange County,6059075003,6059075003,0.9827,26.0,52500.0,20.6,60.0,7.8,0.55,81.87,9.3,9.0,24.6,24.7
CA,6059,Orange County,6059075004,6059075004,0.9798,12.4,54839.0,19.5,53.7,10.7,3.56,30.65,8.8,9.5,23.5,21.3
CA,6059,Orange County,6059075100,6059075100,0.8112,11.7,76952.0,14.1,27.4,12.9,0.38,25.96,6.6,7.8,15.6,21.9
CA,6059,Orange County,6059075201,6059075201,0.8529,13.5,78534.0,9.9,34.8,9.6,1.97,30.7,8.8,8.9,7.1,22.0
CA,6059,Orange County,6059075202,6059075202,0.4013,3.8,108250.0,4.5,19.5,0.9,15.73,84.48,6.8,3.9,14.2,17.5
CA,6059,Orange County,6059075301,6059075301,0.7204,13.5,84813.0,11.8,32.8,5.9,0.99,94.82,9.9,5.9,5.3,15.6
CA,6059,Orange County,6059075302,6059075302,0.6613,9.7,115539.0,14.1,25.3,4.9,8.07,31.73,7.1,4.2,7.7,18.3
CA,6059,Orange County,6059075303,6059075303,0.4419,6.3,122386.0,5.0,27.0,3.0,2.69,25.09,11.1,6.0,5.2,6.2
CA,6059,Orange County,6059075401,6059075401,0.5604,11.5,98529.0,7.1,22.3,16.1,0.0,20.73,18.3,1.8,25.4,6.2
CA,6059,Orange County,6059075403,6059075403,0.5502,5.5,90846.0,7.9,30.3,7.6,2.71,18.7,9.2,2.7,3.1,9.3
CA,6059,Orange County,6059075404,6059075404,0.735,12.1,107533.0,13.8,25.3,4.4,6.0,38.1,10.8,5.0,12.8,9.4
CA,6059,Orange County,6059075405,6059075405,0.6586,8.8,99904.0,11.1,26.1,6.1,4.4,100.0,7.9,4.2,4.1,9.1
CA,6059,Orange County,6059075504,6059075504,0.2393,6.6,122885.0,3.5,24.0,1.5,4.27,46.86,7.2,2.7,4.1,2.6
CA,6059,Orange County,6059075505,6059075505,0.6158,14.3,66818.0,6.5,37.8,15.5,0.0,55.64,16.9,4.7,10.0,8.8
CA,6059,Orange County,6059075506,6059075506,0.4506,3.8,105089.0,5.1,18.9,9.4,3.66,31.9,14.5,4.4,2.7,10.3
CA,6059,Orange County,6059075507,6059075507,0.6554,19.2,83583.0,9.6,41.2,1.1,0.0,17.53,8.5,7.0,2.1,4.3
CA,6059,Orange County,6059075512,6059075512,0.6504,10.9,85887.0,14.7,36.3,3.1,0.0,5.99,3.4,6.9,1.1,21.5
CA,6059,Orange County,6059075513,6059075513,0.5667,8.0,82070.0,7.3,29.1,1.5,3.66,8.47,7.6,8.0,3.8,8.6
CA,6059,Orange County,6059075514,6059075514,0.83,11.2,71300.0,19.8,40.3,4.0,0.0,0.65,4.5,5.2,5.9,13.5
CA,6059,Orange County,6059075516,6059075516,0.5986,32.7,80849.0,7.5,33.5,11.7,7.34,98.44,2.0,6.1,5.8,2.2
CA,6059,Orange County,6059075517,6059075517,0.8215,16.9,87609.0,8.8,39.7,2.9,12.51,5.53,7.9,7.6,8.3,11.1
CA,6059,Orange County,6059075518,6059075518,0.4793,15.6,129311.0,4.0,30.6,1.6,0.0,9.77,7.0,4.3,1.4,5.9
CA,6059,Orange County,6059075603,6059075603,0.2778,2.7,106406.0,2.9,27.1,2.3,0.69,52.21,11.4,4.7,2.8,2.1
CA,6059,Orange County,6059075604,6059075604,0.0783,5.3,184808.0,1.3,12.8,3.2,0.0,83.58,8.8,4.3,4.8,1.8
CA,6059,Orange County,6059075605,6059075605,0.1399,6.3,217734.0,3.3,9.8,3.7,0.0,41.79,5.1,2.6,1.8,0.9
CA,6059,Orange County,6059075606,6059075606,0.0477,2.9,206373.0,1.5,7.3,4.7,1.44,99.72,5.5,3.7,3.4,3.1
CA,6059,Orange County,6059075607,6059075607,0.0566,4.5,126066.0,1.8,19.6,1.4,1.19,94.52,5.8,4.9,0.5,2.7
CA,6059,Orange County,6059075701,6059075701,0.321,6.1,142865.0,4.2,18.9,2.9,0.0,43.05,8.0,1.8,7.7,6.5
CA,6059,Orange County,6059075702,6059075702,0.1686,4.3,153750.0,2.3,14.2,4.3,7.43,61.31,13.2,3.5,6.1,3.6
CA,6059,Orange County,6059075703,6059075703,0.0549,2.0,182981.0,0.9,10.3,1.8,6.8,97.63,7.7,3.9,3.1,1.5
CA,6059,Orange County,6059075805,6059075805,0.5056,17.7,91016.0,9.7,26.8,5.7,0.0,6.89,9.5,2.0,9.3,3.8
CA,6059,Orange County,6059075806,6059075806,0.8154,6.4,81477.0,14.8,33.5,6.6,9.92,42.73,9.9,4.9,5.6,9.8
CA,6059,Orange County,6059075807,6059075807,0.3226,5.8,134282.0,3.5,17.1,0.6,0.0,18.24,8.4,9.1,3.4,6.1
CA,6059,Orange County,6059075808,6059075808,0.0817,4.2,167750.0,1.7,9.4,1.0,3.82,90.43,10.3,2.6,3.5,1.0
CA,6059,Orange County,6059075809,6059075809,0.1379,12.2,227375.0,1.3,21.9,0.6,0.0,90.99,9.7,1.3,0.8,1.7
CA,6059,Orange County,6059075810,6059075810,0.0733,1.1,159968.0,1.1,14.5,3.2,5.57,72.99,14.3,1.1,10.3,2.6
CA,6059,Orange County,6059075811,6059075811,0.5104,11.4,100000.0,11.4,32.2,2.0,0.0,6.82,5.9,6.0,11.7,8.8
CA,6059,Orange County,6059075812,6059075812,0.5946,8.1,91353.0,8.9,31.5,1.3,0.04,17.32,7.6,1.9,2.2,5.8
CA,6059,Orange County,6059075813,6059075813,0.2369,4.6,156250.0,2.6,16.5,1.1,7.41,50.15,10.5,0.8,4.5,8.3
CA,6059,Orange County,6059075814,6059075814,0.0677,6.5,171957.0,2.1,13.5,1.7,6.47,97.9,4.1,6.7,2.7,1.0
CA,6059,Orange County,6059075815,6059075815,0.4232,7.1,108676.0,14.6,25.1,3.9,4.55,71.61,10.8,7.2,7.4,4.0
CA,6059,Orange County,6059075816,6059075816,0.5948,9.7,84881.0,2.8,34.8,3.8,2.77,40.05,9.9,8.6,7.8,7.9
CA,6059,Orange County,6059075901,6059075901,0.5152,16.3,90281.0,9.4,33.0,3.1,7.95,70.71,14.0,3.5,2.9,4.8
CA,6059,Orange County,6059075902,6059075902,0.5476,14.4,78472.0,4.4,35.1,12.6,6.11,89.22,11.4,4.0,7.9,4.9
CA,6059,Orange County,6059076001,6059076001,0.6841,7.7,82049.0,5.0,32.6,2.5,0.0,96.49,9.8,6.3,5.5,4.1
CA,6059,Orange County,6059076002,6059076002,0.3967,19.4,90250.0,0.0,42.6,34.2,3.55,43.62,17.8,0.0,28.9,0.7
CA,6059,Orange County,6059076102,6059076102,0.8177,13.1,68214.0,5.9,39.3,7.2,16.95,89.94,9.3,7.0,9.2,9.0
CA,6059,Orange County,6059076103,6059076103,0.9018,8.3,70593.0,11.7,43.5,1.1,5.33,36.89,12.5,7.2,12.8,12.6
CA,6059,Orange County,6059076104,6059076104,0.4601,10.0,120042.0,6.7,29.4,3.7,3.51,57.33,6.3,1.9,1.2,7.8
CA,6059,Orange County,6059076105,6059076105,0.4457,12.5,119813.0,5.6,18.2,8.1,2.14,90.61,11.5,3.1,5.9,5.5
CA,6059,Orange County,6059076201,6059076201,0.3094,6.4,135399.0,4.5,10.3,2.0,5.58,100.0,8.5,6.6,9.1,3.5
CA,6059,Orange County,6059076202,6059076202,0.443,10.0,107250.0,8.9,28.5,3.5,1.16,57.23,9.6,2.0,7.5,9.3
CA,6059,Orange County,6059076204,6059076204,0.8585,12.1,80994.0,14.6,28.7,1.6,4.22,100.0,9.4,6.3,7.1,18.8
CA,6059,Orange County,6059076205,6059076205,0.373,18.3,104138.0,5.7,26.9,0.0,4.08,86.06,9.2,10.5,4.8,3.5
CA,6059,Orange County,6059076206,6059076206,0.419,12.7,97803.0,9.5,20.4,2.3,0.0,0.0,8.7,0.7,4.5,3.8
CA,6059,Orange County,6059076208,6059076208,0.4507,9.4,123173.0,6.1,20.8,3.6,0.94,40.36,9.8,4.6,3.7,1.7
CA,6059,Orange County,6059086301,6059086301,0.6029,11.4,90316.0,12.9,24.2,3.5,1.86,28.25,9.1,5.4,5.3,12.9
CA,6059,Orange County,6059086303,6059086303,0.7596,18.8,89059.0,8.9,26.0,4.4,0.22,100.0,10.2,2.2,9.6,8.2
CA,6059,Orange County,6059086304,6059086304,0.5887,7.7,74648.0,5.8,41.1,7.1,0.0,37.35,10.3,6.1,6.4,9.0
CA,6059,Orange County,6059086305,6059086305,0.3812,5.5,137692.0,14.5,19.4,2.1,1.0,62.57,8.5,4.4,5.1,11.5
CA,6059,Orange County,6059086306,6059086306,0.7095,9.8,86026.0,16.7,28.9,3.9,13.95,100.0,9.9,4.4,11.2,17.2
CA,6059,Orange County,6059086402,6059086402,0.5907,2.7,117006.0,9.9,16.8,1.7,7.09,0.0,7.2,5.0,11.7,13.1
CA,6059,Orange County,6059086404,6059086404,0.7243,9.8,84543.0,11.3,31.0,2.7,4.98,48.03,7.5,3.1,8.4,16.1
CA,6059,Orange County,6059086405,6059086405,0.8854,15.0,77411.0,13.0,32.4,6.9,2.16,51.57,9.4,7.4,12.9,18.4
CA,6059,Orange County,6059086406,6059086406,0.7404,6.5,78807.0,18.1,43.0,1.7,2.76,81.3,10.3,2.6,10.7,12.6
CA,6059,Orange County,6059086407,6059086407,0.8299,12.2,81934.0,14.6,35.2,5.0,0.86,99.37,11.4,7.5,13.8,6.7
CA,6059,Orange County,6059086501,6059086501,0.5914,17.2,73844.0,10.7,32.9,0.6,2.54,34.73,13.7,8.9,16.3,17.0
CA,6059,Orange County,6059086502,6059086502,0.8192,17.3,79435.0,23.9,37.5,4.3,0.0,2.83,5.0,3.8,21.5,23.0
CA,6059,Orange County,6059086601,6059086601,0.9535,13.8,62308.0,17.2,49.8,13.2,3.99,98.52,8.2,6.6,12.8,19.3
CA,6059,Orange County,6059086602,6059086602,0.8393,10.2,65000.0,10.8,48.0,6.3,6.0,60.63,7.4,4.6,5.1,19.8
CA,6059,Orange County,6059086701,6059086701,0.755,12.2,101667.0,7.2,35.2,5.6,0.0,44.96,11.5,2.8,8.9,17.7
CA,6059,Orange County,6059086702,6059086702,0.9178,13.0,62875.0,14.7,48.2,7.5,3.49,18.75,14.5,8.3,2.8,21.1
CA,6059,Orange County,6059086801,6059086801,0.381,8.9,98284.0,8.4,12.3,0.2,4.29,17.21,14.6,4.2,1.9,1.7
CA,6059,Orange County,6059086802,6059086802,0.7301,13.9,108839.0,12.9,29.5,2.8,1.88,84.28,7.6,4.5,6.4,12.9
CA,6059,Orange County,6059086803,6059086803,0.9195,14.6,82773.0,14.2,41.5,10.2,10.61,42.09,9.9,7.4,7.6,11.5
CA,6059,Orange County,6059086901,6059086901,0.9343,17.1,54324.0,9.9,50.8,9.4,0.0,50.48,11.4,11.7,21.5,11.4
CA,6059,Orange County,6059086902,6059086902,0.9219,17.1,70591.0,6.9,34.4,17.8,5.67,30.66,20.6,6.0,14.8,11.4
CA,6059,Orange County,6059086903,6059086903,0.7233,17.5,76935.0,13.0,33.1,7.1,0.23,23.77,11.0,3.4,10.5,8.2
CA,6059,Orange County,6059087001,6059087001,0.9647,24.1,53819.0,14.9,50.6,6.9,7.65,66.55,9.5,7.3,8.1,14.8
CA,6059,Orange County,6059087002,6059087002,0.7448,16.2,83818.0,7.2,40.5,14.2,0.0,8.67,10.5,4.4,9.1,13.4
CA,6059,Orange County,6059087101,6059087101,0.7348,18.6,70260.0,11.7,37.3,5.3,0.0,11.61,8.6,7.0,11.4,11.8
CA,6059,Orange County,6059087102,6059087102,0.8513,21.3,70385.0,12.5,45.0,6.5,5.22,94.38,8.7,8.1,3.6,13.4
CA,6059,Orange County,6059087103,6059087103,0.5513,6.2,98824.0,9.6,23.0,0.4,0.0,22.44,12.6,1.7,7.1,9.6
CA,6059,Orange County,6059087105,6059087105,0.7334,7.3,100660.0,8.1,25.5,10.5,0.0,34.59,10.0,6.9,10.2,10.5
CA,6059,Orange County,6059087106,6059087106,0.9741,9.0,53509.0,11.2,49.3,12.7,6.59,52.98,11.4,3.3,21.7,18.9
CA,6059,Orange County,6059087200,6059087200,0.8388,21.5,85272.0,15.4,39.3,6.1,7.65,78.78,9.0,5.2,6.6,14.8
CA,6059,Orange County,6059087301,6059087301,0.8271,29.1,75265.0,15.5,44.1,0.9,0.0,77.86,8.2,5.5,9.8,15.3
CA,6059,Orange County,6059087302,6059087302,0.7597,5.0,79196.0,15.9,36.3,11.2,0.31,57.39,5.6,7.8,6.7,13.0
CA,6059,Orange County,6059087401,6059087401,0.2033,2.9,140353.0,8.2,25.0,1.6,0.0,95.43,5.3,2.9,6.4,8.7
CA,6059,Orange County,6059087403,6059087403,0.9623,16.6,63942.0,18.9,34.3,4.5,1.74,0.54,8.2,6.2,12.4,19.0
CA,6059,Orange County,6059087404,6059087404,0.896,15.5,66691.0,15.3,44.6,3.7,5.87,18.92,6.7,4.2,5.8,15.3
CA,6059,Orange County,6059087405,6059087405,0.8667,22.0,66886.0,20.9,44.0,4.7,0.99,28.4,8.0,4.4,12.9,18.1
CA,6059,Orange County,6059087503,6059087503,0.8235,14.1,71129.0,14.0,47.7,3.1,0.0,88.46,7.3,4.9,1.9,17.2
CA,6059,Orange County,6059087504,6059087504,0.9337,16.7,82773.0,17.2,35.0,6.5,11.36,83.72,7.0,6.8,9.9,19.9
CA,6059,Orange County,6059087505,6059087505,0.8292,26.2,56028.0,10.3,41.5,5.1,6.43,71.23,4.2,6.8,6.3,15.6
CA,6059,Orange County,6059087601,6059087601,0.7492,12.8,90386.0,6.2,33.3,12.3,0.61,1.85,11.0,5.1,4.8,7.1
CA,6059,Orange County,6059087602,6059087602,0.8471,13.9,87313.0,12.5,38.6,1.6,1.06,1.63,11.6,3.6,10.5,17.7
CA,6059,Orange County,6059087701,6059087701,0.8936,23.2,78631.0,10.0,38.4,12.6,4.61,0.0,13.7,10.4,8.6,12.3
CA,6059,Orange County,6059087703,6059087703,0.7499,10.6,90033.0,8.2,33.3,4.1,1.13,67.94,8.8,7.8,4.8,14.3
CA,6059,Orange County,6059087704,6059087704,0.5883,12.2,78536.0,11.7,36.3,4.1,3.67,94.05,6.3,3.8,4.7,12.3
CA,6059,Orange County,6059087801,6059087801,0.7871,10.7,85633.0,11.4,23.2,8.1,0.0,31.78,11.7,6.7,9.0,19.4
CA,6059,Orange County,6059087802,6059087802,0.808,9.1,81140.0,6.1,37.8,2.3,0.0,23.1,7.4,5.3,8.4,20.4
CA,6059,Orange County,6059087803,6059087803,0.8438,15.1,67927.0,10.0,43.7,3.9,4.97,6.09,9.1,15.2,11.5,20.9
CA,6059,Orange County,6059087805,6059087805,0.9744,14.5,76250.0,8.8,38.2,14.2,1.9,20.95,12.0,10.4,7.7,15.9
CA,6059,Orange County,6059087806,6059087806,0.8475,18.3,73142.0,12.2,43.5,9.4,0.0,13.03,7.9,4.3,11.1,18.5
CA,6059,Orange County,6059087901,6059087901,0.8429,19.0,49429.0,12.1,44.8,10.7,4.1,8.49,18.5,4.1,9.4,18.1
CA,6059,Orange County,6059087902,6059087902,0.8814,13.6,79583.0,11.0,36.9,9.1,5.51,82.17,8.1,4.9,9.2,21.3
CA,6059,Orange County,6059088001,6059088001,0.6136,11.6,96848.0,2.4,29.9,4.4,0.0,51.8,9.9,4.3,15.6,18.5
CA,6059,Orange County,6059088002,6059088002,0.831,15.8,79911.0,12.7,44.5,4.3,0.0,47.58,12.0,2.6,8.3,15.7
CA,6059,Orange County,6059088101,6059088101,0.3494,20.8,92644.0,7.7,32.1,2.2,3.64,2.24,7.3,2.6,4.0,4.6
CA,6059,Orange County,6059088104,6059088104,0.9347,13.0,70789.0,11.2,32.7,9.5,9.17,71.35,10.5,10.2,8.6,10.4
CA,6059,Orange County,6059088105,6059088105,0.7176,12.5,107528.0,11.3,23.6,7.9,0.43,39.04,14.9,9.8,5.5,20.9
CA,6059,Orange County,6059088106,6059088106,0.6966,7.9,79972.0,10.4,29.3,3.5,0.83,47.43,9.1,8.6,4.5,16.8
CA,6059,Orange County,6059088107,6059088107,0.8649,14.9,61449.0,7.7,47.3,6.9,2.28,78.02,14.0,6.7,12.0,23.4
CA,6059,Orange County,6059088201,6059088201,0.872,26.2,69010.0,9.3,36.3,6.9,2.04,10.9,8.3,6.7,10.1,22.0
CA,6059,Orange County,6059088202,6059088202,0.4259,6.3,115217.0,2.6,21.4,0.9,4.56,42.36,8.8,4.0,5.0,13.1
CA,6059,Orange County,6059088203,6059088203,0.8206,10.4,85259.0,4.8,29.6,11.7,2.84,17.98,16.4,1.9,15.6,16.5
CA,6059,Orange County,6059088301,6059088301,0.8468,16.1,93681.0,5.1,31.1,3.7,4.34,22.24,13.3,7.7,9.6,17.7
CA,6059,Orange County,6059088302,6059088302,0.5647,12.0,90345.0,7.2,28.7,1.4,5.58,31.32,11.2,3.8,5.0,14.1
CA,6059,Orange County,6059088401,6059088401,0.4553,3.6,113059.0,4.4,15.2,0.8,6.86,13.39,13.9,8.6,11.1,12.0
CA,6059,Orange County,6059088402,6059088402,0.7469,10.1,94301.0,11.5,32.2,7.3,1.55,0.0,8.7,9.9,13.8,17.9
CA,6059,Orange County,6059088403,6059088403,0.4784,7.6,92058.0,7.3,28.8,3.7,0.0,21.18,7.2,3.6,3.6,12.6
CA,6059,Orange County,6059088501,6059088501,0.8243,10.7,90815.0,10.4,29.3,7.3,0.0,16.97,6.4,7.8,10.2,18.4
CA,6059,Orange County,6059088502,6059088502,0.851,15.0,88607.0,9.3,34.4,10.7,1.55,19.05,12.2,1.5,10.8,19.6
CA,6059,Orange County,6059088601,6059088601,0.6601,13.4,85263.0,8.6,28.7,5.5,2.38,32.23,11.1,1.8,18.6,24.8
CA,6059,Orange County,6059088602,6059088602,0.7067,13.9,95335.0,10.4,32.4,3.2,0.36,20.39,10.8,5.5,7.0,17.1
CA,6059,Orange County,6059088701,6059088701,0.8997,14.4,68664.0,5.9,42.6,7.7,8.37,63.99,7.1,12.0,14.2,27.1
CA,6059,Orange County,6059088702,6059088702,0.857,12.0,75446.0,7.9,34.4,9.0,3.65,58.67,10.8,6.8,9.3,23.0
CA,6059,Orange County,6059088801,6059088801,0.8924,18.9,75982.0,8.9,43.7,6.5,4.27,56.17,14.6,6.3,10.8,27.8
CA,6059,Orange County,6059088802,6059088802,0.9006,12.4,70583.0,12.0,44.4,7.5,5.75,42.62,7.5,7.5,6.0,23.2
CA,6059,Orange County,6059088901,6059088901,0.9283,16.4,70664.0,5.8,35.9,12.2,2.78,11.93,13.4,4.5,4.5,29.9
CA,6059,Orange County,6059088902,6059088902,0.6975,15.0,85172.0,4.8,32.5,1.6,1.6,42.94,8.6,7.6,2.6,30.2
CA,6059,Orange County,6059088903,6059088903,0.8948,12.2,87273.0,8.2,33.7,6.4,6.79,46.05,10.1,3.9,8.6,26.1
CA,6059,Orange County,6059088904,6059088904,0.7677,17.0,64280.0,4.7,41.0,8.9,0.0,10.4,9.8,5.7,1.2,30.0
CA,6059,Orange County,6059088905,6059088905,0.7852,9.0,69408.0,4.7,31.4,10.4,0.0,25.74,14.3,3.3,9.7,32.9
CA,6059,Orange County,6059089001,6059089001,0.7996,7.3,57230.0,13.3,48.6,1.4,0.73,45.37,8.5,6.9,17.3,33.1
CA,6059,Orange County,6059089003,6059089003,0.6805,15.1,88211.0,6.4,31.9,4.3,1.86,1.94,9.7,7.4,8.1,25.2
CA,6059,Orange County,6059089004,6059089004,0.8143,10.5,65833.0,17.5,32.4,3.9,1.68,8.57,9.6,3.4,15.6,23.0
CA,6059,Orange County,6059089102,6059089102,0.7124,15.6,102315.0,15.1,30.0,2.9,0.0,5.03,8.0,2.1,1.9,17.6
CA,6059,Orange County,6059089104,6059089104,0.9936,27.7,56480.0,16.1,48.8,15.8,0.0,1.3,11.4,4.7,26.9,29.9
CA,6059,Orange County,6059089105,6059089105,0.9653,14.6,64891.0,22.2,41.9,6.1,0.58,10.53,9.4,6.4,12.1,23.4
CA,6059,Orange County,6059089106,6059089106,0.9304,12.5,75134.0,16.0,32.0,10.0,0.0,17.84,8.1,2.7,7.8,25.9
CA,6059,Orange County,6059089107,6059089107,0.5003,8.2,138947.0,7.0,16.8,3.0,4.04,93.11,4.9,5.6,7.0,14.0
CA,6059,Orange County,6059099202,6059099202,0.6809,9.2,87892.0,7.0,34.3,4.9,1.51,10.48,9.5,2.9,6.9,20.5
CA,6059,Orange County,6059099203,6059099203,0.6365,5.2,92833.0,4.7,20.4,3.0,2.04,52.95,11.1,10.6,5.6,21.5
CA,6059,Orange County,6059099204,6059099204,0.8288,13.8,81902.0,6.9,37.2,8.3,6.1,2.75,10.4,7.8,7.6,19.0
CA,6059,Orange County,6059099212,6059099212,0.5552,10.9,84267.0,3.9,35.4,0.3,0.57,22.95,10.5,9.0,3.6,7.1
CA,6059,Orange County,6059099214,6059099214,0.4763,7.2,107100.0,2.8,27.8,1.1,2.7,58.45,13.2,5.8,5.7,2.1
CA,6059,Orange County,6059099215,6059099215,0.1584,2.0,131250.0,5.6,13.1,2.3,0.0,14.61,9.5,6.2,4.0,1.7
CA,6059,Orange County,6059099216,6059099216,0.2096,7.5,121551.0,9.1,19.6,1.6,0.0,9.47,4.7,4.1,3.1,1.0
CA,6059,Orange County,6059099217,6059099217,0.0577,4.6,154063.0,1.5,9.8,0.7,2.79,43.59,6.3,6.4,5.0,0.7
CA,6059,Orange County,6059099220,6059099220,0.2381,11.1,110721.0,9.2,35.2,0.6,6.92,30.23,8.1,4.6,2.0,0.3
CA,6059,Orange County,6059099222,6059099222,0.8923,21.9,82750.0,6.3,30.0,8.3,2.61,2.28,13.2,16.6,4.1,28.2
CA,6059,Orange County,6059099223,6059099223,0.8452,13.5,77083.0,9.9,36.6,12.7,5.78,9.22,12.4,3.9,10.2,23.1
CA,6059,Orange County,6059099224,6059099224,0.3219,7.8,105268.0,2.6,24.7,9.3,5.19,9.28,10.5,4.5,6.4,9.6
CA,6059,Orange County,6059099225,6059099225,0.2585,5.3,135227.0,1.7,14.4,0.0,0.0,8.15,7.9,5.0,4.0,10.6
CA,6059,Orange County,6059099226,6059099226,0.3167,12.8,92065.0,3.1,15.7,3.0,0.0,2.05,11.3,15.2,5.2,8.9
CA,6059,Orange County,6059099227,6059099227,0.6529,8.3,90673.0,5.5,30.1,3.7,5.76,92.41,8.0,5.6,7.2,12.7
CA,6059,Orange County,6059099229,6059099229,0.6663,5.6,79636.0,7.4,33.7,5.6,0.0,62.2,11.9,8.8,9.8,6.8
CA,6059,Orange County,6059099230,6059099230,0.3242,9.3,107679.0,2.0,24.9,0.8,3.36,5.36,12.2,3.0,5.7,7.3
CA,6059,Orange County,6059099231,6059099231,0.0344,5.0,163664.0,2.8,14.9,0.0,1.68,96.82,8.1,2.6,2.1,3.1
CA,6059,Orange County,6059099232,6059099232,0.2485,5.0,130911.0,3.6,18.0,0.3,3.86,37.06,8.5,5.9,3.6,3.1
CA,6059,Orange County,6059099233,6059099233,0.4756,8.2,117321.0,6.0,19.3,5.3,0.0,49.14,10.4,7.8,4.8,10.1
CA,6059,Orange County,6059099234,6059099234,0.3466,4.9,108348.0,0.3,27.6,4.5,3.31,66.2,8.2,7.8,8.7,8.3
CA,6059,Orange County,6059099235,6059099235,0.3146,4.2,118584.0,5.1,18.8,1.6,3.92,78.68,11.4,6.0,3.0,2.1
CA,6059,Orange County,6059099237,6059099237,0.3273,5.8,137683.0,4.3,17.4,6.0,5.77,25.27,10.5,8.4,7.9,1.3
CA,6059,Orange County,6059099238,6059099238,0.3367,13.5,145556.0,3.7,16.0,1.4,7.85,56.07,10.4,2.5,4.1,4.4
CA,6059,Orange County,6059099239,6059099239,0.0317,8.0,177917.0,3.3,13.3,0.0,0.55,89.73,8.0,4.4,1.5,1.8
CA,6059,Orange County,6059099240,6059099240,0.1793,4.4,113750.0,5.5,18.9,1.9,0.0,11.98,9.8,3.9,3.8,0.9
CA,6059,Orange County,6059099241,6059099241,0.2606,6.4,89688.0,3.2,29.1,0.9,0.0,98.48,7.3,8.5,6.7,9.9
CA,6059,Orange County,6059099242,6059099242,0.3614,4.9,112044.0,7.0,16.7,1.6,6.6,12.71,14.4,7.7,5.5,5.5
CA,6059,Orange County,6059099243,6059099243,0.2394,4.7,120533.0,3.8,21.3,4.4,0.0,37.62,8.5,2.2,3.9,0.3
CA,6059,Orange County,6059099244,6059099244,0.0809,1.3,105616.0,1.2,25.4,1.9,4.51,30.46,19.4,4.4,6.5,0.8
CA,6059,Orange County,6059099245,6059099245,0.0551,4.7,142694.0,3.3,22.9,3.0,3.97,59.32,7.4,3.7,4.9,4.6
CA,6059,Orange County,6059099246,6059099246,0.3027,5.7,143851.0,4.1,11.3,7.3,3.38,87.2,8.7,6.1,3.9,2.2
CA,6059,Orange County,6059099247,6059099247,0.8569,15.7,74219.0,6.7,32.6,4.2,7.35,80.5,11.9,10.6,6.1,30.8
CA,6059,Orange County,6059099248,6059099248,0.9024,17.0,65476.0,14.0,40.5,4.3,0.0,4.59,15.2,7.4,19.2,27.4
CA,6059,Orange County,6059099249,6059099249,0.7792,13.1,72639.0,18.2,36.0,6.4,0.36,11.84,5.7,5.9,12.3,20.0
CA,6059,Orange County,6059099250,6059099250,0.3759,8.0,127230.0,4.5,26.9,6.6,0.0,53.93,7.9,2.4,1.7,9.1
CA,6059,Orange County,6059099251,6059099251,0.5814,5.8,80449.0,6.5,42.3,12.6,0.0,99.81,10.9,5.5,10.7,8.1
CA,6059,Orange County,6059099305,6059099305,0.5628,8.8,90938.0,9.5,34.0,1.9,6.32,20.22,9.5,4.0,8.5,4.3
CA,6059,Orange County,6059099306,6059099306,0.0886,5.7,99794.0,7.1,25.4,0.6,0.0,33.02,10.7,3.6,2.0,0.0
CA,6059,Orange County,6059099307,6059099307,0.1731,7.8,120833.0,2.6,18.5,2.6,4.14,1.11,8.3,5.9,3.5,0.7
CA,6059,Orange County,6059099308,6059099308,0.0081,3.8,250001.0,0.7,9.0,0.0,0.0,84.03,5.7,0.0,5.5,5.1
CA,6059,Orange County,6059099309,6059099309,0.1387,5.9,124881.0,3.4,25.7,9.6,0.0,22.87,8.9,3.1,8.6,0.3
CA,6059,Orange County,6059099310,6059099310,0.0066,6.1,125227.0,5.6,16.5,2.6,3.53,89.91,3.5,3.1,2.3,0.0
CA,6059,Orange County,6059099311,6059099311,0.059,1.1,114333.0,3.0,21.6,4.0,2.86,4.94,7.0,3.0,7.6,0.3
CA,6059,Orange County,6059099402,6059099402,0.8296,15.0,70854.0,10.4,40.9,1.6,1.72,51.74,8.9,7.7,12.5,9.2
CA,6059,Orange County,6059099404,6059099404,0.0524,3.5,137143.0,3.6,9.7,1.2,1.24,98.23,9.1,8.5,1.8,0.5
CA,6059,Orange County,6059099405,6059099405,0.2962,13.3,113021.0,4.6,19.8,0.0,5.47,33.55,9.0,3.5,8.6,2.1
CA,6059,Orange County,6059099406,6059099406,0.3804,7.9,116223.0,5.9,26.5,4.3,0.0,76.93,7.6,9.3,5.2,2.8
CA,6059,Orange County,6059099407,6059099407,0.3416,6.9,113333.0,2.1,27.6,10.4,2.9,19.09,12.7,3.7,12.8,3.7
CA,6059,Orange County,6059099408,6059099408,0.2867,3.9,121250.0,2.4,13.4,1.0,0.0,22.07,11.5,6.3,4.9,2.5
CA,6059,Orange County,6059099410,6059099410,0.5562,14.1,102417.0,11.3,38.1,5.0,4.79,9.13,8.6,8.4,2.3,7.2
CA,6059,Orange County,6059099411,6059099411,0.4938,14.7,77091.0,5.5,40.1,1.9,3.85,21.0,12.3,2.7,7.3,8.2
CA,6059,Orange County,6059099412,6059099412,0.4774,7.4,101111.0,3.5,29.5,1.9,2.02,22.42,12.1,7.2,8.1,2.7
CA,6059,Orange County,6059099415,6059099415,0.0243,1.6,156742.0,3.4,14.7,0.9,0.0,88.04,7.1,5.7,5.6,0.4
CA,6059,Orange County,6059099416,6059099416,0.2209,7.9,97125.0,10.4,21.4,7.5,0.0,57.64,7.9,6.9,6.4,0.7
CA,6059,Orange County,6059099417,6059099417,0.1348,7.9,128682.0,4.5,24.3,2.7,2.94,16.5,9.9,3.5,17.0,0.6
CA,6059,Orange County,6059099418,6059099418,0.7324,19.1,67598.0,3.4,40.9,27.5,3.37,87.33,18.3,6.3,21.3,7.0
CA,6059,Orange County,6059099419,6059099419,0.3491,4.3,146918.0,1.2,20.2,2.9,0.38,17.85,12.5,4.2,1.9,1.9
CA,6059,Orange County,6059099502,6059099502,0.2968,0.6,83281.0,3.8,42.1,0.0,5.66,83.76,8.1,12.1,0.0,2.1
CA,6059,Orange County,6059099504,6059099504,0.0503,2.6,160875.0,3.0,16.0,3.1,0.0,16.3,8.2,1.8,2.2,0.9
CA,6059,Orange County,6059099506,6059099506,0.0175,2.5,114839.0,3.9,24.4,2.2,0.0,98.3,5.8,2.8,3.0,1.2
CA,6059,Orange County,6059099508,6059099508,0.4972,7.6,89258.0,3.3,25.1,9.4,6.88,38.5,15.8,8.9,8.9,1.7
CA,6059,Orange County,6059099509,6059099509,0.5267,13.6,45964.0,0.4,20.5,17.6,17.29,100.0,30.3,3.3,20.6,11.6
CA,6059,Orange County,6059099510,6059099510,0.3459,8.7,40449.0,1.5,18.3,18.9,12.34,100.0,40.4,2.7,23.6,7.1
CA,6059,Orange County,6059099511,6059099511,0.1667,7.0,120985.0,8.3,28.4,4.4,0.08,51.86,11.1,1.6,6.3,0.5
CA,6059,Orange County,6059099512,6059099512,0.2303,9.3,110799.0,2.0,28.4,3.1,0.0,12.58,10.4,4.5,2.5,0.0
CA,6059,Orange County,6059099513,6059099513,0.0697,4.0,119766.0,2.4,14.2,0.0,0.0,99.92,6.2,3.0,7.7,2.9
CA,6059,Orange County,6059099514,6059099514,0.0458,4.8,148457.0,2.5,14.1,0.6,0.0,55.07,11.4,6.1,1.8,1.2
CA,6059,Orange County,6059099601,6059099601,0.7941,17.0,65969.0,5.9,45.4,7.6,2.25,0.0,10.4,10.1,6.6,18.3
CA,6059,Orange County,6059099602,6059099602,0.4042,8.0,130722.0,6.7,21.7,7.6,0.0,83.0,12.4,2.6,3.3,9.9
CA,6059,Orange County,6059099603,6059099603,0.0408,5.1,148520.0,3.9,17.4,1.6,5.01,96.15,12.7,1.8,3.9,1.9
CA,6059,Orange County,6059099604,6059099604,0.1028,3.6,126157.0,2.7,17.2,2.2,0.0,44.93,14.7,5.1,4.9,1.1
CA,6059,Orange County,6059099605,6059099605,0.2715,5.6,128688.0,2.0,19.4,0.6,3.36,20.65,12.5,11.0,4.8,3.8
CA,6059,Orange County,6059099701,6059099701,0.8966,16.6,69500.0,7.5,32.8,13.5,5.59,60.46,14.5,9.5,12.5,23.8
CA,6059,Orange County,6059099702,6059099702,0.8365,24.0,79358.0,6.1,31.7,8.5,0.0,22.76,12.7,3.8,9.2,20.5
CA,6059,Orange County,6059099703,6059099703,0.6902,17.2,91960.0,5.6,27.2,8.0,0.0,12.06,13.3,5.3,8.9,11.3
CA,6059,Orange County,6059099801,6059099801,0.9244,13.8,85833.0,13.3,30.9,5.1,3.9,2.99,11.9,14.3,13.5,30.6
CA,6059,Orange County,6059099802,6059099802,0.9915,26.5,36441.0,11.2,60.6,14.6,7.67,63.76,21.9,6.6,15.2,23.4
CA,6059,Orange County,6059099803,6059099803,0.9319,16.2,60580.0,9.4,44.3,12.7,6.91,21.25,11.5,5.1,10.9,33.7
CA,6059,Orange County,6059099902,6059099902,0.4347,11.7,100920.0,4.7,35.1,2.7,6.11,89.98,8.4,10.5,9.8,7.8
CA,6059,Orange County,6059099903,6059099903,0.8287,24.8,67109.0,8.3,42.9,3.1,0.0,25.9,11.1,5.4,2.9,20.6
CA,6059,Orange County,6059099904,6059099904,0.9118,12.1,59878.0,9.6,46.2,9.3,1.19,8.83,10.1,7.2,10.7,23.2
CA,6059,Orange County,6059099905,6059099905,0.6251,11.0,96797.0,8.8,30.4,0.9,3.87,100.0,7.8,5.5,5.5,11.7
CA,6059,Orange County,6059099906,6059099906,0.294,9.8,125698.0,3.6,15.9,3.4,4.31,100.0,9.3,8.4,6.1,3.2
CA,6059,Orange County,6059110001,6059110001,0.0994,4.9,141129.0,4.6,10.2,4.0,0.0,25.65,6.4,5.5,7.3,1.8
CA,6059,Orange County,6059110003,6059110003,0.2971,10.1,111750.0,3.6,34.1,5.9,2.0,78.5,12.6,8.5,14.6,3.5
CA,6059,Orange County,6059110004,6059110004,0.0959,2.0,117750.0,2.2,16.6,1.0,0.0,96.72,8.1,3.7,5.0,3.2
CA,6059,Orange County,6059110005,6059110005,0.0798,2.5,145804.0,1.6,3.5,1.3,0.0,93.95,11.8,2.5,2.3,4.0
CA,6059,Orange County,6059110006,6059110006,0.0725,7.5,173636.0,2.6,7.9,0.0,0.0,41.22,5.7,3.1,7.1,3.2
CA,6059,Orange County,6059110007,6059110007,0.0189,1.8,209717.0,1.0,9.1,0.3,1.2,79.41,8.9,6.6,6.8,0.9
CA,6059,Orange County,6059110008,6059110008,0.2094,1.8,140781.0,2.4,18.6,1.9,4.22,45.6,9.4,5.5,1.5,2.8
CA,6059,Orange County,6059110010,6059110010,0.2306,5.1,153242.0,3.0,16.6,2.1,0.0,53.47,16.0,6.0,3.8,3.2
CA,6059,Orange County,6059110011,6059110011,0.0877,6.9,138295.0,2.3,17.3,0.7,0.0,15.64,9.0,5.4,1.4,5.6
CA,6059,Orange County,6059110012,6059110012,0.2218,1.9,142656.0,1.3,23.2,8.6,5.41,95.24,13.2,5.9,6.9,2.6
CA,6059,Orange County,6059110014,6059110014,0.5135,10.4,88708.0,9.9,34.1,4.0,0.0,54.06,6.6,6.2,4.8,2.2
CA,6059,Orange County,6059110015,6059110015,0.1044,6.1,141250.0,2.7,14.8,3.1,4.2,52.43,10.1,3.0,3.4,1.9
CA,6059,Orange County,6059110102,6059110102,0.566,9.6,118898.0,6.5,19.0,3.4,0.0,12.12,10.9,5.4,5.5,9.4
CA,6059,Orange County,6059110104,6059110104,0.5625,3.5,90878.0,6.3,34.3,13.9,7.62,95.97,9.9,5.9,11.1,9.1
CA,6059,Orange County,6059110106,6059110106,0.1756,2.4,131442.0,2.9,14.2,0.9,7.39,19.5,11.7,4.9,6.4,4.6
CA,6059,Orange County,6059110108,6059110108,0.7626,7.8,77500.0,17.1,40.2,0.6,7.67,73.88,7.4,14.3,6.2,2.3
CA,6059,Orange County,6059110109,6059110109,0.4335,6.0,124076.0,5.4,20.5,5.1,10.39,62.14,6.2,3.8,3.3,6.1
CA,6059,Orange County,6059110110,6059110110,0.6187,12.8,80373.0,8.8,36.2,1.9,3.34,17.19,9.4,5.2,4.6,11.4
CA,6059,Orange County,6059110111,6059110111,0.389,10.6,111208.0,3.8,20.0,2.1,6.75,90.96,7.4,9.4,4.1,3.1
CA,6059,Orange County,6059110113,6059110113,0.3393,8.1,113125.0,3.0,9.4,7.6,0.0,10.04,13.7,4.5,11.8,8.8
CA,6059,Orange County,6059110114,6059110114,0.2483,4.7,118000.0,3.6,11.9,3.7,1.05,58.41,15.3,5.7,2.8,4.7
CA,6059,Orange County,6059110115,6059110115,0.2789,8.3,89572.0,7.0,28.8,9.5,0.0,14.49,4.9,3.9,1.2,6.6
CA,6059,Orange County,6059110116,6059110116,0.4978,7.1,112841.0,4.3,24.0,9.6,0.0,19.02,8.8,3.5,1.7,5.4
CA,6059,Orange County,6059110117,6059110117,0.5912,8.4,126326.0,10.9,16.7,4.5,4.38,3.69,7.9,3.8,6.5,8.2
CA,6059,Orange County,6059110118,6059110118,0.0314,1.6,188750.0,2.7,8.6,1.2,0.0,71.78,6.9,6.0,2.1,6.9
CA,6059,Orange County,6059110201,6059110201,0.8039,10.3,80060.0,4.6,40.7,4.5,0.0,4.78,14.0,3.7,5.3,15.0
CA,6059,Orange County,6059110202,6059110202,0.8629,10.0,75493.0,7.6,41.6,6.9,11.31,54.72,13.8,5.8,12.5,11.6
CA,6059,Orange County,6059110203,6059110203,0.2522,8.9,126263.0,3.3,14.1,1.3,3.29,63.85,12.9,5.5,5.3,4.6
CA,6059,Orange County,6059110301,6059110301,0.2496,6.4,117241.0,4.1,24.4,1.2,4.26,57.08,9.6,2.1,2.9,8.3
CA,6059,Orange County,6059110302,6059110302,0.5071,5.1,104539.0,3.5,22.8,3.4,0.0,25.81,10.0,2.2,2.1,8.2
CA,6059,Orange County,6059110303,6059110303,0.6263,11.1,99219.0,9.4,21.9,5.1,6.14,0.25,15.5,3.7,2.1,10.5
CA,6059,Orange County,6059110304,6059110304,0.349,4.0,114609.0,4.1,13.3,4.2,0.0,4.69,11.4,6.7,8.4,3.2
CA,6059,Orange County,6059110401,6059110401,0.3202,4.4,119787.0,3.1,20.7,0.5,0.0,41.38,6.7,8.7,3.5,4.4
CA,6059,Orange County,6059110402,6059110402,0.7575,13.1,107321.0,7.2,25.8,4.3,1.32,0.0,5.2,5.2,7.0,9.1
CA,6059,Orange County,6059110500,6059110500,0.9181,14.1,70972.0,9.9,41.2,5.5,6.47,76.29,12.0,7.7,9.0,14.4
CA,6059,Orange County,6059110603,6059110603,0.783,12.9,79562.0,13.4,35.8,3.3,4.3,97.87,13.9,6.9,7.9,15.1
CA,6059,Orange County,6059110604,6059110604,0.3856,5.3,132564.0,10.3,14.5,8.1,2.11,50.45,7.8,5.4,3.5,8.4
CA,6059,Orange County,6059110605,6059110605,0.4615,8.0,113393.0,4.8,29.3,0.7,0.0,75.77,7.4,4.7,10.8,15.4
CA,6059,Orange County,6059110606,6059110606,0.7771,17.3,83813.0,9.9,43.4,5.7,3.84,83.09,10.2,7.2,9.3,10.5
CA,6059,Orange County,6059110607,6059110607,0.5386,12.7,90568.0,4.3,35.2,4.1,1.24,45.03,6.9,3.8,5.5,13.1
CA,6059,Orange County,6059980000,6059980000,0.4999,10.0,90230.0,29.2,28.3,4.5,4.37,100.0,0.0,0.0,7.2,0.0
CA,6061,Placer County,6061020104,6061020104,0.1238,1.4,114087.0,6.0,21.7,4.0,1.26,100.0,11.2,2.5,5.3,0.0
CA,6061,Placer County,6061020105,6061020105,0.0147,2.5,127279.0,2.6,14.6,1.6,2.23,99.05,5.9,4.4,4.8,0.0
CA,6061,Placer County,6061020106,6061020106,0.2487,8.6,88750.0,2.5,32.2,0.0,5.66,100.0,8.6,0.0,16.4,7.4
CA,6061,Placer County,6061020107,6061020107,0.4699,18.5,46483.0,24.1,42.3,4.0,0.0,14.6,7.3,0.0,20.6,9.6
CA,6061,Placer County,6061020200,6061020200,0.2753,11.1,94338.0,4.2,25.1,4.6,0.0,93.22,7.8,5.0,7.6,0.0
CA,6061,Placer County,6061020300,6061020300,0.5902,26.7,49358.0,7.1,49.1,8.0,8.84,54.94,15.1,0.8,20.8,5.8
CA,6061,Placer County,6061020401,6061020401,0.5623,11.5,60938.0,13.4,39.6,6.8,15.89,78.56,10.7,4.2,14.6,3.0
CA,6061,Placer County,6061020402,6061020402,0.3732,13.5,91548.0,6.8,33.4,5.6,4.56,99.72,11.4,4.0,9.4,1.9
CA,6061,Placer County,6061020501,6061020501,0.3115,3.5,112813.0,4.8,19.0,6.3,0.0,100.0,15.3,6.0,14.8,0.2
CA,6061,Placer County,6061020502,6061020502,0.1537,4.3,124625.0,0.9,15.6,2.3,7.88,100.0,15.7,3.8,12.4,0.0
CA,6061,Placer County,6061020601,6061020601,0.01,2.7,148333.0,1.7,9.7,1.3,4.43,92.01,11.0,3.0,3.6,1.1
CA,6061,Placer County,6061020604,6061020604,0.2289,8.3,143421.0,1.4,22.2,3.7,3.12,86.21,7.1,3.7,4.7,0.2
CA,6061,Placer County,6061020605,6061020605,0.2039,4.9,199167.0,0.2,16.8,6.4,0.0,77.61,8.1,6.8,5.9,0.5
CA,6061,Placer County,6061020606,6061020606,0.0222,4.0,232639.0,1.0,10.2,2.9,0.03,100.0,6.2,1.7,2.1,1.6
CA,6061,Placer County,6061020607,6061020607,0.0785,2.2,167431.0,2.1,22.2,0.3,0.55,51.09,12.2,5.0,2.7,0.0
CA,6061,Placer County,6061020608,6061020608,0.1854,6.4,188010.0,1.4,9.4,1.9,4.92,42.61,18.8,10.3,9.6,0.0
CA,6061,Placer County,6061020710,6061020710,0.3407,8.1,129258.0,6.6,19.7,3.7,6.54,100.0,10.4,1.9,4.7,1.2
CA,6061,Placer County,6061020711,6061020711,0.5489,6.7,92969.0,4.3,33.8,12.2,6.64,30.97,14.1,7.5,11.4,0.0
CA,6061,Placer County,6061020712,6061020712,0.4971,8.3,81786.0,2.2,30.1,13.3,2.46,8.61,19.9,2.6,13.9,0.4
CA,6061,Placer County,6061020713,6061020713,0.5082,13.4,78000.0,0.5,33.0,14.8,0.21,21.16,15.3,1.1,16.8,6.8
CA,6061,Placer County,6061020714,6061020714,0.2375,7.0,104737.0,2.3,26.2,0.0,0.0,61.18,19.0,3.5,4.1,1.1
CA,6061,Placer County,6061020715,6061020715,0.4315,13.9,88333.0,7.0,28.8,1.6,5.33,100.0,14.0,8.3,5.2,1.5
CA,6061,Placer County,6061020717,6061020717,0.117,6.0,150000.0,5.0,16.2,5.2,4.35,61.97,7.3,8.8,0.0,0.5
CA,6061,Placer County,6061020805,6061020805,0.2452,5.1,96094.0,5.1,27.6,4.6,5.51,94.71,12.9,4.8,7.0,2.7
CA,6061,Placer County,6061020806,6061020806,0.4237,11.5,70913.0,6.9,35.1,5.6,8.98,17.52,14.2,3.5,16.1,1.4
CA,6061,Placer County,6061020901,6061020901,0.6219,20.2,55625.0,12.1,47.3,5.1,11.86,96.21,13.2,7.2,8.7,3.7
CA,6061,Placer County,6061020908,6061020908,0.4158,9.1,88022.0,4.9,23.5,2.0,0.0,79.59,11.9,3.3,8.3,4.0
CA,6061,Placer County,6061021003,6061021003,0.3244,5.8,96956.0,5.1,28.1,5.8,4.05,78.14,8.1,8.2,13.4,0.2
CA,6061,Placer County,6061021034,6061021034,0.0414,0.7,141250.0,1.2,8.3,0.8,0.0,3.65,10.4,5.9,1.9,3.4
CA,6061,Placer County,6061021037,6061021037,0.3626,6.3,95000.0,2.6,30.2,10.4,9.54,54.82,14.6,4.5,13.2,3.7
CA,6061,Placer County,6061021038,6061021038,0.3314,3.3,118036.0,2.3,20.6,1.7,5.59,62.63,12.2,4.0,7.1,6.2
CA,6061,Placer County,6061021039,6061021039,0.0281,5.5,80500.0,0.0,16.3,2.6,3.92,100.0,28.2,0.0,4.2,0.0
CA,6061,Placer County,6061021040,6061021040,0.2513,6.2,86728.0,0.4,27.7,9.4,3.6,86.09,33.5,9.3,6.7,2.4
CA,6061,Placer County,6061021043,6061021043,0.0923,6.4,137794.0,0.5,24.4,8.0,1.49,83.64,5.1,4.2,0.9,1.6
CA,6061,Placer County,6061021044,6061021044,0.1244,1.9,161000.0,1.3,16.0,1.8,2.08,40.28,8.3,3.3,0.7,1.3
CA,6061,Placer County,6061021045,6061021045,0.4205,12.2,73611.0,1.8,38.1,5.2,0.0,54.67,14.8,9.9,4.2,0.4
CA,6061,Placer County,6061021046,6061021046,0.4719,10.4,65924.0,3.8,45.4,11.1,4.15,66.63,9.1,3.9,14.6,0.9
CA,6061,Placer County,6061021047,6061021047,0.3264,9.3,114363.0,10.2,16.1,2.3,6.9,14.69,9.3,5.8,7.3,0.4
CA,6061,Placer County,6061021048,6061021048,0.0523,2.3,129052.0,0.7,16.5,1.5,0.44,85.07,5.9,0.8,0.0,5.6
CA,6061,Placer County,6061021103,6061021103,0.5379,10.0,83700.0,6.1,28.4,3.8,0.0,32.74,10.6,7.5,9.1,3.5
CA,6061,Placer County,6061021106,6061021106,0.1081,5.1,125568.0,1.7,16.0,4.3,1.0,62.02,8.9,2.8,4.1,0.5
CA,6061,Placer County,6061021108,6061021108,0.4374,5.6,73359.0,5.0,32.0,3.1,0.0,23.92,14.0,7.2,11.9,0.2
CA,6061,Placer County,6061021109,6061021109,0.2205,10.4,135625.0,4.0,26.1,1.2,2.55,90.47,11.0,1.7,2.7,0.6
CA,6061,Placer County,6061021122,6061021122,0.0518,2.3,123036.0,4.2,19.8,1.8,7.31,91.6,10.9,7.4,7.4,1.1
CA,6061,Placer County,6061021123,6061021123,0.017,2.3,134130.0,1.0,12.4,0.9,1.61,66.7,9.4,6.5,1.4,0.3
CA,6061,Placer County,6061021128,6061021128,0.2493,8.1,98036.0,5.2,22.1,1.5,6.27,19.07,7.2,3.6,2.4,1.7
CA,6061,Placer County,6061021129,6061021129,0.4029,5.8,68849.0,6.1,41.0,5.3,5.99,64.58,15.8,4.0,4.7,2.1
CA,6061,Placer County,6061021130,6061021130,0.2727,4.6,88088.0,6.1,33.5,3.9,6.2,17.67,6.5,2.6,0.9,2.7
CA,6061,Placer County,6061021131,6061021131,0.3243,4.8,105136.0,1.0,29.6,8.5,0.0,28.63,15.1,7.1,9.3,3.4
CA,6061,Placer County,6061021203,6061021203,0.1342,7.4,102127.0,0.7,23.6,4.7,1.41,81.17,6.8,2.5,5.7,0.6
CA,6061,Placer County,6061021204,6061021204,0.198,7.7,110250.0,0.8,22.2,1.8,8.17,95.1,10.3,5.5,4.8,1.8
CA,6061,Placer County,6061021304,6061021304,0.1287,1.9,106796.0,2.8,15.4,0.8,2.13,100.0,10.7,2.3,6.0,1.2
CA,6061,Placer County,6061021323,6061021323,0.1037,2.1,157684.0,0.3,13.9,1.8,0.03,41.57,5.8,4.5,0.5,1.0
CA,6061,Placer County,6061021324,6061021324,0.1231,0.9,168828.0,4.5,9.3,0.6,2.56,54.64,10.2,6.5,5.2,2.5
CA,6061,Placer County,6061021325,6061021325,0.2186,11.5,135561.0,2.4,24.6,1.3,0.31,55.91,10.0,2.3,2.1,2.0
CA,6061,Placer County,6061021326,6061021326,0.0112,2.9,180045.0,2.2,5.1,2.1,0.0,89.83,5.4,6.6,1.3,0.0
CA,6061,Placer County,6061021327,6061021327,0.1806,3.7,131344.0,2.4,14.7,3.0,4.28,16.61,10.3,1.2,11.3,1.5
CA,6061,Placer County,6061021328,6061021328,0.0241,3.9,171875.0,1.7,14.4,2.4,3.62,99.54,6.3,2.8,3.9,3.1
CA,6061,Placer County,6061021401,6061021401,0.1876,9.7,96667.0,5.0,24.6,3.3,0.0,54.06,10.6,4.9,7.2,2.7
CA,6061,Placer County,6061021403,6061021403,0.8201,24.8,62788.0,4.0,44.4,3.4,6.1,81.04,14.2,9.9,11.9,5.6
CA,6061,Placer County,6061021501,6061021501,0.4969,9.0,75000.0,5.5,33.0,2.3,1.77,87.67,16.3,4.9,7.9,3.1
CA,6061,Placer County,6061021502,6061021502,0.2639,9.3,98080.0,4.2,27.9,3.0,0.0,62.72,10.9,1.9,8.4,0.5
CA,6061,Placer County,6061021603,6061021603,0.6097,10.8,67155.0,12.5,27.6,11.0,13.17,66.9,11.0,1.0,15.7,10.9
CA,6061,Placer County,6061021604,6061021604,0.1593,6.6,101250.0,5.0,21.9,2.4,0.0,100.0,10.9,2.7,8.1,0.0
CA,6061,Placer County,6061021801,6061021801,0.1027,8.3,123507.0,1.5,22.1,2.0,1.96,100.0,10.0,1.6,6.9,0.3
CA,6061,Placer County,6061021802,6061021802,0.4987,11.4,86452.0,4.6,30.0,3.2,0.0,65.21,11.9,3.0,8.5,0.2
CA,6061,Placer County,6061021901,6061021901,0.243,5.4,84375.0,3.4,25.4,3.8,3.1,100.0,9.4,5.0,16.1,1.5
CA,6061,Placer County,6061021902,6061021902,0.1737,4.6,99444.0,0.2,18.6,1.6,0.0,86.58,13.9,2.3,4.7,0.9
CA,6061,Placer County,6061022002,6061022002,0.3631,6.3,98619.0,5.3,23.2,3.8,5.25,77.87,14.2,4.6,14.3,1.2
CA,6061,Placer County,6061022011,6061022011,0.0184,2.9,182298.0,3.5,20.5,1.6,0.0,88.76,4.7,2.4,3.1,1.0
CA,6061,Placer County,6061022013,6061022013,0.3715,18.4,86198.0,5.9,31.3,6.1,1.93,100.0,17.0,3.9,11.3,0.2
CA,6061,Placer County,6061022014,6061022014,0.1936,5.1,114554.0,7.3,23.3,1.4,2.12,91.24,3.9,6.2,3.1,0.0
CA,6061,Placer County,6061022100,6061022100,0.0024,3.8,132500.0,0.0,16.9,0.0,2.42,100.0,5.1,0.7,4.4,0.0
CA,6061,Placer County,6061022200,6061022200,0.0153,1.7,126731.0,5.4,16.6,0.0,2.87,30.06,8.1,0.0,3.5,1.3
CA,6061,Placer County,6061022300,6061022300,0.2012,8.8,117917.0,5.7,16.7,2.7,8.93,96.88,10.2,8.8,10.9,0.0
CA,6061,Placer County,6061022400,6061022400,0.2856,2.4,136296.0,1.8,20.2,5.4,0.0,100.0,10.9,3.3,4.5,2.9
CA,6061,Placer County,6061022500,6061022500,0.1915,9.5,189063.0,2.7,11.2,1.3,3.17,99.83,10.6,4.7,1.8,2.2
CA,6061,Placer County,6061022600,6061022600,0.3065,5.3,111875.0,2.7,19.6,11.6,1.33,20.17,10.8,3.6,2.9,0.5
CA,6061,Placer County,6061022800,6061022800,0.1619,4.2,130326.0,2.4,22.6,3.3,0.73,96.79,6.9,5.9,0.6,2.0
CA,6061,Placer County,6061022900,6061022900,0.1423,2.1,113174.0,4.3,32.1,2.3,3.53,0.0,6.2,2.1,2.6,0.7
CA,6061,Placer County,6061023000,6061023000,0.1458,4.2,163100.0,2.5,13.0,0.5,0.62,21.8,6.1,3.7,0.4,2.7
CA,6061,Placer County,6061023100,6061023100,0.1444,3.7,130476.0,0.6,23.4,3.6,0.0,78.72,15.3,3.4,4.5,1.6
CA,6061,Placer County,6061023200,6061023200,0.0156,3.8,144489.0,0.8,13.8,0.0,1.4,72.48,6.7,3.6,14.4,1.4
CA,6061,Placer County,6061023300,6061023300,0.0531,4.0,163077.0,4.9,17.2,0.0,0.0,57.57,6.7,3.4,12.6,1.8
CA,6061,Placer County,6061023400,6061023400,0.2166,10.7,102411.0,3.2,24.2,1.1,7.25,100.0,13.0,2.0,2.6,0.6
CA,6061,Placer County,6061023501,6061023501,0.0051,0.0,247750.0,0.9,12.4,4.5,2.91,92.58,6.3,0.0,0.7,0.0
CA,6061,Placer County,6061023502,6061023502,0.0088,6.4,167090.0,0.0,10.4,0.0,10.05,11.46,8.3,3.2,1.8,0.1
CA,6061,Placer County,6061023600,6061023600,0.1084,4.4,78990.0,2.3,25.0,2.3,2.21,98.15,24.2,7.3,4.6,0.6
CA,6061,Placer County,6061023700,6061023700,0.0092,6.2,77268.0,0.0,23.6,2.3,0.0,71.43,38.0,0.0,10.7,0.0
CA,6061,Placer County,6061023800,6061023800,0.1041,6.1,81860.0,0.4,24.0,2.6,8.27,100.0,23.5,2.2,10.1,1.0
CA,6061,Placer County,6061023900,6061023900,0.157,2.4,104688.0,2.3,23.1,0.9,0.0,96.95,12.7,4.1,2.4,1.2
CA,6061,Placer County,6061990000,6061990000,0.4999,10.0,90230.0,5.8,28.3,4.5,0.0,97.26,10.5,5.8,7.2,6.0
CA,6063,Plumas County,6063000100,6063000100,0.5015,10.2,74444.0,7.6,26.0,4.4,0.56,51.06,15.4,7.4,17.7,0.2
CA,6063,Plumas County,6063000201,6063000201,0.3991,13.5,67083.0,1.2,24.5,4.1,0.0,96.94,17.8,7.8,11.3,0.0
CA,6063,Plumas County,6063000202,6063000202,0.3326,4.4,60591.0,2.2,17.4,0.0,0.7,100.0,21.8,5.9,7.1,0.0
CA,6063,Plumas County,6063000300,6063000300,0.5713,11.5,54396.0,6.0,25.9,6.4,0.0,68.85,16.9,8.7,22.3,0.6
CA,6063,Plumas County,6063000400,6063000400,0.4067,14.1,66549.0,5.1,15.9,1.4,6.35,86.56,21.9,13.6,19.2,2.1
CA,6063,Plumas County,6063000501,6063000501,0.303,9.0,78657.0,2.5,19.2,5.7,5.53,56.05,19.5,2.0,8.9,0.0
CA,6063,Plumas County,6063000502,6063000502,0.3399,11.2,92054.0,1.6,28.4,4.0,8.44,100.0,22.2,11.9,4.1,1.4
CA,6065,Riverside County,6065030101,6065030101,0.33,28.1,65250.0,12.6,42.6,1.6,0.0,100.0,4.0,3.1,3.9,11.6
CA,6065,Riverside County,6065030103,6065030103,0.8482,11.8,100074.0,4.3,27.6,4.0,11.6,75.16,11.4,10.6,11.6,10.7
CA,6065,Riverside County,6065030104,6065030104,0.6729,11.5,82177.0,17.3,31.2,0.8,3.54,98.68,9.7,8.9,10.1,7.1
CA,6065,Riverside County,6065030200,6065030200,0.4731,6.4,88623.0,10.9,28.5,2.4,0.0,40.51,12.3,4.9,2.4,2.6
CA,6065,Riverside County,6065030300,6065030300,0.7894,13.1,61985.0,7.1,41.4,14.4,6.36,14.38,14.9,8.6,12.5,4.6
CA,6065,Riverside County,6065030400,6065030400,0.869,20.3,68415.0,18.7,40.4,6.0,0.0,45.84,9.4,6.2,9.7,22.8
CA,6065,Riverside County,6065030501,6065030501,0.9028,13.1,75130.0,18.9,39.0,9.5,6.11,29.55,9.6,6.6,7.8,13.5
CA,6065,Riverside County,6065030502,6065030502,0.9804,33.6,53092.0,15.0,48.6,6.2,0.0,14.6,8.9,12.0,11.0,18.5
CA,6065,Riverside County,6065030503,6065030503,0.9552,25.5,45069.0,19.5,54.2,12.5,6.41,0.0,10.5,8.7,20.9,23.7
CA,6065,Riverside County,6065030602,6065030602,0.22,6.1,127212.0,2.0,22.8,1.7,0.0,73.51,17.4,4.5,6.5,0.2
CA,6065,Riverside County,6065030603,6065030603,0.0934,11.1,159018.0,1.8,8.5,1.1,1.44,93.54,11.7,2.6,0.8,1.1
CA,6065,Riverside County,6065030604,6065030604,0.1556,5.4,175597.0,5.3,19.3,4.4,0.0,100.0,14.1,3.9,6.1,1.8
CA,6065,Riverside County,6065030605,6065030605,0.1329,1.4,173777.0,0.7,5.0,1.5,7.73,39.04,12.7,2.1,7.6,2.8
CA,6065,Riverside County,6065030700,6065030700,0.5971,15.1,85909.0,11.8,25.7,1.6,4.59,78.55,14.2,4.7,7.1,11.9
CA,6065,Riverside County,6065030800,6065030800,0.5253,5.6,105022.0,4.6,30.0,3.9,10.98,89.04,11.2,9.1,8.9,3.1
CA,6065,Riverside County,6065030900,6065030900,0.6713,5.1,91394.0,10.2,26.3,1.7,0.56,77.86,13.3,10.3,8.4,15.0
CA,6065,Riverside County,6065031001,6065031001,0.5945,15.0,92765.0,5.5,35.9,4.9,3.17,57.67,19.1,4.7,6.5,2.5
CA,6065,Riverside County,6065031002,6065031002,0.7017,21.1,71233.0,13.9,36.8,5.2,7.93,83.91,12.3,10.6,7.5,13.4
CA,6065,Riverside County,6065031100,6065031100,0.6332,13.4,77766.0,4.9,33.8,7.9,0.0,10.92,10.5,5.5,7.1,3.9
CA,6065,Riverside County,6065031200,6065031200,0.3666,12.6,92009.0,7.4,27.1,1.4,2.77,8.6,7.2,3.7,5.0,6.4
CA,6065,Riverside County,6065031300,6065031300,0.7312,23.9,70278.0,16.2,36.4,7.9,0.0,9.24,13.4,3.4,13.2,28.7
CA,6065,Riverside County,6065031401,6065031401,0.7822,11.0,77650.0,8.7,32.8,2.3,0.0,38.53,11.7,7.3,3.8,12.1
CA,6065,Riverside County,6065031402,6065031402,0.7447,13.9,65227.0,9.9,43.6,12.2,8.54,40.59,10.8,4.3,9.8,4.5
CA,6065,Riverside County,6065031501,6065031501,0.6868,12.4,75631.0,6.0,35.5,6.7,4.36,56.85,13.5,6.6,8.7,3.9
CA,6065,Riverside County,6065031503,6065031503,0.3928,1.8,107344.0,3.8,34.0,7.2,2.74,37.36,16.0,6.5,5.1,5.8
CA,6065,Riverside County,6065031504,6065031504,0.7542,21.5,56955.0,7.2,42.7,10.0,7.22,26.65,13.1,2.7,15.5,13.3
CA,6065,Riverside County,6065031601,6065031601,0.8194,13.4,59688.0,11.1,51.1,9.6,0.0,38.6,9.3,4.9,21.2,11.3
CA,6065,Riverside County,6065031602,6065031602,0.8263,18.0,59926.0,9.8,35.5,2.7,5.76,6.76,9.0,3.0,6.7,13.9
CA,6065,Riverside County,6065031701,6065031701,0.8491,14.9,73611.0,21.6,29.9,4.1,0.0,37.89,19.3,5.6,16.7,18.4
CA,6065,Riverside County,6065031702,6065031702,0.2873,10.0,89226.0,3.0,23.0,3.0,7.91,72.01,13.1,0.4,6.0,5.7
CA,6065,Riverside County,6065031703,6065031703,0.5238,4.1,76944.0,7.9,31.0,1.0,4.39,11.79,7.8,6.2,3.5,9.0
CA,6065,Riverside County,6065031704,6065031704,0.6162,13.1,93333.0,6.7,33.4,14.6,5.98,93.02,10.7,3.1,11.7,5.4
CA,6065,Riverside County,6065040101,6065040101,0.6399,8.0,97474.0,10.6,15.9,2.5,2.28,94.36,8.5,9.1,4.6,12.2
CA,6065,Riverside County,6065040102,6065040102,0.5143,4.5,120799.0,10.3,17.8,0.7,0.0,100.0,8.5,3.7,5.0,7.6
CA,6065,Riverside County,6065040201,6065040201,0.5936,10.9,95417.0,18.3,26.9,0.5,4.04,71.26,6.1,4.9,5.5,10.6
CA,6065,Riverside County,6065040202,6065040202,0.582,7.6,78125.0,5.5,33.6,1.3,6.03,54.12,14.9,1.2,3.8,7.2
CA,6065,Riverside County,6065040203,6065040203,0.9779,23.6,38879.0,15.9,56.7,2.9,0.82,12.73,14.7,15.3,13.6,15.7
CA,6065,Riverside County,6065040204,6065040204,0.9403,20.3,51208.0,10.4,47.3,1.6,0.0,14.64,7.6,7.9,13.8,16.8
CA,6065,Riverside County,6065040302,6065040302,0.4785,4.6,110681.0,8.6,11.8,0.5,0.0,87.38,11.5,10.3,3.0,8.6
CA,6065,Riverside County,6065040303,6065040303,0.5678,11.2,104405.0,22.8,22.1,1.4,3.77,100.0,7.9,7.7,9.8,16.8
CA,6065,Riverside County,6065040304,6065040304,0.9992,27.2,42841.0,17.7,41.1,13.0,3.24,37.71,14.2,12.1,25.2,18.3
CA,6065,Riverside County,6065040305,6065040305,0.7507,10.3,60861.0,23.0,28.7,0.2,0.0,71.87,7.2,4.9,4.4,16.8
CA,6065,Riverside County,6065040402,6065040402,0.6489,16.6,95052.0,17.3,26.4,0.0,0.0,47.64,6.1,7.1,12.3,9.7
CA,6065,Riverside County,6065040403,6065040403,0.4517,5.8,93246.0,9.2,18.4,1.1,0.0,38.49,8.6,6.3,3.2,10.6
CA,6065,Riverside County,6065040404,6065040404,0.4688,10.7,93553.0,12.9,36.3,4.4,0.0,30.74,3.8,6.9,3.6,10.1
CA,6065,Riverside County,6065040405,6065040405,0.7511,6.1,117000.0,7.5,29.0,7.8,1.75,60.25,14.4,7.7,12.2,6.9
CA,6065,Riverside County,6065040501,6065040501,0.8357,10.5,79076.0,16.9,29.5,5.2,2.12,38.83,9.5,5.4,15.9,16.2
CA,6065,Riverside County,6065040502,6065040502,0.867,10.6,89784.0,16.5,29.9,1.1,7.02,63.16,8.8,7.1,12.0,15.7
CA,6065,Riverside County,6065040503,6065040503,0.7421,5.6,64375.0,10.1,49.0,7.2,7.75,98.76,19.9,6.8,18.6,7.8
CA,6065,Riverside County,6065040603,6065040603,0.7058,11.7,83857.0,12.8,28.5,2.1,0.83,60.55,9.5,7.7,11.4,18.0
CA,6065,Riverside County,6065040604,6065040604,0.4073,9.3,115849.0,12.7,21.2,4.0,3.61,75.41,9.7,4.3,8.8,4.3
CA,6065,Riverside County,6065040605,6065040605,0.7754,13.8,63750.0,17.5,46.8,8.9,8.47,99.67,7.0,7.2,9.7,21.6
CA,6065,Riverside County,6065040606,6065040606,0.7149,15.9,77195.0,22.0,32.8,1.5,2.47,68.63,6.8,5.5,6.1,17.4
CA,6065,Riverside County,6065040609,6065040609,0.0979,4.2,152684.0,2.9,14.9,1.1,1.91,89.26,7.7,3.6,2.1,5.3
CA,6065,Riverside County,6065040611,6065040611,0.1013,5.0,144063.0,6.1,13.7,0.0,5.54,58.26,8.0,5.1,4.0,12.3
CA,6065,Riverside County,6065040616,6065040616,0.1347,1.9,147094.0,1.9,15.6,0.5,3.97,99.12,9.6,6.4,2.7,6.9
CA,6065,Riverside County,6065040617,6065040617,0.0748,5.7,178026.0,1.7,8.3,0.0,3.92,61.12,9.7,0.7,0.7,3.5
CA,6065,Riverside County,6065040618,6065040618,0.5352,3.2,132059.0,11.1,19.5,4.4,2.05,68.53,8.4,7.1,1.2,11.2
CA,6065,Riverside County,6065040619,6065040619,0.0712,2.6,139833.0,2.0,12.6,0.0,2.45,41.52,4.5,1.2,0.0,5.6
CA,6065,Riverside County,6065040620,6065040620,0.0465,2.2,185375.0,3.7,15.7,1.2,0.0,10.26,6.0,5.1,0.0,3.1
CA,6065,Riverside County,6065040621,6065040621,0.2586,11.9,128667.0,6.3,18.0,2.1,0.4,24.73,5.2,5.3,2.1,7.7
CA,6065,Riverside County,6065040622,6065040622,0.0722,5.8,161583.0,1.7,7.8,1.1,0.0,97.62,6.8,3.9,3.0,3.5
CA,6065,Riverside County,6065040701,6065040701,0.0202,3.9,156932.0,1.5,3.8,0.0,0.43,92.07,12.0,1.0,7.7,1.6
CA,6065,Riverside County,6065040702,6065040702,0.1177,6.3,93843.0,3.8,27.3,0.7,2.94,100.0,8.7,5.7,10.3,5.6
CA,6065,Riverside County,6065040703,6065040703,0.1441,4.2,136964.0,3.4,17.3,0.0,2.75,98.62,9.7,5.9,7.0,3.1
CA,6065,Riverside County,6065040806,6065040806,0.0686,3.9,124350.0,2.8,11.6,1.8,2.96,59.71,11.8,3.5,7.8,2.8
CA,6065,Riverside County,6065040807,6065040807,0.0832,1.2,141116.0,3.0,12.4,0.0,0.0,82.14,9.3,0.3,3.0,5.7
CA,6065,Riverside County,6065040808,6065040808,0.5543,18.2,82031.0,9.3,35.6,4.2,2.42,68.68,11.7,2.5,3.8,8.4
CA,6065,Riverside County,6065040809,6065040809,0.604,15.0,89010.0,13.4,37.7,0.7,3.18,54.87,7.4,8.8,3.1,5.1
CA,6065,Riverside County,6065040812,6065040812,0.2746,9.8,107188.0,12.6,21.6,2.0,6.12,72.74,8.7,1.5,6.1,6.4
CA,6065,Riverside County,6065040813,6065040813,0.0744,4.4,143218.0,1.8,18.5,1.7,0.0,90.89,10.5,1.7,3.6,1.9
CA,6065,Riverside County,6065040814,6065040814,0.5185,13.2,82865.0,9.0,39.0,0.0,0.0,57.18,3.8,1.6,7.5,8.5
CA,6065,Riverside County,6065040815,6065040815,0.2702,11.6,103158.0,3.8,33.8,0.0,2.56,73.03,8.8,1.4,6.0,7.3
CA,6065,Riverside County,6065040816,6065040816,0.5669,4.4,114118.0,3.3,20.0,6.8,8.86,98.38,15.6,10.6,12.6,6.6
CA,6065,Riverside County,6065040821,6065040821,0.5171,11.1,80841.0,6.8,39.6,1.7,2.99,48.07,9.1,4.1,4.6,6.3
CA,6065,Riverside County,6065040901,6065040901,0.7325,11.4,88986.0,10.1,32.2,4.4,8.44,23.68,9.2,7.5,7.0,8.7
CA,6065,Riverside County,6065040902,6065040902,0.6396,9.6,99000.0,4.3,26.6,6.3,0.0,88.02,15.0,8.1,2.8,5.1
CA,6065,Riverside County,6065040903,6065040903,0.7403,12.3,70174.0,13.2,38.8,3.2,5.07,22.48,14.0,3.8,10.6,9.1
CA,6065,Riverside County,6065040904,6065040904,0.7864,8.3,88958.0,14.0,31.7,5.9,1.91,82.95,11.9,4.9,5.7,15.6
CA,6065,Riverside County,6065041001,6065041001,0.8784,22.2,63170.0,10.1,44.9,6.2,0.87,86.92,9.5,11.3,8.2,14.1
CA,6065,Riverside County,6065041002,6065041002,0.7503,9.0,81972.0,12.6,33.4,3.8,1.8,82.27,8.6,8.2,9.5,12.1
CA,6065,Riverside County,6065041003,6065041003,0.7621,11.5,109375.0,10.5,25.9,2.8,9.18,43.13,9.8,5.8,9.5,11.9
CA,6065,Riverside County,6065041004,6065041004,0.599,14.9,71579.0,11.3,43.3,2.9,0.84,78.4,12.6,2.1,7.7,11.9
CA,6065,Riverside County,6065041101,6065041101,0.909,36.5,46250.0,28.1,61.4,5.5,0.29,19.27,7.2,4.7,13.4,19.3
CA,6065,Riverside County,6065041102,6065041102,0.5212,6.8,93750.0,11.0,39.1,1.8,6.08,62.19,8.5,5.2,8.0,14.8
CA,6065,Riverside County,6065041201,6065041201,0.876,12.9,86477.0,9.1,36.3,6.9,3.06,42.5,18.8,2.6,12.5,8.4
CA,6065,Riverside County,6065041202,6065041202,0.7345,4.5,86813.0,22.6,21.7,1.8,6.83,95.3,11.9,8.5,11.9,18.3
CA,6065,Riverside County,6065041203,6065041203,0.716,12.8,72500.0,12.9,38.2,4.6,0.0,0.0,5.9,6.9,11.1,18.7
CA,6065,Riverside County,6065041301,6065041301,0.7232,15.3,90000.0,16.0,23.0,2.3,0.0,80.31,7.7,6.9,10.3,16.8
CA,6065,Riverside County,6065041302,6065041302,0.8637,15.9,72599.0,11.6,34.3,7.0,5.54,0.0,11.0,6.6,8.9,16.3
CA,6065,Riverside County,6065041403,6065041403,0.4167,10.7,94196.0,5.2,31.4,3.5,0.0,31.07,8.9,3.7,5.1,4.6
CA,6065,Riverside County,6065041404,6065041404,0.3623,7.7,95288.0,7.0,22.5,1.6,0.0,17.58,7.5,3.6,8.0,9.2
CA,6065,Riverside County,6065041405,6065041405,0.6646,8.4,90833.0,9.0,21.2,1.8,0.0,78.62,9.3,3.3,5.2,7.2
CA,6065,Riverside County,6065041406,6065041406,0.3554,8.2,80258.0,3.5,37.6,1.5,0.3,64.54,6.4,1.2,4.3,8.5
CA,6065,Riverside County,6065041407,6065041407,0.9086,20.6,63720.0,9.1,45.6,6.1,4.42,26.8,9.6,6.1,9.1,12.9
CA,6065,Riverside County,6065041408,6065041408,0.796,6.0,68333.0,7.8,45.3,0.4,0.0,8.17,12.7,5.1,3.6,16.1
CA,6065,Riverside County,6065041410,6065041410,0.8013,24.3,70269.0,19.6,42.4,2.7,7.39,95.91,8.2,6.6,19.0,24.6
CA,6065,Riverside County,6065041411,6065041411,0.684,14.4,71406.0,13.0,38.9,1.1,0.63,4.95,10.9,4.4,9.1,12.1
CA,6065,Riverside County,6065041412,6065041412,0.6637,10.5,71824.0,12.3,37.3,2.1,3.78,46.98,15.5,4.7,8.0,7.3
CA,6065,Riverside County,6065041413,6065041413,0.1237,7.0,219097.0,7.4,15.5,2.9,0.0,99.81,5.7,6.7,0.0,3.5
CA,6065,Riverside County,6065041414,6065041414,0.1189,0.8,131682.0,12.0,21.0,0.0,3.67,33.31,8.5,2.8,0.0,8.9
CA,6065,Riverside County,6065041415,6065041415,0.3385,9.5,149866.0,3.1,10.5,5.2,3.35,12.46,10.6,0.0,6.3,11.1
CA,6065,Riverside County,6065041500,6065041500,0.9447,10.5,68886.0,13.8,50.8,7.5,7.71,54.72,10.5,9.2,3.4,10.7
CA,6065,Riverside County,6065041601,6065041601,0.659,14.4,51912.0,21.2,58.3,15.0,0.59,65.84,10.3,4.1,31.0,10.3
CA,6065,Riverside County,6065041602,6065041602,0.7305,22.0,65506.0,24.5,37.0,5.9,6.24,86.26,2.3,0.6,24.1,22.0
CA,6065,Riverside County,6065041702,6065041702,0.4825,11.2,81786.0,12.6,25.9,0.7,2.92,84.99,11.1,4.5,8.5,7.0
CA,6065,Riverside County,6065041703,6065041703,0.8742,16.8,58255.0,15.7,45.7,8.1,3.81,87.97,6.2,5.1,19.6,13.6
CA,6065,Riverside County,6065041704,6065041704,0.8166,15.2,56250.0,15.8,39.6,4.6,4.62,26.93,9.2,4.0,18.7,16.6
CA,6065,Riverside County,6065041803,6065041803,0.0478,2.4,152262.0,2.9,7.4,2.1,0.0,79.77,10.3,4.2,1.9,3.6
CA,6065,Riverside County,6065041804,6065041804,0.0677,5.7,139744.0,8.2,23.5,0.0,1.65,97.96,7.7,5.6,3.0,1.4
CA,6065,Riverside County,6065041805,6065041805,0.3295,3.1,91532.0,6.3,33.9,0.0,2.92,11.71,6.4,5.2,5.1,4.4
CA,6065,Riverside County,6065041806,6065041806,0.0348,7.5,156792.0,1.5,16.0,1.0,0.0,83.22,7.2,4.5,4.8,4.2
CA,6065,Riverside County,6065041807,6065041807,0.1142,2.7,117857.0,10.6,13.4,0.6,0.0,38.86,7.9,3.7,0.0,7.7
CA,6065,Riverside County,6065041808,6065041808,0.4165,7.3,139020.0,2.6,15.9,5.3,3.2,29.88,10.7,5.7,4.5,5.0
CA,6065,Riverside County,6065041809,6065041809,0.6785,10.9,65655.0,5.6,38.4,9.4,0.0,0.0,14.7,4.7,17.7,2.7
CA,6065,Riverside County,6065041810,6065041810,0.0914,2.1,156667.0,6.6,11.8,1.3,0.0,37.64,4.9,3.6,2.1,4.4
CA,6065,Riverside County,6065041812,6065041812,0.2074,2.2,121886.0,3.3,9.6,5.4,0.0,16.28,9.6,2.7,10.1,2.0
CA,6065,Riverside County,6065041813,6065041813,0.7767,6.4,76138.0,10.6,43.2,12.8,6.43,17.66,10.4,3.1,14.5,10.2
CA,6065,Riverside County,6065041904,6065041904,0.1811,2.4,117563.0,4.8,11.6,1.4,6.12,89.25,8.1,3.4,0.5,2.1
CA,6065,Riverside County,6065041905,6065041905,0.7414,12.8,55652.0,11.1,53.5,13.4,0.59,45.97,6.2,7.1,19.5,9.6
CA,6065,Riverside County,6065041906,6065041906,0.5716,3.9,74167.0,10.6,34.7,0.3,5.67,26.24,8.0,6.1,12.4,10.3
CA,6065,Riverside County,6065041909,6065041909,0.3029,8.2,125313.0,4.5,14.0,0.8,0.47,91.53,13.4,3.9,5.6,6.3
CA,6065,Riverside County,6065041910,6065041910,0.3406,3.3,107917.0,2.6,28.0,2.0,8.34,74.77,10.9,3.1,9.6,2.7
CA,6065,Riverside County,6065041912,6065041912,0.1061,2.9,132287.0,7.1,17.6,0.0,6.32,77.18,6.8,7.0,3.2,2.9
CA,6065,Riverside County,6065041913,6065041913,0.0592,3.6,105958.0,10.7,23.5,0.0,0.0,42.67,4.4,1.8,7.4,2.0
CA,6065,Riverside County,6065041914,6065041914,0.1868,8.0,151939.0,4.3,16.8,0.0,11.85,34.07,3.2,4.1,0.0,7.9
CA,6065,Riverside County,6065041915,6065041915,0.1845,7.5,112382.0,2.5,26.4,7.3,2.06,7.91,10.3,6.6,4.4,4.7
CA,6065,Riverside County,6065042003,6065042003,0.4768,6.7,124643.0,5.8,15.9,3.3,0.0,93.57,8.5,6.4,7.9,5.6
CA,6065,Riverside County,6065042004,6065042004,0.3675,4.0,140961.0,6.1,13.3,7.2,0.0,71.02,13.7,4.0,7.7,4.1
CA,6065,Riverside County,6065042005,6065042005,0.3009,4.3,144223.0,2.3,16.7,1.3,0.0,93.24,9.8,7.1,0.6,3.1
CA,6065,Riverside County,6065042007,6065042007,0.353,10.6,108684.0,3.4,16.3,4.4,2.07,100.0,12.9,4.9,9.3,3.8
CA,6065,Riverside County,6065042008,6065042008,0.3251,3.7,130335.0,5.3,15.1,1.3,2.51,100.0,11.5,4.0,3.9,4.1
CA,6065,Riverside County,6065042009,6065042009,0.6576,14.9,114787.0,12.6,21.7,2.1,0.0,86.75,9.2,7.4,6.9,12.6
CA,6065,Riverside County,6065042010,6065042010,0.7957,15.8,86658.0,19.9,25.6,2.2,9.38,88.06,12.3,8.8,18.7,24.4
CA,6065,Riverside County,6065042012,6065042012,0.4031,3.7,107183.0,5.4,24.8,2.2,0.0,43.62,8.5,4.7,3.7,4.5
CA,6065,Riverside County,6065042015,6065042015,0.0027,1.6,162407.0,1.5,5.0,0.0,7.93,87.22,7.4,2.2,0.0,1.8
CA,6065,Riverside County,6065042016,6065042016,0.1396,6.9,129831.0,7.3,5.7,0.7,13.35,83.83,10.9,1.5,2.9,1.6
CA,6065,Riverside County,6065042017,6065042017,0.1146,1.2,145129.0,3.9,3.7,1.3,8.09,2.84,12.5,9.2,6.3,1.3
CA,6065,Riverside County,6065042018,6065042018,0.085,6.9,147019.0,3.8,12.8,3.1,2.03,99.15,6.3,2.4,1.7,3.7
CA,6065,Riverside County,6065042206,6065042206,0.4304,9.6,67500.0,5.4,44.6,5.1,3.66,36.33,9.7,3.6,4.3,1.8
CA,6065,Riverside County,6065042207,6065042207,0.2723,13.5,105625.0,7.4,22.5,1.5,5.01,97.18,13.1,2.1,3.8,3.1
CA,6065,Riverside County,6065042208,6065042208,0.0674,8.8,130536.0,1.3,11.6,1.6,4.84,100.0,10.5,2.9,2.0,1.3
CA,6065,Riverside County,6065042209,6065042209,0.9524,33.5,40075.0,9.1,53.5,13.7,8.79,28.68,13.5,7.5,9.3,4.6
CA,6065,Riverside County,6065042210,6065042210,0.7073,31.8,45688.0,9.5,53.4,13.0,7.84,30.03,9.9,9.5,11.3,3.5
CA,6065,Riverside County,6065042212,6065042212,0.5375,21.2,82071.0,9.2,36.9,3.7,1.86,60.44,8.3,7.8,9.4,2.1
CA,6065,Riverside County,6065042213,6065042213,0.5309,16.2,78387.0,9.4,35.4,2.8,3.59,62.99,9.6,9.6,2.0,3.1
CA,6065,Riverside County,6065042214,6065042214,0.298,6.1,125942.0,10.0,13.7,5.0,3.15,88.56,7.9,6.3,5.5,2.5
CA,6065,Riverside County,6065042217,6065042217,0.2433,7.4,113202.0,4.0,25.0,1.3,1.55,55.63,10.4,5.5,0.0,0.7
CA,6065,Riverside County,6065042300,6065042300,0.6236,9.8,90049.0,7.1,28.1,1.0,1.74,100.0,8.9,9.2,5.5,6.7
CA,6065,Riverside County,6065042401,6065042401,0.2158,5.1,136000.0,7.1,19.7,1.8,7.6,87.79,10.9,0.6,5.7,1.2
CA,6065,Riverside County,6065042402,6065042402,0.5139,13.4,91902.0,10.1,30.7,2.5,0.0,100.0,7.9,2.8,3.8,11.5
CA,6065,Riverside County,6065042403,6065042403,0.2232,3.8,143456.0,5.6,17.1,0.0,3.13,66.6,7.2,5.6,1.4,2.6
CA,6065,Riverside County,6065042404,6065042404,0.6971,14.9,71500.0,15.9,30.6,1.9,0.0,1.81,13.3,3.8,4.7,12.9
CA,6065,Riverside County,6065042405,6065042405,0.8404,27.0,49167.0,12.7,60.8,9.7,0.0,0.0,10.4,13.8,9.8,4.7
CA,6065,Riverside County,6065042406,6065042406,0.7189,8.9,75847.0,11.9,36.3,3.6,3.5,59.23,8.4,4.1,13.8,9.7
CA,6065,Riverside County,6065042407,6065042407,0.557,8.1,82917.0,5.9,26.6,1.3,4.0,92.82,7.8,7.5,6.0,9.1
CA,6065,Riverside County,6065042408,6065042408,0.474,8.3,94130.0,5.4,27.4,0.0,2.17,72.96,12.4,6.6,3.1,8.4
CA,6065,Riverside County,6065042409,6065042409,0.5263,11.1,72679.0,13.1,37.4,1.6,7.05,89.09,10.9,9.1,1.2,10.4
CA,6065,Riverside County,6065042410,6065042410,0.3579,13.7,89485.0,10.7,32.0,0.0,0.0,100.0,8.8,7.3,1.8,4.8
CA,6065,Riverside County,6065042411,6065042411,0.4733,10.9,89150.0,9.8,32.8,1.4,7.45,94.43,5.7,5.7,3.1,6.9
CA,6065,Riverside County,6065042412,6065042412,0.3351,8.1,124469.0,3.1,19.1,1.6,2.74,99.62,14.3,5.1,4.5,6.9
CA,6065,Riverside County,6065042505,6065042505,0.9421,22.2,48672.0,23.6,52.2,11.3,8.69,59.14,9.4,10.1,8.9,18.5
CA,6065,Riverside County,6065042507,6065042507,0.5567,15.7,105694.0,11.9,23.7,1.0,0.97,64.54,7.8,14.7,2.0,13.2
CA,6065,Riverside County,6065042508,6065042508,0.6744,11.1,75781.0,17.1,29.1,0.3,0.0,95.01,6.4,2.9,13.5,18.5
CA,6065,Riverside County,6065042509,6065042509,0.8883,15.4,72788.0,19.0,39.4,0.6,0.92,2.16,11.5,12.4,0.4,13.0
CA,6065,Riverside County,6065042510,6065042510,0.814,16.0,70766.0,18.6,41.6,4.4,0.0,54.91,10.0,7.4,5.1,17.7
CA,6065,Riverside County,6065042511,6065042511,0.8946,20.5,70341.0,17.7,48.8,10.6,4.81,71.0,9.4,9.1,5.4,12.0
CA,6065,Riverside County,6065042512,6065042512,0.748,23.5,58355.0,7.3,49.9,0.4,0.0,64.44,8.7,13.8,2.9,10.1
CA,6065,Riverside County,6065042513,6065042513,0.8581,21.2,72645.0,18.8,34.5,2.0,0.0,68.89,15.9,17.3,7.0,18.4
CA,6065,Riverside County,6065042514,6065042514,0.9083,13.7,57273.0,13.2,59.0,5.1,5.38,68.14,13.8,6.5,3.8,12.1
CA,6065,Riverside County,6065042515,6065042515,0.9738,31.7,44716.0,9.5,55.9,14.1,10.16,82.96,14.9,17.1,21.0,10.3
CA,6065,Riverside County,6065042516,6065042516,0.7826,18.1,73304.0,16.5,37.4,4.7,7.46,28.16,10.7,8.3,4.7,16.4
CA,6065,Riverside County,6065042517,6065042517,0.7197,11.5,77885.0,10.2,28.9,2.1,0.0,96.38,9.1,10.3,4.4,10.5
CA,6065,Riverside County,6065042518,6065042518,0.7386,7.6,65915.0,8.9,48.2,3.0,1.99,19.38,9.2,8.3,7.1,7.7
CA,6065,Riverside County,6065042519,6065042519,0.8803,27.0,47333.0,8.3,62.4,2.5,0.0,5.88,18.2,6.1,4.8,12.7
CA,6065,Riverside County,6065042520,6065042520,0.8488,5.1,59877.0,18.1,46.0,9.4,7.73,82.64,8.8,5.6,14.5,24.2
CA,6065,Riverside County,6065042521,6065042521,0.836,20.9,69271.0,10.8,49.8,3.8,2.35,32.07,8.9,7.9,6.0,14.1
CA,6065,Riverside County,6065042522,6065042522,0.4215,14.8,78654.0,3.6,36.0,4.0,3.02,100.0,6.7,6.1,5.1,3.3
CA,6065,Riverside County,6065042523,6065042523,0.6201,14.2,84924.0,7.9,34.0,0.0,0.0,98.73,6.5,7.1,4.2,9.3
CA,6065,Riverside County,6065042621,6065042621,0.4308,7.6,103650.0,5.9,27.6,1.4,0.0,95.8,9.2,8.1,6.4,6.4
CA,6065,Riverside County,6065042622,6065042622,0.393,12.1,113137.0,12.5,26.3,0.0,0.0,58.07,7.1,5.9,3.0,9.6
CA,6065,Riverside County,6065042623,6065042623,0.1144,5.5,115139.0,2.2,25.7,0.0,0.75,88.57,10.9,2.1,6.7,2.5
CA,6065,Riverside County,6065042624,6065042624,0.3001,3.4,89760.0,7.9,23.7,1.6,0.0,82.64,10.0,9.5,4.3,8.8
CA,6065,Riverside County,6065042625,6065042625,0.5923,16.8,92888.0,12.5,14.7,3.4,5.08,69.32,7.4,8.6,14.3,14.2
CA,6065,Riverside County,6065042626,6065042626,0.6612,15.1,101123.0,5.1,24.4,9.7,6.4,93.71,7.8,8.8,2.7,7.8
CA,6065,Riverside County,6065042627,6065042627,0.5535,7.1,87926.0,9.3,37.7,0.0,18.15,28.51,13.1,2.6,2.0,11.6
CA,6065,Riverside County,6065042628,6065042628,0.7907,14.8,67982.0,13.5,31.8,1.0,0.0,83.11,8.2,10.1,7.3,13.5
CA,6065,Riverside County,6065042629,6065042629,0.4694,6.9,82500.0,8.5,25.6,2.7,0.0,42.32,10.5,7.7,3.9,4.0
CA,6065,Riverside County,6065042630,6065042630,0.4222,5.6,98713.0,6.6,15.6,0.0,3.04,98.64,12.4,2.8,7.0,18.4
CA,6065,Riverside County,6065042631,6065042631,0.8758,11.6,68250.0,13.6,44.8,2.6,2.74,43.45,10.5,9.9,8.9,17.6
CA,6065,Riverside County,6065042632,6065042632,0.7601,21.3,73832.0,12.0,52.8,5.7,0.1,12.45,7.8,6.9,24.1,12.9
CA,6065,Riverside County,6065042708,6065042708,0.4178,3.9,91395.0,4.2,26.2,5.0,2.84,47.61,12.1,9.8,3.6,2.8
CA,6065,Riverside County,6065042709,6065042709,0.7249,10.5,59227.0,9.0,38.4,6.1,12.02,94.69,18.9,9.2,23.5,6.5
CA,6065,Riverside County,6065042711,6065042711,0.4264,14.0,44904.0,3.6,53.9,9.7,5.77,74.98,38.7,4.4,26.8,2.3
CA,6065,Riverside County,6065042714,6065042714,0.165,9.5,144141.0,4.4,17.9,3.9,0.0,60.75,14.0,4.8,3.0,0.2
CA,6065,Riverside County,6065042716,6065042716,0.1918,6.2,112386.0,2.6,22.5,1.9,2.52,94.03,11.3,2.6,7.7,0.7
CA,6065,Riverside County,6065042717,6065042717,0.6733,22.6,62258.0,9.2,48.2,1.9,2.73,61.74,13.4,8.3,8.7,7.0
CA,6065,Riverside County,6065042719,6065042719,0.7515,14.6,78534.0,5.5,30.4,7.2,7.29,94.78,10.6,5.8,11.2,11.1
CA,6065,Riverside County,6065042720,6065042720,0.7415,15.9,59145.0,15.2,21.8,6.1,0.0,100.0,7.9,10.3,6.9,8.5
CA,6065,Riverside County,6065042723,6065042723,0.7212,8.9,59510.0,10.1,23.9,0.0,0.0,100.0,16.4,10.6,12.8,6.1
CA,6065,Riverside County,6065042724,6065042724,0.1403,2.8,113385.0,3.3,21.9,1.4,3.45,84.05,10.0,11.1,0.5,2.8
CA,6065,Riverside County,6065042726,6065042726,0.3176,8.1,127467.0,2.9,17.4,0.4,0.0,100.0,9.9,4.3,4.8,6.4
CA,6065,Riverside County,6065042728,6065042728,0.6645,16.0,87266.0,8.5,23.1,3.5,1.51,97.72,10.5,8.3,14.6,3.7
CA,6065,Riverside County,6065042730,6065042730,0.6737,19.0,87661.0,10.7,23.5,1.2,4.16,72.85,13.8,5.0,7.5,8.8
CA,6065,Riverside County,6065042731,6065042731,0.564,9.8,94208.0,13.6,18.5,2.7,2.63,93.22,16.2,10.9,11.6,5.9
CA,6065,Riverside County,6065042732,6065042732,0.2685,5.1,120008.0,6.8,17.9,3.2,0.0,71.22,11.0,6.4,9.4,3.8
CA,6065,Riverside County,6065042733,6065042733,0.36,7.7,125321.0,6.1,20.9,3.0,0.0,84.32,9.9,7.4,0.5,2.4
CA,6065,Riverside County,6065042737,6065042737,0.2946,4.3,121277.0,6.5,22.2,0.0,0.0,95.3,6.3,6.3,4.9,8.6
CA,6065,Riverside County,6065042738,6065042738,0.2845,9.1,112138.0,2.3,22.7,2.3,0.0,44.32,5.8,11.0,5.5,2.5
CA,6065,Riverside County,6065042739,6065042739,0.3757,4.4,120286.0,5.0,13.4,2.1,3.39,94.47,12.6,5.2,2.4,4.2
CA,6065,Riverside County,6065042740,6065042740,0.2598,10.4,46763.0,4.2,35.6,5.3,3.29,100.0,35.4,3.3,12.8,2.2
CA,6065,Riverside County,6065042741,6065042741,0.4824,8.0,51786.0,2.1,39.2,9.3,0.0,58.06,35.3,16.5,17.0,5.4
CA,6065,Riverside County,6065042742,6065042742,0.3767,5.0,100479.0,3.5,24.0,1.4,1.85,70.47,8.4,5.1,3.0,4.1
CA,6065,Riverside County,6065042743,6065042743,0.2388,2.9,144158.0,3.8,11.9,0.0,2.92,100.0,12.2,6.1,2.0,2.0
CA,6065,Riverside County,6065042744,6065042744,0.601,9.5,87286.0,8.4,27.9,8.0,0.0,100.0,9.1,5.8,4.4,6.7
CA,6065,Riverside County,6065042745,6065042745,0.5637,11.8,69734.0,16.3,33.0,2.2,2.34,97.46,16.3,5.2,13.0,4.1
CA,6065,Riverside County,6065042746,6065042746,0.5731,11.6,88359.0,19.6,28.4,0.0,4.8,97.65,5.7,7.9,5.7,17.6
CA,6065,Riverside County,6065042747,6065042747,0.703,13.5,78096.0,8.0,34.5,6.7,0.95,53.6,7.6,6.6,1.8,11.3
CA,6065,Riverside County,6065042748,6065042748,0.1897,15.8,128607.0,3.5,18.5,2.2,9.25,5.78,10.8,7.3,2.0,2.1
CA,6065,Riverside County,6065042749,6065042749,0.2013,2.2,123583.0,6.9,24.5,0.0,3.69,99.26,5.7,3.4,3.8,5.0
CA,6065,Riverside County,6065042750,6065042750,0.4941,7.5,94083.0,3.6,37.1,1.1,0.37,0.82,7.4,12.5,0.0,3.3
CA,6065,Riverside County,6065042751,6065042751,0.2002,5.1,67273.0,1.4,36.9,4.9,2.51,88.0,9.4,3.7,5.9,0.5
CA,6065,Riverside County,6065042752,6065042752,0.3956,7.5,73957.0,3.6,34.3,1.8,1.36,90.49,20.6,11.5,8.5,3.9
CA,6065,Riverside County,6065042801,6065042801,0.9805,16.1,59671.0,19.2,47.5,15.5,4.56,15.67,6.4,8.8,20.6,17.9
CA,6065,Riverside County,6065042802,6065042802,0.7787,13.2,64940.0,15.4,32.0,0.8,0.0,44.52,7.5,4.2,4.8,16.2
CA,6065,Riverside County,6065042902,6065042902,0.907,27.8,51506.0,3.3,44.5,5.3,4.92,100.0,13.2,18.5,20.8,15.8
CA,6065,Riverside County,6065042903,6065042903,0.8321,6.5,70044.0,11.6,26.0,9.6,7.81,100.0,14.9,9.0,18.0,18.3
CA,6065,Riverside County,6065042905,6065042905,0.8756,13.3,63981.0,13.4,33.3,8.8,8.94,51.88,13.8,6.9,14.7,20.5
CA,6065,Riverside County,6065042906,6065042906,0.8449,10.8,64667.0,11.8,27.2,0.9,6.21,100.0,10.7,6.8,11.7,23.8
CA,6065,Riverside County,6065042907,6065042907,0.7955,18.3,67888.0,9.8,45.0,2.0,0.22,37.73,7.5,3.7,10.2,16.0
CA,6065,Riverside County,6065042908,6065042908,0.8209,16.8,64869.0,19.0,28.5,5.3,0.0,45.2,6.3,1.3,4.5,15.0
CA,6065,Riverside County,6065043001,6065043001,0.5632,16.4,85750.0,8.9,28.6,3.9,1.29,34.22,8.0,7.3,8.5,5.5
CA,6065,Riverside County,6065043003,6065043003,0.8439,14.0,50640.0,12.7,57.1,2.9,0.0,91.29,13.3,5.1,14.1,15.5
CA,6065,Riverside County,6065043005,6065043005,0.7522,18.0,85509.0,10.1,31.4,2.3,1.4,39.97,9.4,10.9,9.1,11.4
CA,6065,Riverside County,6065043006,6065043006,0.9335,17.8,46614.0,12.1,52.2,10.0,7.97,53.75,13.8,5.8,23.0,10.7
CA,6065,Riverside County,6065043007,6065043007,0.0884,5.2,128628.0,3.6,17.1,2.4,3.58,100.0,7.3,7.1,1.4,3.3
CA,6065,Riverside County,6065043008,6065043008,0.4072,4.0,92220.0,5.8,19.6,1.6,2.93,70.79,9.4,7.3,3.3,6.3
CA,6065,Riverside County,6065043009,6065043009,0.1321,11.9,107104.0,3.1,19.4,1.7,0.0,98.48,5.8,4.7,2.3,3.1
CA,6065,Riverside County,6065043010,6065043010,0.4593,6.6,72610.0,8.7,37.2,4.7,0.0,100.0,8.9,4.4,7.9,8.7
CA,6065,Riverside County,6065043201,6065043201,0.1196,1.0,148139.0,1.2,24.1,3.0,4.02,54.68,7.2,8.6,4.0,4.5
CA,6065,Riverside County,6065043202,6065043202,0.0771,5.1,134500.0,1.6,10.9,0.5,8.28,3.18,10.4,5.6,0.9,3.1
CA,6065,Riverside County,6065043203,6065043203,0.1773,6.0,146023.0,9.1,13.4,5.6,0.41,16.51,9.6,4.0,3.8,1.6
CA,6065,Riverside County,6065043204,6065043204,0.2566,12.7,126250.0,2.9,14.7,2.7,0.84,95.78,10.7,2.1,0.0,2.8
CA,6065,Riverside County,6065043205,6065043205,0.2015,4.8,132736.0,6.6,8.9,0.0,3.33,1.8,8.7,8.8,0.4,3.2
CA,6065,Riverside County,6065043206,6065043206,0.5471,9.4,89400.0,3.6,30.8,5.9,1.2,38.15,8.2,6.7,2.9,3.4
CA,6065,Riverside County,6065043207,6065043207,0.351,8.3,104500.0,2.7,26.0,1.9,0.0,98.84,5.2,6.0,0.0,3.0
CA,6065,Riverside County,6065043208,6065043208,0.1113,7.9,131875.0,6.9,20.6,0.0,0.0,31.07,11.7,2.7,2.9,2.4
CA,6065,Riverside County,6065043209,6065043209,0.3238,10.3,78622.0,6.6,21.3,6.4,4.17,80.89,10.8,2.9,11.3,3.1
CA,6065,Riverside County,6065043210,6065043210,0.5504,7.9,76168.0,11.1,29.0,1.5,0.0,67.22,19.5,8.2,10.1,2.3
CA,6065,Riverside County,6065043211,6065043211,0.1506,5.4,117037.0,3.8,24.5,0.9,0.0,68.52,8.1,8.1,0.5,1.4
CA,6065,Riverside County,6065043216,6065043216,0.3963,9.7,85443.0,9.8,31.6,1.4,5.15,61.14,10.8,6.4,1.7,3.9
CA,6065,Riverside County,6065043217,6065043217,0.0732,8.5,141994.0,2.0,14.9,1.2,1.84,52.45,7.2,7.3,3.1,0.9
CA,6065,Riverside County,6065043218,6065043218,0.3033,11.0,129375.0,10.1,19.6,5.7,2.78,97.03,11.8,7.2,3.2,0.9
CA,6065,Riverside County,6065043220,6065043220,0.6503,22.4,72610.0,11.2,42.9,4.3,2.78,4.32,16.4,6.1,9.7,3.0
CA,6065,Riverside County,6065043222,6065043222,0.155,5.9,104564.0,5.1,21.9,0.7,0.98,89.66,10.0,6.5,1.2,1.2
CA,6065,Riverside County,6065043227,6065043227,0.4003,8.8,118750.0,6.3,19.8,0.4,0.0,100.0,12.6,9.3,3.9,2.8
CA,6065,Riverside County,6065043228,6065043228,0.5174,10.2,88409.0,8.0,35.3,4.7,0.0,45.46,6.1,3.2,3.2,3.0
CA,6065,Riverside County,6065043229,6065043229,0.134,3.7,77807.0,2.3,31.9,6.5,0.62,95.35,20.8,5.3,10.6,1.1
CA,6065,Riverside County,6065043235,6065043235,0.2283,1.4,123558.0,3.1,15.9,0.6,2.04,100.0,10.4,11.0,0.6,1.9
CA,6065,Riverside County,6065043246,6065043246,0.2356,4.5,160250.0,3.5,12.2,1.8,0.0,97.54,8.2,5.8,1.0,3.1
CA,6065,Riverside County,6065043248,6065043248,0.149,2.1,123750.0,2.4,8.5,2.1,0.0,97.17,10.8,5.0,3.8,4.0
CA,6065,Riverside County,6065043252,6065043252,0.0424,1.9,150136.0,5.4,14.0,0.0,0.62,100.0,8.6,1.1,2.5,3.6
CA,6065,Riverside County,6065043254,6065043254,0.2376,5.2,100735.0,10.2,18.0,0.6,6.2,100.0,7.5,4.3,4.8,1.0
CA,6065,Riverside County,6065043256,6065043256,0.1447,4.0,113382.0,7.7,15.0,3.7,1.46,40.47,7.7,6.6,2.0,2.8
CA,6065,Riverside County,6065043262,6065043262,0.0666,3.3,118932.0,6.9,17.1,0.4,0.0,36.95,8.9,3.5,4.1,0.5
CA,6065,Riverside County,6065043264,6065043264,0.0913,10.7,137656.0,2.9,16.2,0.0,1.39,71.35,9.3,9.4,2.8,3.1
CA,6065,Riverside County,6065043265,6065043265,0.2588,8.4,136875.0,4.5,18.2,2.4,0.0,55.58,6.9,4.4,4.4,2.1
CA,6065,Riverside County,6065043266,6065043266,0.6338,12.7,80855.0,17.3,41.0,3.2,0.0,15.6,9.5,1.9,5.0,14.9
CA,6065,Riverside County,6065043267,6065043267,0.2627,5.7,97833.0,2.6,22.6,5.6,1.24,68.93,12.5,4.8,3.6,4.0
CA,6065,Riverside County,6065043270,6065043270,0.5038,5.6,118650.0,8.2,24.7,11.4,1.4,76.03,14.7,1.3,4.3,4.7
CA,6065,Riverside County,6065043271,6065043271,0.5436,3.8,101667.0,10.4,15.1,4.0,3.97,100.0,9.6,5.9,5.2,12.2
CA,6065,Riverside County,6065043272,6065043272,0.2477,8.3,120690.0,3.9,27.0,4.7,0.0,94.58,11.8,7.6,5.3,0.6
CA,6065,Riverside County,6065043274,6065043274,0.4892,5.5,104389.0,15.7,18.2,2.4,7.18,100.0,7.8,11.7,10.2,6.0
CA,6065,Riverside County,6065043276,6065043276,0.09,6.5,131250.0,6.3,18.3,1.8,8.99,97.05,9.5,5.5,4.4,2.6
CA,6065,Riverside County,6065043278,6065043278,0.1781,4.4,140938.0,3.2,19.2,1.2,7.79,84.41,7.5,6.4,1.2,1.6
CA,6065,Riverside County,6065043279,6065043279,0.2656,5.9,80298.0,6.6,25.7,0.0,0.0,100.0,13.0,7.8,16.5,0.5
CA,6065,Riverside County,6065043292,6065043292,0.3933,3.0,139746.0,3.6,12.9,1.2,5.17,87.48,15.2,14.2,8.3,0.4
CA,6065,Riverside County,6065043293,6065043293,0.2726,4.1,115271.0,6.4,23.3,0.0,5.96,100.0,12.1,5.8,4.3,0.0
CA,6065,Riverside County,6065043294,6065043294,0.1898,3.5,124049.0,2.8,4.9,1.2,4.42,99.69,8.5,9.5,1.0,1.3
CA,6065,Riverside County,6065043295,6065043295,0.1675,9.0,107098.0,4.6,23.6,3.8,4.93,84.14,13.0,4.2,6.3,0.9
CA,6065,Riverside County,6065043296,6065043296,0.0587,3.1,172750.0,3.4,12.2,0.6,7.71,98.94,6.8,2.5,1.2,2.4
CA,6065,Riverside County,6065043297,6065043297,0.2274,5.4,142829.0,7.1,17.6,3.0,8.77,20.81,9.1,5.4,2.6,5.1
CA,6065,Riverside County,6065043298,6065043298,0.2623,8.2,89173.0,1.3,26.5,3.5,1.52,28.4,10.3,6.1,1.6,2.4
CA,6065,Riverside County,6065043304,6065043304,0.5291,12.0,77229.0,3.3,29.6,6.0,3.96,91.99,19.1,8.1,9.2,0.4
CA,6065,Riverside County,6065043306,6065043306,0.811,11.2,53972.0,13.4,32.5,6.1,1.56,77.21,11.8,3.9,11.8,7.5
CA,6065,Riverside County,6065043307,6065043307,0.934,26.8,35909.0,9.2,42.2,11.8,0.0,54.65,25.5,5.4,11.8,4.6
CA,6065,Riverside County,6065043308,6065043308,0.9434,26.5,42679.0,13.3,53.1,9.0,0.0,24.0,14.4,8.2,15.8,8.2
CA,6065,Riverside County,6065043309,6065043309,0.9749,23.8,48487.0,7.2,42.3,13.2,3.78,40.54,21.1,17.8,13.8,5.5
CA,6065,Riverside County,6065043310,6065043310,0.8652,25.1,56250.0,7.5,43.0,4.4,5.47,44.21,17.5,10.0,19.7,9.6
CA,6065,Riverside County,6065043311,6065043311,0.9361,21.9,69688.0,12.1,47.4,15.0,7.89,13.46,12.5,16.9,17.4,6.7
CA,6065,Riverside County,6065043312,6065043312,0.6066,20.8,72287.0,6.2,29.1,1.0,1.01,40.51,9.1,10.5,4.4,5.7
CA,6065,Riverside County,6065043313,6065043313,0.7713,15.6,58438.0,13.9,37.6,3.1,0.0,97.09,15.4,10.9,8.0,7.3
CA,6065,Riverside County,6065043314,6065043314,0.6102,23.3,66538.0,14.1,39.4,1.1,6.18,100.0,15.1,4.3,5.8,5.3
CA,6065,Riverside County,6065043315,6065043315,0.3618,8.1,89575.0,4.7,22.1,2.2,3.24,98.68,18.8,4.1,8.2,3.4
CA,6065,Riverside County,6065043316,6065043316,0.511,3.8,53231.0,1.8,29.4,2.5,7.19,77.82,25.6,5.8,12.6,3.7
CA,6065,Riverside County,6065043318,6065043318,0.3686,2.9,80804.0,1.3,27.0,3.0,0.0,9.57,8.6,1.0,2.8,2.0
CA,6065,Riverside County,6065043319,6065043319,0.5304,5.7,81477.0,9.5,44.8,0.0,0.0,8.33,14.2,2.5,0.0,15.2
CA,6065,Riverside County,6065043401,6065043401,0.9795,31.6,33556.0,8.1,53.1,8.3,4.1,0.0,20.2,17.1,25.4,7.3
CA,6065,Riverside County,6065043403,6065043403,0.727,8.3,46699.0,10.1,49.2,2.0,7.53,27.18,12.6,6.0,6.7,6.8
CA,6065,Riverside County,6065043404,6065043404,0.561,11.9,43869.0,4.3,38.7,3.9,10.06,60.69,31.0,17.1,13.3,3.5
CA,6065,Riverside County,6065043405,6065043405,0.9632,37.2,38285.0,6.7,47.9,12.2,8.82,29.57,35.2,17.7,14.2,9.1
CA,6065,Riverside County,6065043503,6065043503,0.8278,15.4,41131.0,7.9,50.0,22.4,9.91,34.52,30.3,5.2,25.3,7.7
CA,6065,Riverside County,6065043505,6065043505,0.758,25.1,37500.0,8.7,56.7,18.7,11.97,64.2,37.7,18.1,29.6,6.0
CA,6065,Riverside County,6065043506,6065043506,0.4952,12.7,75255.0,2.9,31.1,3.2,0.0,95.41,14.1,1.9,12.0,6.4
CA,6065,Riverside County,6065043509,6065043509,0.8509,15.2,71083.0,11.6,31.3,1.7,3.14,74.27,16.3,11.7,8.1,7.9
CA,6065,Riverside County,6065043512,6065043512,0.5348,20.5,73772.0,3.5,41.9,4.4,0.0,82.5,15.5,9.2,5.8,3.8
CA,6065,Riverside County,6065043513,6065043513,0.7445,13.3,56589.0,10.3,38.5,4.5,5.83,100.0,16.7,6.8,6.7,5.3
CA,6065,Riverside County,6065043517,6065043517,0.4919,17.5,84306.0,5.3,30.2,3.8,2.29,100.0,8.6,6.3,3.0,7.3
CA,6065,Riverside County,6065043518,6065043518,0.5768,7.9,69944.0,6.0,46.3,0.9,0.0,89.95,13.0,7.4,1.0,8.0
CA,6065,Riverside County,6065043519,6065043519,0.3197,9.2,39375.0,0.0,41.8,5.3,0.0,29.64,40.8,7.3,13.9,0.0
CA,6065,Riverside County,6065043520,6065043520,0.5487,21.6,53359.0,0.7,50.1,0.0,0.4,39.73,17.4,12.9,19.5,16.8
CA,6065,Riverside County,6065043521,6065043521,0.9996,37.8,42273.0,6.8,54.7,14.1,5.99,99.27,20.7,12.2,15.5,10.4
CA,6065,Riverside County,6065043522,6065043522,0.8949,29.7,70191.0,4.5,28.0,12.6,8.98,42.23,21.6,15.5,11.1,3.9
CA,6065,Riverside County,6065043523,6065043523,0.7564,18.4,44192.0,9.2,33.2,11.5,1.3,78.84,19.1,7.9,25.6,3.3
CA,6065,Riverside County,6065043524,6065043524,0.5458,4.7,95989.0,2.5,15.4,1.9,3.83,13.71,22.4,4.2,5.2,4.2
CA,6065,Riverside County,6065043601,6065043601,0.9949,23.8,49063.0,20.4,37.9,8.7,16.92,73.51,19.9,22.4,16.5,13.4
CA,6065,Riverside County,6065043602,6065043602,0.956,33.2,39925.0,12.1,50.3,12.4,6.72,57.83,13.9,12.9,22.8,8.7
CA,6065,Riverside County,6065043701,6065043701,0.6281,17.4,55078.0,7.5,33.2,4.1,3.98,100.0,19.5,13.3,14.7,0.8
CA,6065,Riverside County,6065043702,6065043702,0.7239,18.2,62277.0,10.0,30.3,5.6,14.94,64.27,19.3,4.9,11.2,3.3
CA,6065,Riverside County,6065043703,6065043703,0.6935,16.4,70006.0,6.6,38.2,0.9,0.0,38.14,12.3,13.6,14.0,7.3
CA,6065,Riverside County,6065043802,6065043802,0.4469,8.7,84709.0,5.0,26.1,3.1,0.0,82.81,10.3,1.0,7.4,1.9
CA,6065,Riverside County,6065043807,6065043807,0.6989,5.8,86426.0,7.6,26.5,2.3,3.91,70.03,11.6,5.0,4.0,3.1
CA,6065,Riverside County,6065043809,6065043809,0.4823,2.7,95694.0,4.2,17.8,3.2,7.77,100.0,14.1,7.1,7.2,0.0
CA,6065,Riverside County,6065043810,6065043810,0.2299,16.4,84269.0,4.5,22.7,0.0,4.29,100.0,16.2,1.7,7.4,5.5
CA,6065,Riverside County,6065043812,6065043812,0.1871,10.1,59435.0,0.3,29.8,6.0,0.0,86.27,36.3,5.2,9.2,0.4
CA,6065,Riverside County,6065043813,6065043813,0.6085,14.1,77875.0,10.6,16.4,4.5,12.84,100.0,16.5,3.1,20.5,2.9
CA,6065,Riverside County,6065043818,6065043818,0.2905,4.5,116989.0,2.2,21.1,0.0,2.8,84.41,7.2,4.2,3.6,2.3
CA,6065,Riverside County,6065043820,6065043820,0.1945,9.4,113674.0,2.3,25.4,4.5,1.33,73.28,8.7,4.3,5.2,1.5
CA,6065,Riverside County,6065043821,6065043821,0.6293,8.8,78194.0,6.5,32.1,1.2,0.0,79.67,9.3,11.3,12.1,6.4
CA,6065,Riverside County,6065043822,6065043822,0.2482,12.0,118125.0,1.6,21.9,0.6,4.48,95.78,8.3,8.0,7.4,2.6
CA,6065,Riverside County,6065043823,6065043823,0.3058,5.2,142500.0,11.0,13.7,3.2,6.39,99.3,7.4,3.1,10.1,4.0
CA,6065,Riverside County,6065043824,6065043824,0.5324,14.1,71250.0,2.3,24.6,5.8,0.0,26.11,20.7,15.8,15.7,1.7
CA,6065,Riverside County,6065043900,6065043900,0.5346,5.5,84470.0,8.9,20.8,5.4,2.56,80.01,9.4,5.7,11.4,4.6
CA,6065,Riverside County,6065044000,6065044000,0.8915,23.8,60642.0,19.2,37.7,8.7,5.96,95.59,16.8,8.1,23.8,9.8
CA,6065,Riverside County,6065044101,6065044101,0.9074,21.3,52699.0,12.4,38.2,7.8,6.52,39.49,16.0,7.6,14.1,8.7
CA,6065,Riverside County,6065044102,6065044102,0.9544,24.4,59611.0,12.8,39.7,4.9,4.26,55.96,19.8,9.1,10.9,8.9
CA,6065,Riverside County,6065044103,6065044103,0.628,10.9,49012.0,2.2,28.7,8.0,11.09,84.77,25.4,2.0,19.5,7.1
CA,6065,Riverside County,6065044104,6065044104,0.6001,17.0,93894.0,6.8,19.4,3.7,7.35,98.53,12.3,11.6,9.4,6.4
CA,6065,Riverside County,6065044200,6065044200,0.9451,30.7,48777.0,13.3,43.6,7.0,6.22,85.25,20.6,11.4,30.2,7.6
CA,6065,Riverside County,6065044300,6065044300,0.8738,15.1,55555.0,8.0,46.0,6.4,0.0,68.34,14.9,10.0,13.4,6.9
CA,6065,Riverside County,6065044403,6065044403,0.7145,10.7,51250.0,9.6,33.0,4.3,0.0,98.49,20.5,11.0,19.8,8.2
CA,6065,Riverside County,6065044404,6065044404,0.6298,14.1,67786.0,8.3,31.6,2.8,7.36,91.18,10.5,9.9,17.5,3.3
CA,6065,Riverside County,6065044405,6065044405,0.3395,6.7,96250.0,3.1,35.3,5.1,8.93,71.98,19.5,5.7,8.3,1.8
CA,6065,Riverside County,6065044406,6065044406,0.4991,21.3,49120.0,5.5,34.6,3.8,1.27,83.29,14.6,7.6,17.9,0.0
CA,6065,Riverside County,6065044407,6065044407,0.5564,8.4,67102.0,2.5,31.6,3.3,2.49,99.74,23.7,8.2,7.8,3.3
CA,6065,Riverside County,6065044505,6065044505,0.6937,13.3,69784.0,3.7,35.6,3.4,4.1,98.98,14.8,3.6,20.1,3.6
CA,6065,Riverside County,6065044507,6065044507,0.9366,24.7,56548.0,15.0,45.6,9.8,1.43,41.03,12.5,10.8,10.4,6.6
CA,6065,Riverside County,6065044509,6065044509,0.9613,29.6,38355.0,12.5,49.0,13.3,20.46,98.08,12.4,11.6,22.5,4.6
CA,6065,Riverside County,6065044510,6065044510,0.8406,20.2,41382.0,12.0,54.2,6.1,0.0,37.12,15.5,5.2,14.4,8.4
CA,6065,Riverside County,6065044515,6065044515,0.8364,23.0,37467.0,12.9,38.7,0.0,10.52,74.68,17.3,9.6,10.9,15.3
CA,6065,Riverside County,6065044516,6065044516,0.8981,20.4,46661.0,9.9,51.7,10.5,0.0,97.56,15.2,3.4,18.2,17.8
CA,6065,Riverside County,6065044517,6065044517,0.4669,9.3,97688.0,5.4,30.4,3.0,0.0,100.0,18.8,2.7,8.1,1.3
CA,6065,Riverside County,6065044518,6065044518,0.5261,8.7,70296.0,15.1,38.7,3.7,14.08,97.6,9.9,6.5,4.8,2.4
CA,6065,Riverside County,6065044520,6065044520,0.6592,13.8,57614.0,11.6,22.8,4.6,1.94,98.63,18.1,5.1,17.6,5.0
CA,6065,Riverside County,6065044521,6065044521,0.6237,21.3,71094.0,1.8,34.1,1.0,5.04,100.0,23.3,10.5,7.2,0.5
CA,6065,Riverside County,6065044523,6065044523,0.4796,9.6,46522.0,12.1,30.9,7.9,2.4,0.0,21.7,0.0,14.1,3.5
CA,6065,Riverside County,6065044524,6065044524,0.814,27.6,39859.0,10.5,37.8,7.8,0.0,78.1,9.2,2.9,28.9,6.9
CA,6065,Riverside County,6065044602,6065044602,0.5617,11.8,52433.0,4.2,44.5,10.9,12.16,80.86,17.8,9.6,4.4,0.1
CA,6065,Riverside County,6065044604,6065044604,0.5679,10.7,75764.0,3.4,30.3,4.1,7.49,75.86,18.3,7.8,9.5,8.2
CA,6065,Riverside County,6065044605,6065044605,0.7081,18.6,58401.0,6.6,36.1,2.8,11.59,100.0,11.8,7.2,16.3,1.9
CA,6065,Riverside County,6065044606,6065044606,0.523,22.4,70583.0,1.4,29.4,12.4,13.51,96.81,14.7,2.8,7.4,0.9
CA,6065,Riverside County,6065044701,6065044701,0.8191,16.1,54107.0,9.3,52.4,10.5,9.63,86.65,17.4,8.1,12.5,5.4
CA,6065,Riverside County,6065044702,6065044702,0.6369,26.8,38409.0,9.1,49.2,1.1,8.04,39.16,13.7,15.0,15.7,7.9
CA,6065,Riverside County,6065044804,6065044804,0.589,11.0,69764.0,6.1,36.6,5.0,14.66,94.44,16.2,12.6,5.5,7.0
CA,6065,Riverside County,6065044805,6065044805,0.3665,9.6,76167.0,3.0,27.4,4.2,0.0,60.64,17.5,6.7,5.6,0.1
CA,6065,Riverside County,6065044806,6065044806,0.4882,9.5,58750.0,4.8,41.0,8.0,0.47,46.13,17.7,9.6,13.4,1.0
CA,6065,Riverside County,6065044807,6065044807,0.5382,13.7,85278.0,3.4,35.3,8.5,5.21,59.86,18.7,1.8,11.0,2.5
CA,6065,Riverside County,6065044904,6065044904,0.5279,10.0,85000.0,4.4,38.8,5.1,0.72,59.07,11.5,2.8,8.0,7.8
CA,6065,Riverside County,6065044907,6065044907,0.7811,26.0,42955.0,19.7,58.0,1.5,0.0,54.81,6.8,5.3,14.1,13.4
CA,6065,Riverside County,6065044911,6065044911,0.5506,15.2,49455.0,8.1,46.8,3.7,7.54,73.77,20.6,4.7,21.8,1.9
CA,6065,Riverside County,6065044916,6065044916,0.881,36.4,52406.0,8.5,37.3,7.8,7.96,68.36,11.0,12.8,10.8,8.8
CA,6065,Riverside County,6065044917,6065044917,0.175,5.9,131677.0,1.7,15.6,4.2,5.77,93.56,22.4,13.4,9.4,0.0
CA,6065,Riverside County,6065044918,6065044918,0.2779,9.2,98835.0,1.1,28.7,4.9,4.99,72.23,21.6,4.7,3.7,0.2
CA,6065,Riverside County,6065044919,6065044919,0.4468,8.3,61528.0,3.0,32.0,4.4,6.17,73.51,27.4,12.0,9.0,0.4
CA,6065,Riverside County,6065044921,6065044921,0.3775,13.9,134271.0,2.5,27.9,2.9,0.0,60.3,16.0,12.8,1.8,0.6
CA,6065,Riverside County,6065044922,6065044922,0.1905,6.8,129375.0,4.2,22.7,1.1,2.23,85.87,7.0,4.5,7.9,0.7
CA,6065,Riverside County,6065044923,6065044923,0.5243,14.3,104554.0,7.5,28.0,4.8,2.07,41.01,14.3,5.7,2.6,4.3
CA,6065,Riverside County,6065044924,6065044924,0.345,11.0,83922.0,13.3,41.2,0.0,1.12,100.0,4.4,0.6,5.3,4.4
CA,6065,Riverside County,6065044925,6065044925,0.4811,9.3,90357.0,8.5,21.1,0.0,0.81,80.42,12.4,7.8,1.9,8.9
CA,6065,Riverside County,6065044926,6065044926,0.7498,12.9,56397.0,14.7,36.0,11.7,0.0,1.35,9.2,5.0,15.7,11.6
CA,6065,Riverside County,6065044927,6065044927,0.2811,10.5,89357.0,2.3,23.3,1.1,4.24,76.91,16.3,7.9,9.3,3.1
CA,6065,Riverside County,6065044928,6065044928,0.2887,7.9,115098.0,1.3,30.8,7.4,6.73,79.4,16.5,2.3,6.4,0.4
CA,6065,Riverside County,6065044929,6065044929,0.4896,13.8,74018.0,2.5,37.0,6.9,5.71,81.01,19.4,5.4,14.0,1.3
CA,6065,Riverside County,6065044930,6065044930,0.7042,22.0,80129.0,3.3,39.1,0.0,3.71,59.58,14.7,10.2,13.2,2.7
CA,6065,Riverside County,6065044931,6065044931,0.522,9.8,82363.0,6.6,27.1,0.0,0.0,28.2,14.3,5.1,3.6,8.3
CA,6065,Riverside County,6065044932,6065044932,0.4801,13.3,83000.0,9.2,35.7,4.3,0.0,86.88,9.4,9.2,2.3,6.6
CA,6065,Riverside County,6065044933,6065044933,0.7877,19.1,50192.0,21.1,44.9,3.0,0.03,59.13,3.7,2.4,6.8,17.3
CA,6065,Riverside County,6065044934,6065044934,0.9096,26.0,30505.0,15.1,60.2,31.9,3.08,56.59,10.8,9.8,35.4,9.2
CA,6065,Riverside County,6065045000,6065045000,0.5405,22.9,54250.0,3.4,42.8,7.3,12.88,94.13,12.6,8.0,11.7,3.4
CA,6065,Riverside County,6065045103,6065045103,0.6486,13.4,80625.0,8.8,38.2,6.1,5.53,78.01,16.1,6.0,10.3,6.6
CA,6065,Riverside County,6065045109,6065045109,0.331,12.9,83011.0,12.5,30.8,1.5,0.0,93.21,7.8,8.2,2.4,0.5
CA,6065,Riverside County,6065045110,6065045110,0.5088,15.7,80755.0,5.4,31.9,4.3,4.43,100.0,10.3,7.3,6.7,7.8
CA,6065,Riverside County,6065045114,6065045114,0.1616,5.7,120000.0,4.6,20.8,0.0,0.08,96.99,17.7,5.0,8.4,0.3
CA,6065,Riverside County,6065045115,6065045115,0.0528,4.7,114183.0,1.3,30.0,3.5,6.3,95.71,13.6,6.2,6.1,0.0
CA,6065,Riverside County,6065045116,6065045116,0.4392,12.2,76660.0,5.7,37.3,4.8,2.05,63.43,11.8,5.1,5.6,0.9
CA,6065,Riverside County,6065045117,6065045117,0.4408,20.8,63911.0,4.7,43.2,7.4,4.5,27.38,14.7,5.0,9.3,1.1
CA,6065,Riverside County,6065045118,6065045118,0.6814,16.1,48519.0,10.5,42.6,5.0,0.0,50.33,13.8,4.4,7.7,4.0
CA,6065,Riverside County,6065045119,6065045119,0.5805,16.8,82308.0,8.3,32.3,2.8,0.0,96.09,17.4,8.2,7.9,7.1
CA,6065,Riverside County,6065045120,6065045120,0.5598,12.0,64030.0,8.2,45.3,3.5,7.3,100.0,9.7,11.4,9.6,4.6
CA,6065,Riverside County,6065045122,6065045122,0.1312,5.9,75792.0,2.6,36.3,2.5,6.76,90.07,15.7,7.9,1.1,0.0
CA,6065,Riverside County,6065045123,6065045123,0.3544,3.3,91250.0,3.7,20.0,1.1,6.95,98.86,14.4,13.1,2.4,6.5
CA,6065,Riverside County,6065045124,6065045124,0.4386,9.9,63750.0,2.8,42.4,4.9,3.49,94.79,16.3,5.3,0.1,4.2
CA,6065,Riverside County,6065045125,6065045125,0.0944,5.6,177083.0,2.3,19.7,0.8,0.29,89.17,21.4,10.6,6.1,1.5
CA,6065,Riverside County,6065045126,6065045126,0.7097,16.4,56563.0,17.5,49.3,10.9,3.28,62.51,9.7,3.0,7.2,10.5
CA,6065,Riverside County,6065045127,6065045127,0.6038,20.2,48011.0,7.3,38.6,9.9,2.9,69.49,19.6,9.2,12.7,0.0
CA,6065,Riverside County,6065045128,6065045128,0.0021,2.3,174688.0,1.1,18.6,0.0,7.61,59.93,15.5,0.0,2.4,0.0
CA,6065,Riverside County,6065045129,6065045129,0.5106,15.8,66509.0,1.0,33.7,4.1,0.65,33.74,9.3,11.7,11.5,0.9
CA,6065,Riverside County,6065045207,6065045207,0.9316,22.5,48824.0,8.5,53.9,2.7,2.35,10.73,7.8,7.5,8.7,12.3
CA,6065,Riverside County,6065045209,6065045209,0.8502,11.6,58231.0,9.3,38.7,8.2,2.27,40.75,15.6,7.3,13.5,9.2
CA,6065,Riverside County,6065045212,6065045212,0.1782,7.9,71058.0,1.7,30.4,1.0,0.93,57.08,16.3,10.0,4.0,5.2
CA,6065,Riverside County,6065045213,6065045213,0.5098,12.8,78586.0,6.4,31.5,7.4,0.0,81.82,13.2,2.9,6.5,3.4
CA,6065,Riverside County,6065045214,6065045214,0.3509,6.4,98077.0,3.3,30.9,3.5,3.35,62.33,10.5,5.1,8.4,2.1
CA,6065,Riverside County,6065045216,6065045216,0.0543,5.1,106447.0,0.4,24.1,2.3,3.67,100.0,19.7,2.5,2.3,0.3
CA,6065,Riverside County,6065045217,6065045217,0.5181,11.0,74669.0,9.6,34.5,1.5,0.75,63.7,5.5,5.8,8.3,13.4
CA,6065,Riverside County,6065045222,6065045222,0.3916,8.0,90233.0,8.0,27.7,3.6,3.54,61.46,13.1,1.7,2.3,5.2
CA,6065,Riverside County,6065045224,6065045224,0.3479,10.6,86808.0,6.2,35.4,1.3,2.37,41.09,9.6,1.7,6.1,8.2
CA,6065,Riverside County,6065045226,6065045226,0.2792,2.4,82196.0,5.2,35.6,0.0,2.9,75.29,6.2,5.6,1.2,18.9
CA,6065,Riverside County,6065045228,6065045228,0.5031,16.9,86841.0,8.4,20.5,0.0,1.12,94.52,14.9,1.9,5.2,8.3
CA,6065,Riverside County,6065045233,6065045233,0.394,7.2,79543.0,8.1,35.1,4.9,1.44,75.23,9.5,7.8,8.6,4.4
CA,6065,Riverside County,6065045234,6065045234,0.2941,2.1,128917.0,6.8,15.5,4.6,0.0,44.31,6.1,3.2,6.3,3.1
CA,6065,Riverside County,6065045235,6065045235,0.6204,6.8,85833.0,0.3,35.0,4.1,5.32,75.07,14.4,9.4,6.1,4.9
CA,6065,Riverside County,6065045302,6065045302,0.4673,6.1,71625.0,7.8,26.9,1.8,3.11,67.61,19.0,6.5,10.2,17.0
CA,6065,Riverside County,6065045303,6065045303,0.8126,6.5,42328.0,22.6,38.1,7.2,0.0,10.0,6.3,12.8,20.5,25.2
CA,6065,Riverside County,6065045305,6065045305,0.3883,4.2,116000.0,10.5,28.3,0.8,4.16,92.63,11.3,4.7,2.5,3.4
CA,6065,Riverside County,6065045306,6065045306,0.246,1.9,120833.0,6.5,20.3,1.4,5.0,0.0,8.9,9.9,0.9,1.1
CA,6065,Riverside County,6065045501,6065045501,0.9233,16.4,47951.0,10.3,54.8,3.4,0.0,30.5,10.2,10.0,7.2,11.8
CA,6065,Riverside County,6065045502,6065045502,0.9477,29.8,42500.0,6.7,45.2,9.9,7.01,37.56,18.7,12.5,18.6,16.3
CA,6065,Riverside County,6065045606,6065045606,0.2191,7.4,94385.0,4.2,21.9,0.6,4.26,94.68,9.8,6.2,2.9,5.3
CA,6065,Riverside County,6065045610,6065045610,0.968,23.3,26250.0,12.4,40.7,17.8,0.0,97.03,16.5,14.0,21.3,48.5
CA,6065,Riverside County,6065045611,6065045611,0.6533,8.9,39324.0,13.8,44.5,3.7,6.54,94.4,10.5,11.5,12.7,46.8
CA,6065,Riverside County,6065045612,6065045612,0.675,24.0,35774.0,15.4,38.0,3.3,9.69,97.98,6.9,9.1,15.0,36.4
CA,6065,Riverside County,6065045613,6065045613,0.0907,8.9,149643.0,1.4,11.4,1.3,3.79,4.89,16.2,9.3,2.7,1.3
CA,6065,Riverside County,6065045614,6065045614,0.0442,6.5,182614.0,0.0,12.7,1.6,1.14,83.41,12.5,9.8,1.0,1.0
CA,6065,Riverside County,6065045615,6065045615,0.7627,15.2,36745.0,5.0,56.0,0.9,2.11,10.05,17.2,8.8,13.1,19.3
CA,6065,Riverside County,6065045616,6065045616,0.7273,22.7,43517.0,12.9,0.0,9.5,11.55,30.13,4.4,7.1,39.7,40.9
CA,6065,Riverside County,6065045617,6065045617,0.3308,8.3,100929.0,2.9,22.2,4.3,3.61,78.51,8.7,17.1,9.4,10.1
CA,6065,Riverside County,6065045618,6065045618,0.9012,46.1,23442.0,25.2,55.8,0.9,1.44,60.15,5.9,16.8,27.7,50.9
CA,6065,Riverside County,6065045619,6065045619,0.8355,32.6,30888.0,19.8,30.3,2.6,0.0,32.98,8.5,18.2,15.0,46.3
CA,6065,Riverside County,6065045703,6065045703,0.6898,9.5,46271.0,6.5,29.7,7.7,0.0,94.58,10.7,15.9,19.2,24.2
CA,6065,Riverside County,6065045704,6065045704,0.8929,13.9,29243.0,8.0,45.8,0.0,4.4,28.25,14.4,15.4,7.4,16.9
CA,6065,Riverside County,6065045706,6065045706,0.7748,9.8,53472.0,8.2,36.9,1.0,0.08,85.73,10.2,12.6,6.8,34.0
CA,6065,Riverside County,6065045707,6065045707,0.6894,13.1,59821.0,11.3,46.7,7.3,5.69,18.82,9.4,10.3,13.5,20.9
CA,6065,Riverside County,6065045708,6065045708,0.657,14.4,46635.0,15.3,41.1,1.0,4.95,73.9,5.3,18.4,6.8,21.8
CA,6065,Riverside County,6065045709,6065045709,0.7615,19.5,41250.0,13.4,50.8,4.5,0.0,53.41,7.2,17.8,8.5,28.7
CA,6065,Riverside County,6065045900,6065045900,0.8538,23.7,45952.0,6.5,22.1,4.7,5.54,98.24,13.6,6.8,22.6,17.6
CA,6065,Riverside County,6065046101,6065046101,0.8625,24.5,58966.0,4.5,35.8,15.8,2.03,21.03,12.8,8.4,14.0,7.1
CA,6065,Riverside County,6065046102,6065046102,0.9518,29.2,36111.0,5.7,29.3,13.8,10.44,59.28,21.0,8.2,10.2,16.5
CA,6065,Riverside County,6065046103,6065046103,0.6977,12.5,73977.0,5.2,23.5,2.4,3.43,100.0,14.8,4.5,6.7,3.7
CA,6065,Riverside County,6065046200,6065046200,0.951,28.9,36849.0,7.3,43.7,13.8,0.0,36.61,16.1,6.6,29.9,7.3
CA,6065,Riverside County,6065046401,6065046401,0.3073,9.2,92333.0,5.2,30.1,1.1,1.14,83.04,10.1,0.7,3.8,3.3
CA,6065,Riverside County,6065046402,6065046402,0.7237,10.7,61569.0,5.5,44.0,4.0,0.5,86.83,17.7,5.7,11.9,11.0
CA,6065,Riverside County,6065046403,6065046403,0.6241,13.6,83487.0,15.1,29.3,1.8,5.8,96.51,12.6,3.2,5.2,13.4
CA,6065,Riverside County,6065046404,6065046404,0.7171,15.3,80504.0,10.2,31.7,0.9,0.16,66.45,13.8,8.2,7.3,7.6
CA,6065,Riverside County,6065046405,6065046405,0.6037,11.8,89097.0,12.3,31.6,6.1,4.91,100.0,9.7,1.9,13.5,5.0
CA,6065,Riverside County,6065046501,6065046501,0.5927,100.0,90230.0,4.6,100.0,38.1,1.05,3.0,10.7,20.3,38.1,1.9
CA,6065,Riverside County,6065046502,6065046502,0.8342,33.0,43547.0,15.8,55.2,16.9,2.11,50.7,5.6,15.3,7.2,4.9
CA,6065,Riverside County,6065046601,6065046601,0.573,6.4,111250.0,8.8,22.9,20.0,7.78,72.09,13.1,5.1,19.2,7.9
CA,6065,Riverside County,6065046602,6065046602,0.252,3.2,119447.0,5.4,12.6,0.0,5.49,60.97,10.9,8.5,7.2,4.4
CA,6065,Riverside County,6065046700,6065046700,0.9754,22.9,50038.0,13.0,47.3,10.4,6.51,30.35,14.0,5.5,12.7,16.0
CA,6065,Riverside County,6065046800,6065046800,0.6077,10.7,85022.0,9.8,29.8,3.6,0.0,99.27,9.5,4.2,5.0,12.1
CA,6065,Riverside County,6065046900,6065046900,0.6051,12.0,49821.0,3.7,17.6,4.9,2.92,92.32,9.4,15.4,10.7,6.6
CA,6065,Riverside County,6065047000,6065047000,0.6064,25.4,72232.0,5.4,30.9,0.0,7.07,100.0,12.9,9.3,11.2,5.4
CA,6065,Riverside County,6065047201,6065047201,0.5614,28.0,34831.0,6.6,30.2,8.6,0.0,100.0,14.5,17.5,5.6,3.6
CA,6065,Riverside County,6065047202,6065047202,0.5795,13.6,45250.0,8.7,23.8,0.8,9.43,100.0,19.1,10.7,1.6,3.5
CA,6065,Riverside County,6065047901,6065047901,0.2532,6.1,134375.0,0.3,6.8,1.1,4.2,30.85,9.1,6.1,1.7,5.6
CA,6065,Riverside County,6065047902,6065047902,0.0467,3.6,201184.0,7.0,10.5,0.5,0.0,100.0,6.3,3.4,3.1,1.4
CA,6065,Riverside County,6065048100,6065048100,0.203,8.9,187738.0,1.7,12.8,4.1,0.0,69.94,4.2,7.7,4.7,4.5
CA,6065,Riverside County,6065048200,6065048200,0.2515,10.4,126920.0,8.3,18.4,1.1,0.0,99.2,7.5,3.1,6.2,5.8
CA,6065,Riverside County,6065048300,6065048300,0.4199,8.4,114028.0,5.6,22.8,2.8,3.42,58.17,12.6,5.8,0.4,9.6
CA,6065,Riverside County,6065048700,6065048700,0.7029,7.4,83713.0,9.7,30.9,0.0,3.8,63.29,9.8,6.9,2.3,6.1
CA,6065,Riverside County,6065048800,6065048800,0.6694,15.5,82163.0,16.0,23.8,7.8,2.63,100.0,6.8,4.7,5.4,11.0
CA,6065,Riverside County,6065048901,6065048901,0.6842,11.8,74412.0,10.6,40.6,0.8,0.0,94.62,12.7,9.0,5.5,10.0
CA,6065,Riverside County,6065048902,6065048902,0.8804,17.8,75568.0,12.1,33.8,5.4,6.99,59.17,10.8,6.2,6.5,14.8
CA,6065,Riverside County,6065049001,6065049001,0.5195,4.4,119375.0,5.2,20.6,1.9,0.0,100.0,15.2,3.6,0.0,7.7
CA,6065,Riverside County,6065049002,6065049002,0.3402,1.5,100000.0,5.3,19.0,1.5,2.27,14.72,12.1,7.2,11.1,11.6
CA,6065,Riverside County,6065049101,6065049101,0.6149,27.5,46711.0,7.0,45.9,4.7,1.91,2.48,12.2,10.4,6.8,0.0
CA,6065,Riverside County,6065049102,6065049102,0.1694,6.4,68850.0,2.5,27.5,0.0,3.09,99.69,18.5,7.0,6.9,0.6
CA,6065,Riverside County,6065049400,6065049400,0.3874,11.7,68333.0,3.8,31.9,0.9,0.0,99.71,13.5,9.3,9.1,0.6
CA,6065,Riverside County,6065049501,6065049501,0.5977,31.0,61875.0,23.2,27.6,4.8,0.0,99.02,2.1,7.2,5.0,25.4
CA,6065,Riverside County,6065049502,6065049502,0.8988,21.9,30913.0,16.4,50.9,6.2,4.9,55.74,8.4,22.2,2.8,19.5
CA,6065,Riverside County,6065049600,6065049600,0.4567,5.6,93671.0,5.0,31.7,11.6,0.0,35.15,8.7,9.0,2.2,2.2
CA,6065,Riverside County,6065049701,6065049701,0.0967,6.3,152417.0,6.0,13.0,1.0,3.81,22.38,4.3,3.6,7.5,1.9
CA,6065,Riverside County,6065049702,6065049702,0.0622,4.8,162037.0,5.4,10.8,3.5,3.92,18.55,7.8,13.1,2.7,0.9
CA,6065,Riverside County,6065049800,6065049800,0.5503,7.9,78620.0,5.1,36.1,5.7,0.0,47.55,10.1,5.3,8.0,2.8
CA,6065,Riverside County,6065050301,6065050301,0.356,2.7,116139.0,6.1,19.7,1.6,11.8,87.93,15.1,14.2,2.4,5.5
CA,6065,Riverside County,6065050302,6065050302,0.1186,2.0,114936.0,3.6,32.5,0.0,0.0,45.86,8.4,1.2,0.8,0.8
CA,6065,Riverside County,6065050401,6065050401,0.2597,4.5,108719.0,9.1,19.7,0.9,1.07,23.55,9.1,8.9,2.2,3.9
CA,6065,Riverside County,6065050402,6065050402,0.4595,8.7,91528.0,7.6,31.8,4.2,0.33,49.73,10.9,8.9,10.5,4.9
CA,6065,Riverside County,6065050501,6065050501,0.5227,4.5,100502.0,7.4,24.2,1.3,0.0,3.59,10.9,5.0,7.2,4.3
CA,6065,Riverside County,6065050502,6065050502,0.1291,11.3,128375.0,6.2,18.3,0.0,8.24,99.96,10.7,5.6,7.3,0.2
CA,6065,Riverside County,6065050503,6065050503,0.274,3.6,113063.0,6.1,19.6,0.0,3.38,98.26,9.2,5.4,2.3,5.0
CA,6065,Riverside County,6065050600,6065050600,0.5176,8.0,105754.0,9.4,30.6,5.0,2.05,58.94,10.4,4.3,4.1,0.5
CA,6065,Riverside County,6065050701,6065050701,0.2207,6.4,128889.0,2.0,20.0,0.8,1.76,100.0,7.5,8.9,3.7,2.6
CA,6065,Riverside County,6065050702,6065050702,0.3765,13.5,117902.0,1.6,21.1,1.7,7.94,80.71,19.4,5.1,14.1,6.0
CA,6065,Riverside County,6065050901,6065050901,0.1812,10.1,89223.0,3.2,34.2,4.4,3.13,7.67,6.7,2.2,1.5,3.8
CA,6065,Riverside County,6065050902,6065050902,0.2315,12.4,107391.0,2.1,25.6,6.6,2.41,16.44,3.9,2.4,8.0,5.8
CA,6065,Riverside County,6065051100,6065051100,0.6712,13.4,93073.0,6.8,40.6,2.9,6.22,45.95,10.9,12.9,9.4,7.1
CA,6065,Riverside County,6065051200,6065051200,0.6959,17.3,72753.0,6.7,36.6,8.8,1.85,98.26,9.3,6.1,17.0,5.6
CA,6065,Riverside County,6065051301,6065051301,0.7788,11.7,67099.0,8.7,28.9,9.5,4.05,100.0,19.4,10.3,13.5,6.8
CA,6065,Riverside County,6065051302,6065051302,0.4902,13.6,72902.0,5.2,23.6,0.0,0.0,10.8,18.1,2.4,4.3,4.2
CA,6065,Riverside County,6065051401,6065051401,0.0664,9.7,96644.0,0.0,21.2,8.1,1.02,21.15,28.8,0.0,7.3,3.5
CA,6065,Riverside County,6065051402,6065051402,0.0985,9.5,60435.0,1.4,34.4,2.2,0.46,95.31,30.2,8.9,14.9,0.0
CA,6065,Riverside County,6065940100,6065940100,0.1906,21.8,40536.0,9.5,50.5,0.0,4.71,100.0,15.0,0.0,21.6,0.0
CA,6065,Riverside County,6065940400,6065940400,0.7716,9.9,64196.0,6.3,32.7,2.7,1.5,48.51,12.3,9.6,6.9,25.9
CA,6065,Riverside County,6065940500,6065940500,0.2743,8.2,106705.0,3.8,29.6,1.7,3.14,97.78,17.5,11.6,5.8,0.1
CA,6065,Riverside County,6065940600,6065940600,0.2138,5.5,83472.0,1.9,26.3,1.3,3.92,91.23,21.2,6.1,10.7,0.9
CA,6065,Riverside County,6065940700,6065940700,0.4262,11.1,82500.0,4.0,35.8,5.3,2.76,17.58,17.2,8.4,8.9,0.8
CA,6065,Riverside County,6065940800,6065940800,0.4312,9.9,75000.0,3.9,27.9,4.7,5.91,86.2,20.3,9.6,9.0,2.5
CA,6065,Riverside County,6065940900,6065940900,0.3354,9.3,62946.0,2.9,35.8,5.2,0.0,80.04,26.6,8.7,7.7,0.7
CA,6065,Riverside County,6065941001,6065941001,0.6083,18.5,36827.0,6.0,44.5,8.9,2.34,24.84,27.4,7.4,20.5,1.7
CA,6065,Riverside County,6065941002,6065941002,0.444,9.9,71875.0,11.0,33.8,4.9,3.94,38.19,19.5,10.8,16.5,0.0
CA,6065,Riverside County,6065941100,6065941100,0.3644,11.9,52679.0,2.6,38.9,3.7,3.49,60.09,21.7,8.5,7.5,1.1
CA,6065,Riverside County,6065941200,6065941200,0.3503,12.1,87857.0,3.3,32.2,2.4,3.99,81.24,22.5,11.8,8.3,1.3
CA,6065,Riverside County,6065941300,6065941300,0.4164,13.7,71422.0,5.6,30.0,4.7,7.6,80.6,19.5,9.3,11.4,2.4
CA,6065,Riverside County,6065941400,6065941400,0.7701,20.1,58523.0,8.5,43.4,12.0,7.14,62.8,15.4,7.3,13.8,3.5
CA,6065,Riverside County,6065941500,6065941500,0.6196,14.5,66439.0,6.7,39.4,1.8,5.09,100.0,14.4,9.4,5.2,3.5
CA,6065,Riverside County,6065980004,6065980004,0.4999,10.0,90230.0,5.8,28.3,4.5,0.0,100.0,10.5,5.8,7.2,6.0
CA,6065,Riverside County,6065981000,6065981000,0.4999,10.0,90230.0,5.8,28.3,4.5,0.0,100.0,10.5,5.8,7.2,8.9
CA,6067,Sacramento County,6067000100,6067000100,0.0775,7.8,125259.0,2.9,21.3,2.1,4.79,82.0,6.2,3.5,3.5,0.5
CA,6067,Sacramento County,6067000200,6067000200,0.1406,5.5,132308.0,1.6,13.4,8.7,0.0,27.56,8.1,5.9,7.0,0.3
CA,6067,Sacramento County,6067000300,6067000300,0.0308,5.5,127232.0,2.2,18.1,1.5,4.67,38.89,6.0,3.6,1.1,0.3
CA,6067,Sacramento County,6067000400,6067000400,0.3531,11.7,95368.0,10.8,26.2,7.9,9.08,41.15,6.7,6.1,3.7,1.9
CA,6067,Sacramento County,6067000501,6067000501,0.5842,24.8,67891.0,8.6,36.2,23.1,0.61,4.22,16.8,3.1,15.7,1.0
CA,6067,Sacramento County,6067000502,6067000502,0.2093,10.0,91534.0,4.6,28.9,12.4,12.47,100.0,11.8,4.6,5.4,0.0
CA,6067,Sacramento County,6067000600,6067000600,0.5968,17.0,42656.0,7.1,45.6,18.2,9.34,34.79,20.4,8.1,7.0,0.2
CA,6067,Sacramento County,6067000700,6067000700,0.871,50.1,14676.0,1.5,39.7,73.6,79.69,100.0,54.3,18.1,35.6,13.8
CA,6067,Sacramento County,6067000800,6067000800,0.542,21.5,59318.0,7.2,50.8,41.5,1.71,3.89,26.1,0.0,19.3,2.7
CA,6067,Sacramento County,6067001102,6067001102,0.6092,22.9,56442.0,12.7,49.6,19.7,7.34,59.41,12.4,4.9,4.6,2.0
CA,6067,Sacramento County,6067001103,6067001103,0.5436,31.9,33043.0,0.0,43.3,51.2,4.49,66.71,22.0,7.8,9.3,1.8
CA,6067,Sacramento County,6067001201,6067001201,0.468,24.2,65568.0,7.4,43.3,24.6,10.96,3.34,11.5,6.2,6.4,3.4
CA,6067,Sacramento County,6067001202,6067001202,0.3149,24.5,63786.0,0.5,40.3,45.3,3.69,98.99,24.6,5.4,27.1,0.0
CA,6067,Sacramento County,6067001300,6067001300,0.2904,16.0,65295.0,8.3,41.0,12.9,0.0,34.25,11.4,3.4,7.2,0.0
CA,6067,Sacramento County,6067001400,6067001400,0.3685,16.9,58793.0,1.2,36.0,25.3,1.24,0.0,19.7,0.1,5.9,2.7
CA,6067,Sacramento County,6067001500,6067001500,0.0514,3.5,128654.0,1.4,16.8,4.8,4.92,54.72,8.9,1.0,7.0,0.2
CA,6067,Sacramento County,6067001601,6067001601,0.1702,14.2,108810.0,1.9,19.3,6.0,2.97,4.48,7.3,6.0,3.7,0.0
CA,6067,Sacramento County,6067001602,6067001602,0.0981,0.7,142266.0,0.5,9.9,8.2,2.16,53.92,14.1,9.2,6.9,0.0
CA,6067,Sacramento County,6067001701,6067001701,0.3843,25.4,90230.0,0.9,32.2,6.8,2.91,56.93,10.1,10.0,7.2,4.1
CA,6067,Sacramento County,6067001702,6067001702,0.4362,21.9,67104.0,2.6,39.8,19.7,1.24,100.0,22.0,0.0,12.3,12.0
CA,6067,Sacramento County,6067001800,6067001800,0.3927,9.6,68494.0,6.6,33.9,5.4,0.33,11.34,6.5,7.7,3.8,1.3
CA,6067,Sacramento County,6067001900,6067001900,0.4848,12.1,78477.0,6.5,33.4,11.5,10.48,25.23,7.5,7.2,7.7,4.2
CA,6067,Sacramento County,6067002000,6067002000,0.3833,12.6,90481.0,3.3,27.3,13.7,0.48,13.79,14.9,6.2,6.8,7.7
CA,6067,Sacramento County,6067002100,6067002100,0.4844,16.2,68654.0,7.6,27.4,14.0,2.91,18.71,10.4,7.9,7.2,5.9
CA,6067,Sacramento County,6067002200,6067002200,0.327,24.3,104196.0,1.9,25.6,3.6,4.74,63.74,5.2,5.2,5.5,2.6
CA,6067,Sacramento County,6067002300,6067002300,0.0138,5.0,131827.0,0.3,21.0,1.7,0.28,1.22,9.6,2.7,1.9,0.7
CA,6067,Sacramento County,6067002400,6067002400,0.1315,5.4,165893.0,2.3,14.4,3.1,0.93,28.9,8.2,3.1,4.5,1.9
CA,6067,Sacramento County,6067002500,6067002500,0.0256,2.5,157266.0,0.4,10.5,8.1,5.55,39.48,7.9,5.1,13.7,0.0
CA,6067,Sacramento County,6067002600,6067002600,0.1658,8.6,96208.0,2.8,23.0,5.9,1.87,98.91,11.4,0.9,7.4,0.7
CA,6067,Sacramento County,6067002700,6067002700,0.4707,21.8,61293.0,4.3,35.0,8.4,14.69,53.17,13.6,6.3,3.8,2.7
CA,6067,Sacramento County,6067002800,6067002800,0.88,30.9,49469.0,6.1,51.6,13.5,4.46,17.54,17.4,12.4,15.1,17.5
CA,6067,Sacramento County,6067002900,6067002900,0.2799,17.5,80355.0,4.3,28.5,3.9,4.41,31.68,16.6,10.2,6.8,2.5
CA,6067,Sacramento County,6067003001,6067003001,0.5248,15.3,47000.0,3.5,44.2,7.9,2.24,89.63,12.7,8.0,7.1,0.7
CA,6067,Sacramento County,6067003002,6067003002,0.2324,10.6,75833.0,7.0,28.8,3.8,3.28,8.84,14.2,2.1,11.6,3.4
CA,6067,Sacramento County,6067003101,6067003101,0.4364,13.6,79138.0,13.2,31.6,2.1,0.95,28.99,15.7,5.7,7.0,10.0
CA,6067,Sacramento County,6067003102,6067003102,0.6065,9.4,75809.0,6.4,25.8,8.6,0.0,13.57,10.6,10.0,13.2,9.1
CA,6067,Sacramento County,6067003202,6067003202,0.9446,21.7,53946.0,8.7,44.7,12.9,2.86,19.81,15.6,3.0,19.4,21.2
CA,6067,Sacramento County,6067003203,6067003203,0.8709,25.3,59485.0,6.0,41.0,3.4,0.0,86.65,17.4,6.6,13.1,16.7
CA,6067,Sacramento County,6067003204,6067003204,0.8225,24.6,55145.0,5.4,34.6,1.3,0.85,20.61,15.7,6.1,15.2,18.3
CA,6067,Sacramento County,6067003300,6067003300,0.3365,8.5,110833.0,3.3,23.3,1.3,2.44,32.48,10.5,11.3,2.9,2.4
CA,6067,Sacramento County,6067003400,6067003400,0.3564,9.6,89000.0,3.1,26.3,10.2,1.53,44.81,15.4,4.4,13.9,5.1
CA,6067,Sacramento County,6067003501,6067003501,0.3136,15.4,70609.0,5.6,29.4,4.9,8.26,27.34,14.1,7.5,8.8,6.5
CA,6067,Sacramento County,6067003502,6067003502,0.4196,7.6,81750.0,6.0,27.9,7.4,0.0,44.44,12.7,4.6,13.8,7.0
CA,6067,Sacramento County,6067003600,6067003600,0.5831,14.4,63942.0,11.7,35.0,3.6,0.0,26.34,11.3,3.1,13.8,14.2
CA,6067,Sacramento County,6067003700,6067003700,0.7817,25.4,61673.0,15.2,41.8,5.9,1.8,5.61,11.8,6.5,15.1,18.4
CA,6067,Sacramento County,6067003800,6067003800,0.5334,6.1,80784.0,6.8,28.5,2.8,3.75,67.76,9.5,5.9,10.1,7.4
CA,6067,Sacramento County,6067003900,6067003900,0.2908,6.8,87875.0,2.8,17.2,4.5,7.93,53.04,12.6,4.8,10.1,1.9
CA,6067,Sacramento County,6067004005,6067004005,0.3809,5.4,92083.0,1.7,23.3,6.4,0.51,39.49,18.8,3.2,8.0,4.0
CA,6067,Sacramento County,6067004006,6067004006,0.4748,11.2,75900.0,5.5,37.9,6.6,1.02,65.82,10.6,5.6,4.6,3.2
CA,6067,Sacramento County,6067004008,6067004008,0.3292,8.5,99150.0,2.9,17.5,0.6,0.0,59.91,13.8,7.2,7.1,4.2
CA,6067,Sacramento County,6067004011,6067004011,0.2409,4.9,141932.0,2.9,20.7,0.5,1.42,57.33,8.7,1.1,5.0,1.4
CA,6067,Sacramento County,6067004012,6067004012,0.1317,6.1,141719.0,1.6,13.7,1.3,0.0,77.23,9.5,4.5,3.9,2.7
CA,6067,Sacramento County,6067004013,6067004013,0.4271,4.0,84634.0,3.3,19.2,6.7,0.64,100.0,13.2,4.1,2.2,5.3
CA,6067,Sacramento County,6067004014,6067004014,0.4238,3.2,75833.0,4.6,23.9,4.6,0.0,70.62,20.7,5.9,8.0,1.8
CA,6067,Sacramento County,6067004015,6067004015,0.4169,9.8,88961.0,2.5,24.2,0.7,6.51,28.6,12.5,12.3,7.0,6.1
CA,6067,Sacramento County,6067004016,6067004016,0.2805,16.2,87685.0,3.5,26.6,7.1,0.0,94.9,13.5,4.7,6.2,3.6
CA,6067,Sacramento County,6067004017,6067004017,0.1971,8.0,95140.0,8.0,26.2,2.8,3.43,15.36,4.3,5.2,1.2,3.4
CA,6067,Sacramento County,6067004018,6067004018,0.4606,4.6,90230.0,7.8,42.1,3.1,0.0,0.0,10.2,5.0,1.2,0.6
CA,6067,Sacramento County,6067004019,6067004019,0.5619,11.7,94358.0,5.4,30.3,5.0,0.38,71.06,12.3,1.9,5.5,2.9
CA,6067,Sacramento County,6067004020,6067004020,0.5329,17.8,65417.0,1.4,41.7,7.1,1.98,82.42,12.3,6.6,6.4,2.2
CA,6067,Sacramento County,6067004100,6067004100,0.7235,15.2,54713.0,11.4,28.6,6.7,1.04,50.46,16.4,5.5,10.6,5.7
CA,6067,Sacramento County,6067004201,6067004201,0.7658,11.9,78516.0,4.7,27.3,2.2,6.86,89.81,13.2,12.2,4.0,9.6
CA,6067,Sacramento County,6067004202,6067004202,0.7848,20.1,62584.0,5.5,39.5,10.2,3.09,68.82,8.7,9.5,7.9,11.3
CA,6067,Sacramento County,6067004203,6067004203,0.7628,23.2,56042.0,6.7,40.6,11.3,11.65,77.41,8.0,4.7,9.6,14.5
CA,6067,Sacramento County,6067004301,6067004301,0.639,13.4,77333.0,3.1,25.1,6.7,3.96,97.65,10.7,15.2,10.3,8.2
CA,6067,Sacramento County,6067004302,6067004302,0.8696,27.8,82656.0,7.1,34.4,11.7,0.26,86.79,14.6,14.6,12.3,16.9
CA,6067,Sacramento County,6067004401,6067004401,0.8829,22.9,55405.0,7.3,43.2,11.1,7.39,14.17,18.8,9.5,15.4,10.3
CA,6067,Sacramento County,6067004402,6067004402,0.9192,34.3,56595.0,14.0,44.2,9.3,13.26,74.13,14.9,6.1,9.5,16.3
CA,6067,Sacramento County,6067004501,6067004501,0.916,29.1,50551.0,14.9,43.0,15.0,3.03,28.12,12.5,5.8,16.1,18.6
CA,6067,Sacramento County,6067004502,6067004502,0.9743,19.4,48902.0,6.4,47.0,14.0,1.4,14.2,11.8,10.5,6.8,17.9
CA,6067,Sacramento County,6067004602,6067004602,0.9726,34.8,50753.0,11.9,41.1,11.2,3.85,57.95,16.0,9.6,12.1,16.2
CA,6067,Sacramento County,6067004603,6067004603,0.8549,30.1,45760.0,2.8,55.8,8.6,16.71,100.0,14.3,5.5,8.4,10.2
CA,6067,Sacramento County,6067004604,6067004604,0.9375,13.0,47292.0,7.7,40.8,9.5,8.69,80.26,19.0,10.4,9.3,12.9
CA,6067,Sacramento County,6067004701,6067004701,0.9076,26.6,49833.0,10.0,48.8,13.6,8.22,4.79,10.5,9.2,14.1,20.4
CA,6067,Sacramento County,6067004702,6067004702,0.9133,28.5,54890.0,7.6,35.3,11.0,8.62,86.44,13.9,15.4,14.5,11.3
CA,6067,Sacramento County,6067004801,6067004801,0.9444,24.3,59535.0,4.0,35.1,16.4,3.64,53.81,15.3,6.1,13.6,24.5
CA,6067,Sacramento County,6067004802,6067004802,0.9071,23.2,50533.0,5.9,42.6,11.1,9.64,91.5,10.5,10.2,12.6,13.7
CA,6067,Sacramento County,6067004904,6067004904,0.8512,14.1,63189.0,6.5,41.6,5.8,4.88,78.03,16.9,7.1,6.0,7.0
CA,6067,Sacramento County,6067004906,6067004906,0.7529,22.2,64760.0,6.0,44.2,2.3,0.53,49.67,21.6,9.1,8.4,10.4
CA,6067,Sacramento County,6067004907,6067004907,0.8842,30.2,33508.0,3.9,48.4,25.1,0.0,95.74,13.0,20.1,5.2,9.3
CA,6067,Sacramento County,6067004908,6067004908,0.8548,10.2,75859.0,9.7,22.6,7.4,8.2,15.29,13.3,7.5,7.3,14.9
CA,6067,Sacramento County,6067004909,6067004909,0.8175,15.1,54605.0,4.2,38.4,17.3,2.76,18.05,16.6,5.2,10.8,11.5
CA,6067,Sacramento County,6067004910,6067004910,0.8277,24.2,58856.0,1.7,41.7,6.9,4.37,62.76,13.1,0.6,17.0,12.6
CA,6067,Sacramento County,6067005002,6067005002,0.9983,27.0,41591.0,9.6,48.8,13.9,3.5,0.0,18.3,10.2,7.5,21.8
CA,6067,Sacramento County,6067005003,6067005003,0.744,15.7,71167.0,4.4,33.0,4.0,2.22,87.53,14.1,15.4,13.0,12.1
CA,6067,Sacramento County,6067005004,6067005004,0.7354,17.4,94528.0,8.0,28.3,8.1,1.51,21.5,16.9,10.1,3.0,10.8
CA,6067,Sacramento County,6067005101,6067005101,0.9254,11.0,54767.0,7.8,34.1,5.4,5.43,56.91,12.6,13.8,7.6,18.6
CA,6067,Sacramento County,6067005102,6067005102,0.8368,14.9,69292.0,8.0,30.4,4.2,5.5,100.0,11.0,10.1,14.3,12.1
CA,6067,Sacramento County,6067005201,6067005201,0.5087,42.7,35333.0,5.2,73.2,11.7,12.27,94.98,7.4,16.8,15.3,1.0
CA,6067,Sacramento County,6067005202,6067005202,0.1226,13.4,96563.0,1.2,25.3,2.4,7.23,100.0,10.2,6.1,9.0,1.0
CA,6067,Sacramento County,6067005204,6067005204,0.3452,11.1,79830.0,1.0,25.7,11.7,0.0,41.27,18.1,4.1,4.8,2.7
CA,6067,Sacramento County,6067005205,6067005205,0.7352,32.6,52515.0,6.8,55.0,7.2,4.31,79.62,12.8,10.8,14.4,1.7
CA,6067,Sacramento County,6067005301,6067005301,0.8394,43.7,35833.0,6.3,45.6,22.6,6.35,9.6,23.5,9.5,6.9,4.3
CA,6067,Sacramento County,6067005402,6067005402,0.7033,23.5,56583.0,3.4,50.9,12.5,1.6,62.62,17.7,3.7,4.8,1.4
CA,6067,Sacramento County,6067005403,6067005403,0.1705,25.0,86012.0,1.6,41.5,4.0,2.33,45.33,14.2,1.4,3.7,0.6
CA,6067,Sacramento County,6067005404,6067005404,0.2949,3.9,122871.0,5.4,24.0,4.0,0.0,56.35,17.3,1.3,3.6,0.7
CA,6067,Sacramento County,6067005502,6067005502,0.7845,22.5,52958.0,11.7,46.5,12.8,15.23,100.0,12.8,7.0,12.5,15.4
CA,6067,Sacramento County,6067005505,6067005505,0.8056,21.7,47040.0,15.2,57.6,5.7,14.84,35.88,10.3,10.1,4.3,6.1
CA,6067,Sacramento County,6067005506,6067005506,0.8769,38.1,48261.0,7.6,56.0,1.2,7.38,40.82,16.0,9.0,2.2,12.2
CA,6067,Sacramento County,6067005508,6067005508,0.77,32.4,56698.0,7.3,47.4,12.4,5.87,16.2,12.2,11.0,8.3,2.6
CA,6067,Sacramento County,6067005509,6067005509,0.5517,22.9,55000.0,17.7,47.8,4.6,1.06,83.72,9.2,4.7,5.8,11.3
CA,6067,Sacramento County,6067005510,6067005510,0.8294,34.6,52856.0,3.8,55.0,13.4,8.44,38.35,12.7,7.5,6.5,2.8
CA,6067,Sacramento County,6067005601,6067005601,0.8103,23.3,69219.0,6.9,32.6,5.3,1.55,85.95,14.6,10.6,4.0,12.4
CA,6067,Sacramento County,6067005605,6067005605,0.7393,28.4,70000.0,4.8,45.5,4.0,4.2,0.37,11.5,9.1,5.0,10.0
CA,6067,Sacramento County,6067005606,6067005606,0.5761,12.5,76071.0,4.6,31.9,4.5,1.97,71.58,17.1,8.3,4.4,6.1
CA,6067,Sacramento County,6067005701,6067005701,0.2248,13.6,99531.0,6.4,35.4,5.4,1.29,49.75,14.5,6.5,5.6,0.9
CA,6067,Sacramento County,6067005702,6067005702,0.0127,3.3,174435.0,0.6,10.8,3.7,0.14,74.41,5.7,3.6,1.4,0.2
CA,6067,Sacramento County,6067005801,6067005801,0.4207,7.2,95250.0,3.5,28.6,3.1,0.0,47.77,11.8,1.7,4.1,4.4
CA,6067,Sacramento County,6067005803,6067005803,0.054,3.2,136055.0,0.6,10.6,0.0,0.65,69.21,13.4,2.0,7.0,0.2
CA,6067,Sacramento County,6067005804,6067005804,0.1125,5.4,166111.0,1.3,15.8,1.8,0.26,52.8,9.9,3.4,0.6,0.8
CA,6067,Sacramento County,6067005901,6067005901,0.2595,8.0,104410.0,2.0,23.7,11.5,0.0,96.93,19.5,3.1,15.3,1.2
CA,6067,Sacramento County,6067005903,6067005903,0.4592,18.3,50208.0,10.4,63.2,3.5,6.26,97.25,10.5,2.2,13.0,8.8
CA,6067,Sacramento County,6067005904,6067005904,0.5802,13.8,107167.0,2.8,27.2,11.0,6.59,100.0,16.8,12.0,4.9,3.0
CA,6067,Sacramento County,6067006002,6067006002,0.6931,15.0,53193.0,5.8,45.4,10.7,4.02,45.55,15.1,9.2,11.7,2.8
CA,6067,Sacramento County,6067006003,6067006003,0.7991,25.8,56163.0,4.7,50.0,6.7,14.08,57.7,13.1,8.8,8.6,8.2
CA,6067,Sacramento County,6067006004,6067006004,0.2321,6.5,107944.0,1.6,32.5,1.6,0.0,44.69,12.1,0.8,4.0,4.0
CA,6067,Sacramento County,6067006101,6067006101,0.8362,22.4,36996.0,5.0,57.1,10.3,5.11,10.91,17.1,16.4,13.7,9.1
CA,6067,Sacramento County,6067006102,6067006102,0.745,16.1,44194.0,4.8,53.8,14.7,0.0,4.81,17.5,7.7,6.3,5.5
CA,6067,Sacramento County,6067006202,6067006202,0.9488,20.3,40700.0,6.4,52.3,9.0,10.22,100.0,11.7,8.5,22.2,9.3
CA,6067,Sacramento County,6067006203,6067006203,0.9683,34.1,32698.0,10.6,61.7,11.4,3.84,98.91,9.4,20.0,13.1,13.6
CA,6067,Sacramento County,6067006204,6067006204,0.5819,15.3,53024.0,9.1,45.6,10.2,2.49,17.55,9.8,5.0,16.3,9.4
CA,6067,Sacramento County,6067006300,6067006300,0.9049,33.5,59052.0,6.2,48.0,7.2,7.86,27.47,10.7,11.7,15.1,6.8
CA,6067,Sacramento County,6067006400,6067006400,0.8014,19.6,59038.0,10.9,39.4,3.6,6.46,55.68,15.5,10.7,9.3,6.6
CA,6067,Sacramento County,6067006501,6067006501,0.9769,38.8,26034.0,5.2,67.9,9.1,0.0,86.69,12.6,13.2,16.1,12.2
CA,6067,Sacramento County,6067006502,6067006502,0.3586,6.6,118386.0,12.2,23.7,0.0,1.25,97.93,7.8,0.0,3.8,5.4
CA,6067,Sacramento County,6067006600,6067006600,0.861,22.6,55335.0,7.1,51.2,9.2,9.66,38.07,16.7,9.5,16.8,6.2
CA,6067,Sacramento County,6067006703,6067006703,0.8248,15.2,56733.0,11.2,51.7,3.1,10.16,62.04,8.6,7.5,2.8,8.5
CA,6067,Sacramento County,6067006704,6067006704,0.9027,25.7,60523.0,6.3,50.0,16.8,2.28,100.0,20.4,12.6,14.5,20.7
CA,6067,Sacramento County,6067006705,6067006705,0.8857,26.4,44881.0,10.0,46.1,6.2,4.24,46.64,13.5,11.0,6.3,15.2
CA,6067,Sacramento County,6067006706,6067006706,0.8162,15.4,48250.0,7.5,50.1,8.3,3.69,6.62,11.7,4.2,14.2,11.4
CA,6067,Sacramento County,6067006801,6067006801,0.8788,19.8,90230.0,13.0,38.9,5.4,9.88,75.86,13.2,9.9,4.4,9.3
CA,6067,Sacramento County,6067006802,6067006802,0.9459,44.5,26546.0,12.3,52.1,18.3,6.15,90.5,10.1,8.3,7.2,14.1
CA,6067,Sacramento County,6067006803,6067006803,0.7122,25.9,64111.0,5.8,37.2,0.0,5.0,100.0,17.0,13.4,4.1,10.5
CA,6067,Sacramento County,6067006901,6067006901,0.7737,13.3,70670.0,12.0,36.7,26.0,3.81,88.1,30.2,22.2,12.3,1.7
CA,6067,Sacramento County,6067006902,6067006902,0.6956,26.7,38528.0,1.6,54.6,10.4,2.04,92.63,12.5,1.5,6.2,10.3
CA,6067,Sacramento County,6067007001,6067007001,0.9056,23.5,54743.0,15.1,44.0,2.5,8.44,16.3,12.0,4.0,9.1,14.1
CA,6067,Sacramento County,6067007007,6067007007,0.6527,10.6,84357.0,7.6,24.4,4.7,1.13,33.94,14.5,4.2,6.4,5.7
CA,6067,Sacramento County,6067007010,6067007010,0.3152,13.8,80028.0,8.6,43.8,2.2,4.35,100.0,12.1,3.8,1.9,0.0
CA,6067,Sacramento County,6067007011,6067007011,0.556,14.7,74659.0,5.9,33.8,3.9,0.0,52.23,8.4,4.7,6.1,4.3
CA,6067,Sacramento County,6067007012,6067007012,0.3879,5.6,82098.0,1.9,24.7,9.0,0.0,8.63,10.3,6.1,2.9,7.1
CA,6067,Sacramento County,6067007013,6067007013,0.4085,4.8,91784.0,5.5,19.2,5.0,0.0,31.06,5.4,8.7,0.6,5.8
CA,6067,Sacramento County,6067007016,6067007016,0.5575,21.5,95021.0,1.5,39.1,7.8,4.0,67.68,11.4,5.7,1.7,8.2
CA,6067,Sacramento County,6067007017,6067007017,0.1222,3.7,124336.0,2.2,18.6,0.9,5.76,100.0,12.9,3.6,1.5,2.7
CA,6067,Sacramento County,6067007019,6067007019,0.6139,35.7,107813.0,3.8,33.7,5.3,0.0,38.1,5.0,6.2,2.7,3.7
CA,6067,Sacramento County,6067007020,6067007020,0.1158,4.0,137083.0,0.5,14.1,1.8,0.0,100.0,7.8,4.0,3.2,3.3
CA,6067,Sacramento County,6067007021,6067007021,0.5698,10.2,81165.0,9.1,27.5,5.9,5.02,0.0,7.2,12.3,3.8,6.6
CA,6067,Sacramento County,6067007022,6067007022,0.5061,13.6,53281.0,5.5,51.2,8.3,3.2,99.37,6.8,6.6,7.8,2.2
CA,6067,Sacramento County,6067007023,6067007023,0.31,5.3,75470.0,4.6,41.3,2.6,0.0,88.41,20.0,4.7,4.9,3.4
CA,6067,Sacramento County,6067007024,6067007024,0.6472,12.7,73493.0,11.0,44.8,7.0,1.58,99.55,13.9,0.0,3.6,6.6
CA,6067,Sacramento County,6067007025,6067007025,0.4263,7.7,103068.0,1.9,19.8,1.5,0.0,97.39,10.4,7.4,0.0,1.4
CA,6067,Sacramento County,6067007026,6067007026,0.1591,7.7,125405.0,1.1,20.2,5.6,0.0,100.0,15.1,0.8,4.4,3.4
CA,6067,Sacramento County,6067007027,6067007027,0.1364,3.5,84267.0,3.5,30.0,0.0,2.5,15.46,3.3,1.1,4.4,4.3
CA,6067,Sacramento County,6067007028,6067007028,0.1846,7.6,94375.0,4.0,26.4,8.2,0.0,78.32,4.9,3.6,9.9,8.2
CA,6067,Sacramento County,6067007101,6067007101,0.0001,0.0,178438.0,5.0,6.0,0.0,1.61,100.0,9.5,0.0,0.0,0.0
CA,6067,Sacramento County,6067007103,6067007103,0.2639,10.3,95930.0,2.4,27.6,3.3,0.0,68.59,5.0,8.5,2.5,5.7
CA,6067,Sacramento County,6067007105,6067007105,0.2511,1.2,98120.0,4.0,19.9,0.0,0.0,99.34,5.7,2.1,1.8,4.1
CA,6067,Sacramento County,6067007106,6067007106,0.1009,1.7,127989.0,1.3,14.5,0.0,2.4,72.31,10.6,5.7,1.2,3.8
CA,6067,Sacramento County,6067007107,6067007107,0.1783,8.1,127348.0,1.6,20.0,7.4,5.25,100.0,8.4,1.2,8.5,4.3
CA,6067,Sacramento County,6067007108,6067007108,0.084,6.4,135457.0,5.3,11.9,4.5,0.51,89.12,4.3,2.8,0.0,4.3
CA,6067,Sacramento County,6067007109,6067007109,0.3815,8.9,79760.0,0.7,40.8,7.5,14.44,15.83,23.2,7.2,10.2,1.9
CA,6067,Sacramento County,6067007110,6067007110,0.0406,1.6,117222.0,2.5,10.5,1.3,0.0,42.52,3.4,0.0,0.0,1.1
CA,6067,Sacramento County,6067007111,6067007111,0.1573,1.8,145833.0,0.7,10.7,1.5,0.8,26.4,7.0,2.3,7.1,2.7
CA,6067,Sacramento County,6067007202,6067007202,0.5781,23.2,73158.0,5.5,23.8,6.3,3.58,100.0,13.1,5.3,2.7,3.4
CA,6067,Sacramento County,6067007204,6067007204,0.3959,3.5,79969.0,16.8,27.0,2.1,10.14,94.8,10.8,6.0,3.3,6.4
CA,6067,Sacramento County,6067007206,6067007206,0.2534,6.2,101250.0,6.4,18.6,0.6,0.0,99.95,11.6,5.2,14.1,3.1
CA,6067,Sacramento County,6067007207,6067007207,0.3846,13.8,89835.0,4.6,26.4,1.8,6.78,95.62,11.4,3.7,7.2,6.4
CA,6067,Sacramento County,6067007208,6067007208,0.2442,9.9,90463.0,3.9,17.6,0.8,4.13,75.33,8.8,2.4,4.2,3.2
CA,6067,Sacramento County,6067007209,6067007209,0.5158,9.3,85700.0,4.5,39.5,2.6,0.0,82.3,15.0,7.6,8.8,4.6
CA,6067,Sacramento County,6067007301,6067007301,0.8723,30.8,45802.0,5.9,47.6,12.1,10.04,71.21,15.2,6.4,11.9,7.6
CA,6067,Sacramento County,6067007402,6067007402,0.6184,6.2,76101.0,8.5,31.6,9.6,1.92,87.7,12.5,3.3,20.7,11.8
CA,6067,Sacramento County,6067007403,6067007403,0.7222,7.8,82841.0,9.6,34.4,5.1,11.77,95.2,11.4,3.8,9.5,5.5
CA,6067,Sacramento County,6067007413,6067007413,0.8416,32.5,58533.0,9.5,44.9,7.8,0.33,19.09,6.8,13.3,10.8,12.1
CA,6067,Sacramento County,6067007414,6067007414,0.6218,10.3,75357.0,5.7,38.7,8.2,4.67,24.34,9.5,2.6,8.4,13.0
CA,6067,Sacramento County,6067007415,6067007415,0.3302,4.2,77594.0,5.0,24.9,2.4,5.7,16.87,11.5,11.4,5.6,1.6
CA,6067,Sacramento County,6067007416,6067007416,0.6864,15.8,68457.0,5.2,33.1,1.4,1.68,60.07,22.8,12.0,13.3,4.6
CA,6067,Sacramento County,6067007417,6067007417,0.3003,13.6,83925.0,6.1,29.2,1.8,0.0,33.62,11.7,2.5,4.9,5.0
CA,6067,Sacramento County,6067007422,6067007422,0.4949,8.7,79833.0,10.4,35.4,7.7,8.36,51.0,11.6,4.2,3.2,9.0
CA,6067,Sacramento County,6067007423,6067007423,0.8544,35.9,42221.0,7.3,58.9,12.6,3.15,6.31,11.1,7.9,11.5,14.8
CA,6067,Sacramento County,6067007424,6067007424,0.6705,21.7,53167.0,9.7,49.0,3.3,1.0,3.11,9.5,4.5,8.0,13.2
CA,6067,Sacramento County,6067007426,6067007426,0.2862,6.9,93098.0,6.9,27.9,1.3,0.0,20.42,10.6,9.4,1.4,1.4
CA,6067,Sacramento County,6067007427,6067007427,0.8249,24.9,63750.0,11.2,40.6,6.9,0.0,10.3,16.0,10.2,9.9,5.6
CA,6067,Sacramento County,6067007428,6067007428,0.2713,13.6,76604.0,3.5,35.0,3.5,0.0,53.43,12.8,4.1,3.9,5.2
CA,6067,Sacramento County,6067007429,6067007429,0.8227,27.6,53705.0,6.1,52.2,7.6,0.0,6.55,12.0,9.7,11.8,5.0
CA,6067,Sacramento County,6067007430,6067007430,0.4425,10.1,94068.0,5.2,26.6,0.5,3.26,52.79,12.9,10.3,2.4,3.8
CA,6067,Sacramento County,6067007431,6067007431,0.1229,5.0,100114.0,1.3,22.9,0.0,3.01,64.78,11.2,2.4,5.0,7.2
CA,6067,Sacramento County,6067007432,6067007432,0.2293,3.1,101125.0,9.3,15.5,2.7,6.8,96.34,5.1,3.6,2.9,8.8
CA,6067,Sacramento County,6067007434,6067007434,0.5654,18.9,71500.0,5.2,26.2,2.4,2.58,10.76,10.4,4.4,10.3,5.3
CA,6067,Sacramento County,6067007435,6067007435,0.6659,45.6,42005.0,20.1,47.9,2.1,3.12,33.75,19.7,0.0,11.0,12.9
CA,6067,Sacramento County,6067007436,6067007436,0.2667,5.0,101556.0,2.2,28.4,3.4,3.08,98.94,3.3,11.4,8.3,7.8
CA,6067,Sacramento County,6067007437,6067007437,0.0753,4.5,156500.0,4.1,14.6,0.8,0.15,18.97,9.3,5.8,0.0,4.4
CA,6067,Sacramento County,6067007438,6067007438,0.4948,13.0,64141.0,6.5,37.3,2.9,0.0,62.31,13.1,7.0,1.5,11.1
CA,6067,Sacramento County,6067007439,6067007439,0.1981,3.8,93690.0,0.3,32.2,1.0,2.06,37.55,11.1,2.9,4.0,5.0
CA,6067,Sacramento County,6067007501,6067007501,0.6711,17.9,55771.0,6.9,49.8,12.2,5.33,13.8,11.3,7.6,10.7,5.4
CA,6067,Sacramento County,6067007503,6067007503,0.5757,18.3,64159.0,8.0,48.5,5.0,0.0,33.41,6.6,3.8,6.4,8.4
CA,6067,Sacramento County,6067007504,6067007504,0.5956,13.1,66061.0,3.8,33.7,6.3,13.42,90.09,14.4,4.5,4.4,3.2
CA,6067,Sacramento County,6067007602,6067007602,0.5588,13.1,80469.0,4.2,33.0,11.7,7.05,55.3,13.4,6.2,10.1,4.1
CA,6067,Sacramento County,6067007603,6067007603,0.4866,5.1,69005.0,2.6,41.8,14.3,1.91,48.28,19.8,0.0,12.8,3.8
CA,6067,Sacramento County,6067007604,6067007604,0.491,7.0,74947.0,9.6,30.5,6.5,7.1,91.19,16.2,4.0,1.8,7.8
CA,6067,Sacramento County,6067007701,6067007701,0.8316,25.3,55529.0,7.9,46.6,5.8,11.74,96.89,14.7,11.9,8.9,7.3
CA,6067,Sacramento County,6067007702,6067007702,0.4305,11.6,114182.0,2.8,29.1,11.7,9.29,76.77,15.4,7.4,12.1,0.2
CA,6067,Sacramento County,6067007801,6067007801,0.547,15.7,84797.0,5.6,34.1,7.6,14.34,54.07,11.7,1.2,5.2,4.3
CA,6067,Sacramento County,6067007802,6067007802,0.5367,7.2,78474.0,5.6,25.8,4.7,0.0,96.24,12.2,4.6,7.7,4.8
CA,6067,Sacramento County,6067007903,6067007903,0.2461,8.8,89929.0,5.5,24.4,2.6,6.46,29.09,15.8,2.3,7.0,1.1
CA,6067,Sacramento County,6067007904,6067007904,0.3392,5.4,104869.0,3.1,21.2,1.4,1.58,68.81,12.9,7.7,3.1,1.4
CA,6067,Sacramento County,6067007905,6067007905,0.2965,11.3,108625.0,1.6,23.8,2.4,0.76,88.82,16.3,3.0,2.3,6.3
CA,6067,Sacramento County,6067007906,6067007906,0.4679,5.3,76719.0,2.4,35.9,1.5,0.0,40.93,9.1,6.5,4.3,8.6
CA,6067,Sacramento County,6067008005,6067008005,0.1957,6.2,128938.0,6.1,17.1,2.0,0.0,52.13,12.1,4.0,5.2,0.7
CA,6067,Sacramento County,6067008006,6067008006,0.1544,6.3,125107.0,1.3,26.7,3.1,0.0,76.33,10.6,0.8,4.0,0.4
CA,6067,Sacramento County,6067008007,6067008007,0.397,17.5,91445.0,6.2,24.7,11.3,10.75,20.2,13.9,4.2,7.6,1.5
CA,6067,Sacramento County,6067008008,6067008008,0.2751,8.2,100815.0,5.0,22.3,5.8,4.95,71.56,12.1,4.3,5.1,0.6
CA,6067,Sacramento County,6067008009,6067008009,0.3208,6.0,101488.0,5.5,23.6,3.0,5.26,97.56,14.2,9.2,8.9,0.8
CA,6067,Sacramento County,6067008010,6067008010,0.1283,5.4,115694.0,2.5,17.9,0.0,0.67,81.37,9.7,5.2,3.4,0.0
CA,6067,Sacramento County,6067008111,6067008111,0.4846,10.5,82273.0,8.3,30.1,1.2,2.69,45.99,13.2,8.9,9.2,0.7
CA,6067,Sacramento County,6067008113,6067008113,0.5365,8.1,69550.0,8.5,32.0,1.7,3.99,87.85,14.3,5.4,8.2,3.1
CA,6067,Sacramento County,6067008117,6067008117,0.4229,6.9,87264.0,4.0,22.9,3.4,0.0,16.86,17.5,7.5,3.8,2.9
CA,6067,Sacramento County,6067008119,6067008119,0.5468,8.6,81061.0,9.0,38.1,3.3,3.07,38.64,9.1,7.0,7.9,9.4
CA,6067,Sacramento County,6067008120,6067008120,0.4145,6.8,74145.0,9.8,40.7,6.8,0.0,10.32,14.6,4.6,6.6,5.9
CA,6067,Sacramento County,6067008122,6067008122,0.3405,12.3,91621.0,3.7,24.6,3.3,0.0,53.82,10.1,3.9,5.2,1.4
CA,6067,Sacramento County,6067008124,6067008124,0.1765,5.0,93832.0,5.2,20.7,1.3,0.0,97.32,11.5,5.1,4.6,0.8
CA,6067,Sacramento County,6067008125,6067008125,0.3961,6.3,95278.0,1.7,21.8,3.3,2.87,94.51,17.0,6.9,4.4,0.6
CA,6067,Sacramento County,6067008127,6067008127,0.2454,8.4,80048.0,4.1,25.4,1.3,2.95,34.15,14.8,4.4,6.6,2.8
CA,6067,Sacramento County,6067008128,6067008128,0.4028,12.0,73785.0,7.8,27.8,1.5,6.32,99.74,19.1,3.8,12.2,2.1
CA,6067,Sacramento County,6067008129,6067008129,0.5926,8.1,74306.0,4.9,34.1,2.4,11.3,54.02,13.4,12.3,7.8,2.8
CA,6067,Sacramento County,6067008130,6067008130,0.4649,8.1,75250.0,3.0,29.2,2.5,2.19,54.9,22.6,9.7,11.0,5.8
CA,6067,Sacramento County,6067008131,6067008131,0.5537,15.5,61438.0,9.1,33.9,1.3,0.0,42.62,16.5,3.8,11.3,2.3
CA,6067,Sacramento County,6067008132,6067008132,0.5364,9.0,70950.0,4.3,32.6,5.2,3.61,88.07,16.7,7.0,3.6,3.0
CA,6067,Sacramento County,6067008133,6067008133,0.7638,15.3,52679.0,6.5,47.0,11.9,3.66,17.53,21.6,11.1,8.4,5.7
CA,6067,Sacramento County,6067008134,6067008134,0.6144,8.7,88657.0,8.2,24.9,6.4,3.45,30.23,14.9,10.1,4.0,5.6
CA,6067,Sacramento County,6067008135,6067008135,0.5414,15.1,59375.0,5.8,44.5,10.4,7.08,39.46,17.2,2.8,10.4,2.7
CA,6067,Sacramento County,6067008136,6067008136,0.5126,14.4,64875.0,18.3,45.9,5.6,0.0,3.63,11.7,6.0,6.2,10.7
CA,6067,Sacramento County,6067008137,6067008137,0.5613,7.8,76316.0,6.2,42.2,9.1,8.34,48.27,16.3,4.3,15.9,11.3
CA,6067,Sacramento County,6067008138,6067008138,0.7836,13.9,85185.0,7.0,30.4,8.0,2.38,24.47,14.3,3.4,12.5,1.4
CA,6067,Sacramento County,6067008139,6067008139,0.6039,19.4,59054.0,9.2,51.8,4.8,1.8,4.76,14.9,3.9,10.9,5.5
CA,6067,Sacramento County,6067008140,6067008140,0.5511,9.9,77292.0,3.0,30.8,10.9,3.07,35.5,19.5,7.7,14.4,3.1
CA,6067,Sacramento County,6067008141,6067008141,0.7975,12.3,59450.0,9.9,48.2,5.1,3.12,41.72,16.2,13.4,7.4,11.7
CA,6067,Sacramento County,6067008142,6067008142,0.4037,17.0,72194.0,6.2,32.3,3.3,6.81,86.19,13.2,3.7,7.5,1.6
CA,6067,Sacramento County,6067008143,6067008143,0.4055,8.9,70838.0,7.2,39.3,1.8,0.25,96.11,18.1,4.3,4.8,2.3
CA,6067,Sacramento County,6067008144,6067008144,0.1554,2.3,104940.0,2.7,25.7,3.8,2.18,79.67,11.2,7.5,8.2,0.3
CA,6067,Sacramento County,6067008145,6067008145,0.1952,11.8,94671.0,5.2,20.0,2.4,0.0,93.48,12.2,4.7,6.7,3.1
CA,6067,Sacramento County,6067008203,6067008203,0.5035,9.2,84605.0,3.2,25.6,9.8,6.86,73.17,15.2,5.4,13.7,1.7
CA,6067,Sacramento County,6067008204,6067008204,0.3522,10.8,107917.0,3.2,16.8,3.7,1.38,14.98,8.2,5.6,3.5,4.5
CA,6067,Sacramento County,6067008206,6067008206,0.4819,10.5,92647.0,4.0,21.5,6.9,1.52,51.39,13.6,3.8,8.6,2.2
CA,6067,Sacramento County,6067008207,6067008207,0.1865,3.1,99464.0,3.3,22.0,1.4,2.34,100.0,12.1,6.2,5.3,0.5
CA,6067,Sacramento County,6067008208,6067008208,0.4973,10.6,78255.0,8.2,34.2,2.1,7.82,74.77,11.1,5.7,9.2,1.2
CA,6067,Sacramento County,6067008209,6067008209,0.1412,6.5,104028.0,3.6,22.4,3.2,2.05,99.68,10.0,2.7,2.5,1.2
CA,6067,Sacramento County,6067008210,6067008210,0.1168,2.7,102667.0,0.3,29.9,2.5,2.75,100.0,8.8,0.7,13.5,1.6
CA,6067,Sacramento County,6067008211,6067008211,0.2679,11.9,97574.0,0.5,20.6,7.3,2.27,100.0,11.1,5.9,2.5,0.4
CA,6067,Sacramento County,6067008402,6067008402,0.3625,5.4,130179.0,6.0,19.8,4.4,4.53,53.74,10.5,8.1,2.6,3.8
CA,6067,Sacramento County,6067008403,6067008403,0.4279,9.3,102652.0,5.0,29.2,7.1,0.0,30.95,10.8,5.4,6.0,0.7
CA,6067,Sacramento County,6067008404,6067008404,0.47,20.2,76250.0,3.5,33.8,2.2,7.35,43.53,8.9,8.3,6.3,3.9
CA,6067,Sacramento County,6067008501,6067008501,0.0823,2.4,161284.0,5.1,10.3,4.8,4.34,71.51,8.2,5.4,4.8,1.3
CA,6067,Sacramento County,6067008504,6067008504,0.1405,7.2,130461.0,4.1,19.6,0.8,8.59,22.1,10.0,4.3,2.1,2.1
CA,6067,Sacramento County,6067008505,6067008505,0.0199,4.2,149554.0,0.6,14.7,0.0,0.0,92.13,8.0,1.8,3.9,1.8
CA,6067,Sacramento County,6067008506,6067008506,0.4134,8.8,79712.0,0.9,38.9,14.8,5.44,87.74,13.0,2.5,11.2,0.0
CA,6067,Sacramento County,6067008507,6067008507,0.1679,3.6,127841.0,1.5,20.6,1.4,2.84,54.11,11.9,6.0,1.8,0.5
CA,6067,Sacramento County,6067008508,6067008508,0.146,4.0,164145.0,1.8,11.7,4.0,1.07,79.98,5.2,5.3,2.4,0.9
CA,6067,Sacramento County,6067008509,6067008509,0.0037,1.8,194623.0,1.2,8.7,2.6,0.04,100.0,4.4,2.1,1.1,1.0
CA,6067,Sacramento County,6067008510,6067008510,0.0437,3.6,192952.0,1.3,6.6,1.5,0.0,82.32,9.5,4.3,2.3,1.1
CA,6067,Sacramento County,6067008512,6067008512,0.0122,0.0,190568.0,2.4,7.5,0.9,1.81,95.25,4.2,4.3,2.1,0.8
CA,6067,Sacramento County,6067008513,6067008513,0.1049,4.3,152130.0,7.0,15.3,0.6,0.0,100.0,5.5,9.8,2.9,1.4
CA,6067,Sacramento County,6067008601,6067008601,0.0584,4.0,143824.0,0.0,16.8,1.6,0.58,25.78,13.2,2.2,0.8,0.0
CA,6067,Sacramento County,6067008602,6067008602,0.3638,3.2,85528.0,3.0,16.1,9.0,4.65,37.82,9.8,7.6,11.8,3.7
CA,6067,Sacramento County,6067008702,6067008702,0.0025,1.4,178750.0,0.5,6.6,1.1,0.98,89.52,14.9,1.2,1.5,1.4
CA,6067,Sacramento County,6067008703,6067008703,0.3292,3.6,123208.0,2.8,13.6,6.5,1.52,68.21,10.8,4.7,1.3,2.2
CA,6067,Sacramento County,6067008704,6067008704,0.0955,4.7,146758.0,5.3,10.2,0.0,0.53,37.89,10.3,3.7,6.3,2.9
CA,6067,Sacramento County,6067008706,6067008706,0.0164,0.6,193500.0,1.5,0.7,0.0,0.0,97.73,2.8,3.4,1.6,2.4
CA,6067,Sacramento County,6067008707,6067008707,0.1352,4.3,149665.0,0.6,11.8,1.8,0.0,98.24,13.3,5.1,4.1,5.5
CA,6067,Sacramento County,6067008708,6067008708,0.0689,2.1,142288.0,0.3,7.4,5.1,0.0,100.0,8.7,7.7,8.3,4.8
CA,6067,Sacramento County,6067008802,6067008802,0.072,2.7,152571.0,1.5,4.2,0.7,2.61,33.98,2.5,1.5,0.5,4.7
CA,6067,Sacramento County,6067008803,6067008803,0.6134,22.1,87143.0,0.2,20.2,23.1,1.0,28.95,9.0,10.5,20.6,2.2
CA,6067,Sacramento County,6067008905,6067008905,0.56,10.1,84924.0,3.4,19.4,8.9,0.0,12.95,14.6,6.7,4.5,6.1
CA,6067,Sacramento County,6067008907,6067008907,0.6992,14.3,65921.0,6.3,34.4,15.4,4.07,25.31,23.3,7.1,11.5,8.6
CA,6067,Sacramento County,6067008908,6067008908,0.6999,13.2,65625.0,3.7,39.2,9.4,6.41,27.61,22.1,5.6,7.5,3.2
CA,6067,Sacramento County,6067008909,6067008909,0.6397,24.6,91250.0,2.6,32.5,1.4,0.08,100.0,19.2,7.4,5.9,9.9
CA,6067,Sacramento County,6067008910,6067008910,0.3656,8.4,77258.0,2.0,24.8,3.4,1.01,45.33,16.9,6.3,10.9,1.9
CA,6067,Sacramento County,6067008911,6067008911,0.8313,35.0,50833.0,1.5,44.5,5.8,13.21,95.84,12.3,8.2,4.1,17.0
CA,6067,Sacramento County,6067008912,6067008912,0.1625,5.9,101741.0,8.5,17.4,0.9,4.84,29.7,13.6,3.7,4.9,3.5
CA,6067,Sacramento County,6067008913,6067008913,0.5639,5.7,72585.0,5.1,35.7,7.4,0.0,48.12,12.1,8.1,9.3,15.0
CA,6067,Sacramento County,6067009004,6067009004,0.6636,15.1,86970.0,10.5,22.1,4.2,3.55,76.29,16.0,5.1,7.9,15.2
CA,6067,Sacramento County,6067009005,6067009005,0.828,20.3,72237.0,7.4,34.4,10.2,8.37,52.34,11.4,8.4,9.2,9.7
CA,6067,Sacramento County,6067009006,6067009006,0.8315,11.0,59413.0,8.7,48.8,9.2,11.86,100.0,14.3,7.9,12.1,7.6
CA,6067,Sacramento County,6067009007,6067009007,0.731,8.2,49150.0,9.8,59.3,14.7,11.32,99.6,20.5,3.1,2.2,5.5
CA,6067,Sacramento County,6067009008,6067009008,0.8426,22.1,71455.0,9.6,30.0,6.2,1.4,9.97,15.5,8.8,11.9,14.2
CA,6067,Sacramento County,6067009010,6067009010,0.4508,10.4,92247.0,2.1,29.3,5.1,9.81,94.25,16.5,5.2,5.3,4.7
CA,6067,Sacramento County,6067009011,6067009011,0.1504,3.9,123950.0,1.4,16.7,0.9,6.8,98.5,11.2,1.4,0.0,8.2
CA,6067,Sacramento County,6067009103,6067009103,0.385,2.9,110094.0,6.2,14.3,5.9,0.0,26.9,14.4,5.1,8.0,6.1
CA,6067,Sacramento County,6067009105,6067009105,0.4626,19.2,81827.0,6.6,32.1,1.3,9.64,99.72,8.6,1.9,6.4,4.8
CA,6067,Sacramento County,6067009106,6067009106,0.1421,9.1,91250.0,0.9,27.4,6.4,7.56,100.0,10.6,4.4,2.9,2.6
CA,6067,Sacramento County,6067009107,6067009107,0.267,8.1,83684.0,5.5,24.2,0.0,3.31,98.24,12.0,2.4,2.7,5.1
CA,6067,Sacramento County,6067009108,6067009108,0.1629,6.7,99016.0,2.0,20.5,6.5,0.04,46.37,14.6,2.0,6.6,2.5
CA,6067,Sacramento County,6067009109,6067009109,0.3327,8.2,106979.0,3.3,16.2,3.0,0.35,93.25,15.3,9.7,3.8,2.7
CA,6067,Sacramento County,6067009110,6067009110,0.8291,28.6,45160.0,5.6,58.8,8.7,20.31,93.92,14.1,8.7,6.4,7.3
CA,6067,Sacramento County,6067009111,6067009111,0.5563,17.8,73542.0,9.6,36.8,1.9,0.0,21.07,22.1,8.0,13.1,4.3
CA,6067,Sacramento County,6067009112,6067009112,0.603,14.6,84602.0,5.6,23.6,4.6,0.0,25.93,11.1,7.4,5.2,3.9
CA,6067,Sacramento County,6067009201,6067009201,0.6431,12.9,90024.0,1.4,26.6,5.5,0.0,94.51,10.0,5.6,6.9,10.5
CA,6067,Sacramento County,6067009307,6067009307,0.3973,7.9,115750.0,3.7,21.6,6.3,0.0,59.26,12.2,5.5,4.1,3.1
CA,6067,Sacramento County,6067009308,6067009308,0.4808,8.1,92027.0,7.4,22.3,3.0,2.36,16.5,11.9,4.8,4.1,4.4
CA,6067,Sacramento County,6067009309,6067009309,0.6132,12.1,99904.0,3.6,31.1,5.4,4.17,17.63,15.6,8.8,5.1,7.9
CA,6067,Sacramento County,6067009310,6067009310,0.4975,10.4,77446.0,5.6,32.7,4.7,1.64,98.73,9.2,8.9,8.3,1.4
CA,6067,Sacramento County,6067009311,6067009311,0.6116,14.3,88106.0,6.0,26.8,2.2,0.0,95.96,11.2,10.0,2.6,10.1
CA,6067,Sacramento County,6067009312,6067009312,0.6824,22.3,95044.0,7.8,34.1,2.3,3.93,67.72,12.5,4.7,7.9,10.3
CA,6067,Sacramento County,6067009314,6067009314,0.6691,19.8,83203.0,1.6,29.3,3.9,0.0,49.58,13.6,10.2,6.2,10.5
CA,6067,Sacramento County,6067009316,6067009316,0.5402,12.5,90102.0,3.5,32.6,2.8,9.35,78.07,12.0,9.2,4.4,15.9
CA,6067,Sacramento County,6067009317,6067009317,0.3752,7.9,104267.0,3.9,23.2,9.5,9.11,57.83,8.8,2.1,13.1,5.0
CA,6067,Sacramento County,6067009318,6067009318,0.7977,14.2,63295.0,6.4,34.9,6.6,1.18,0.0,12.7,2.1,4.3,24.3
CA,6067,Sacramento County,6067009319,6067009319,0.519,8.0,83500.0,4.4,33.3,4.4,0.69,83.84,11.6,2.8,6.4,11.2
CA,6067,Sacramento County,6067009320,6067009320,0.7277,17.3,74141.0,7.0,29.9,5.1,5.13,45.15,12.9,11.4,12.5,14.4
CA,6067,Sacramento County,6067009321,6067009321,0.6561,16.0,89737.0,7.6,30.6,1.5,4.56,97.41,15.1,4.9,6.6,11.8
CA,6067,Sacramento County,6067009323,6067009323,0.2364,8.3,124506.0,1.5,17.6,3.3,9.01,79.91,10.4,5.2,10.6,3.7
CA,6067,Sacramento County,6067009326,6067009326,0.1914,2.6,167464.0,0.6,9.1,4.6,1.27,100.0,14.2,0.0,2.6,8.8
CA,6067,Sacramento County,6067009328,6067009328,0.2095,6.0,158088.0,3.7,12.3,1.2,0.0,47.23,9.6,7.7,2.5,2.8
CA,6067,Sacramento County,6067009329,6067009329,0.6806,19.8,82656.0,2.5,37.2,8.5,0.18,96.78,11.4,6.6,7.4,8.8
CA,6067,Sacramento County,6067009330,6067009330,0.2379,2.9,159236.0,1.4,10.6,1.6,2.57,100.0,8.7,1.4,2.6,9.3
CA,6067,Sacramento County,6067009331,6067009331,0.2058,3.4,163357.0,1.0,14.8,1.6,1.13,47.71,6.4,8.2,4.4,8.7
CA,6067,Sacramento County,6067009332,6067009332,0.2569,0.8,162647.0,1.0,12.9,8.5,3.51,99.95,10.3,0.6,5.9,11.4
CA,6067,Sacramento County,6067009333,6067009333,0.4119,13.4,92071.0,0.6,16.3,8.3,6.74,86.38,6.3,8.3,3.1,11.2
CA,6067,Sacramento County,6067009334,6067009334,0.3346,6.2,130469.0,4.0,25.8,3.7,9.57,17.75,10.2,5.9,0.4,6.0
CA,6067,Sacramento County,6067009335,6067009335,0.6449,8.4,99730.0,5.6,36.5,1.3,5.07,78.17,9.7,6.6,4.1,9.9
CA,6067,Sacramento County,6067009336,6067009336,0.17,2.1,159750.0,1.7,10.7,0.2,2.91,30.27,12.1,2.2,8.3,1.5
CA,6067,Sacramento County,6067009403,6067009403,0.2435,10.7,120208.0,4.8,14.6,1.0,4.93,96.03,16.4,3.6,9.2,1.5
CA,6067,Sacramento County,6067009404,6067009404,0.171,5.5,158654.0,3.7,15.1,2.2,3.71,100.0,10.8,1.7,9.8,1.7
CA,6067,Sacramento County,6067009406,6067009406,0.4476,8.0,118558.0,9.7,21.1,3.1,0.0,98.04,11.3,17.1,10.1,1.2
CA,6067,Sacramento County,6067009408,6067009408,0.5646,7.8,104107.0,1.5,23.9,20.1,0.0,95.73,20.8,1.1,28.9,2.1
CA,6067,Sacramento County,6067009409,6067009409,0.2374,11.0,114083.0,0.2,23.0,7.0,0.0,97.71,12.3,2.1,1.9,0.7
CA,6067,Sacramento County,6067009410,6067009410,0.1548,2.0,102971.0,4.1,17.6,7.2,2.9,68.4,10.3,2.9,2.8,3.9
CA,6067,Sacramento County,6067009501,6067009501,0.7821,12.5,73281.0,2.1,23.3,7.6,1.03,93.64,14.9,13.6,16.0,13.8
CA,6067,Sacramento County,6067009502,6067009502,0.4371,3.5,108281.0,6.6,21.5,0.0,2.79,90.95,8.1,6.6,4.0,6.3
CA,6067,Sacramento County,6067009503,6067009503,0.9167,17.2,47627.0,8.3,38.5,9.2,2.02,55.92,27.2,9.0,25.2,10.5
CA,6067,Sacramento County,6067009504,6067009504,0.7517,8.9,65833.0,7.4,25.8,6.7,6.49,23.95,11.5,15.7,13.6,7.8
CA,6067,Sacramento County,6067009601,6067009601,0.8204,13.6,68382.0,5.8,44.6,2.1,1.1,73.63,10.9,5.9,6.0,12.7
CA,6067,Sacramento County,6067009608,6067009608,0.7829,19.3,66917.0,6.8,42.8,8.0,2.08,56.16,9.9,4.2,1.6,11.6
CA,6067,Sacramento County,6067009609,6067009609,0.6961,14.9,73413.0,3.5,41.9,1.3,0.0,96.84,13.1,7.7,1.6,8.4
CA,6067,Sacramento County,6067009610,6067009610,0.7088,16.3,83542.0,8.5,34.2,5.3,2.28,98.52,11.1,8.5,1.6,11.6
CA,6067,Sacramento County,6067009611,6067009611,0.5444,16.4,88269.0,4.7,37.5,6.4,0.0,27.6,11.6,12.7,6.2,4.6
CA,6067,Sacramento County,6067009612,6067009612,0.52,13.0,96818.0,1.9,27.7,4.5,3.8,13.15,12.0,5.9,5.3,4.2
CA,6067,Sacramento County,6067009614,6067009614,0.2602,6.4,103225.0,1.8,21.8,0.0,2.36,100.0,9.1,4.7,2.7,8.5
CA,6067,Sacramento County,6067009616,6067009616,0.6183,10.0,91230.0,2.8,30.7,7.2,0.15,47.56,14.8,11.1,8.1,4.4
CA,6067,Sacramento County,6067009617,6067009617,0.1582,11.1,134063.0,0.3,24.5,4.1,0.0,29.23,13.3,2.9,1.9,2.0
CA,6067,Sacramento County,6067009618,6067009618,0.5759,8.6,98017.0,4.0,22.8,2.0,0.0,41.65,13.6,8.7,6.6,8.3
CA,6067,Sacramento County,6067009622,6067009622,0.1975,1.3,126114.0,1.0,16.7,1.9,0.0,73.88,13.5,4.3,3.7,2.3
CA,6067,Sacramento County,6067009632,6067009632,0.4124,9.8,134125.0,1.5,19.9,0.8,0.0,55.75,9.7,7.5,3.9,4.9
CA,6067,Sacramento County,6067009633,6067009633,0.6765,10.7,74969.0,5.6,30.8,5.8,4.36,94.46,12.7,12.9,3.2,9.8
CA,6067,Sacramento County,6067009634,6067009634,0.9414,15.6,62554.0,10.7,53.2,9.3,0.0,22.7,13.3,7.4,4.6,9.8
CA,6067,Sacramento County,6067009635,6067009635,0.3002,12.7,134070.0,3.5,19.3,1.2,0.0,100.0,6.0,3.6,2.5,6.3
CA,6067,Sacramento County,6067009637,6067009637,0.3368,8.4,145417.0,2.1,13.8,2.8,3.77,76.41,8.4,7.5,2.5,6.9
CA,6067,Sacramento County,6067009639,6067009639,0.7231,11.8,72232.0,2.1,36.3,20.1,0.0,22.33,15.7,11.1,8.3,9.4
CA,6067,Sacramento County,6067009640,6067009640,0.9127,31.9,90230.0,2.0,62.3,27.6,0.65,98.45,19.3,14.6,30.9,10.4
CA,6067,Sacramento County,6067009641,6067009641,0.8221,24.5,56346.0,9.0,51.9,17.4,13.55,44.61,10.3,4.5,20.0,8.8
CA,6067,Sacramento County,6067009642,6067009642,0.3071,0.5,91559.0,0.0,23.3,0.0,0.0,59.24,12.2,8.6,12.5,6.7
CA,6067,Sacramento County,6067009643,6067009643,0.3204,9.4,111974.0,3.0,23.8,0.0,3.79,8.17,9.6,15.7,1.2,3.7
CA,6067,Sacramento County,6067009644,6067009644,0.1285,4.6,134268.0,1.0,18.7,0.0,0.0,15.84,14.7,4.8,2.3,1.5
CA,6067,Sacramento County,6067009645,6067009645,0.1053,9.1,119519.0,0.3,13.6,3.4,2.68,61.12,5.3,2.2,8.2,5.1
CA,6067,Sacramento County,6067009646,6067009646,0.1698,3.0,127804.0,2.8,27.9,0.0,4.25,80.84,7.6,1.6,4.0,6.2
CA,6067,Sacramento County,6067009647,6067009647,0.4638,17.5,89732.0,3.1,32.6,5.9,0.57,59.73,6.8,4.0,7.3,7.3
CA,6067,Sacramento County,6067009648,6067009648,0.1383,23.9,101639.0,1.0,9.6,0.0,6.4,100.0,10.8,2.9,0.0,4.0
CA,6067,Sacramento County,6067009649,6067009649,0.1838,8.3,143854.0,1.4,16.0,0.6,0.0,62.78,3.6,4.4,2.9,4.7
CA,6067,Sacramento County,6067009650,6067009650,0.0358,2.0,173782.0,1.1,9.9,4.1,2.39,18.11,6.0,2.0,0.0,5.4
CA,6067,Sacramento County,6067009651,6067009651,0.3014,8.6,102438.0,2.9,20.6,2.9,0.0,98.58,11.7,2.1,4.0,8.4
CA,6067,Sacramento County,6067009652,6067009652,0.1889,2.3,99418.0,1.5,23.3,3.0,8.08,96.16,5.7,5.3,1.5,5.2
CA,6067,Sacramento County,6067009653,6067009653,0.2378,0.5,125192.0,0.0,8.5,0.0,0.0,99.52,8.7,5.0,0.0,1.8
CA,6067,Sacramento County,6067009800,6067009800,0.5147,29.1,50058.0,5.4,30.0,1.3,0.81,100.0,21.4,12.5,22.2,1.4
CA,6067,Sacramento County,6067009900,6067009900,0.605,13.6,67789.0,5.9,26.5,2.7,5.47,94.83,8.1,5.7,15.4,6.7
CA,6067,Sacramento County,6067988300,6067988300,0.0436,0.0,157857.0,0.0,0.0,0.0,1.04,100.0,0.0,0.0,0.0,2.5
CA,6069,San Benito County,6069000100,6069000100,0.7085,4.2,94044.0,7.7,24.0,5.5,0.0,98.93,8.3,9.7,9.2,13.2
CA,6069,San Benito County,6069000200,6069000200,0.3256,4.5,104986.0,5.8,16.7,0.4,0.0,72.15,14.1,3.4,12.0,6.3
CA,6069,San Benito County,6069000300,6069000300,0.6857,7.6,113056.0,7.7,21.1,6.8,1.03,22.49,10.7,10.4,9.1,13.5
CA,6069,San Benito County,6069000400,6069000400,0.7496,10.7,77500.0,9.7,33.9,4.9,3.87,33.29,8.5,11.9,8.6,12.4
CA,6069,San Benito County,6069000501,6069000501,0.1801,7.4,120676.0,4.9,24.4,0.8,0.55,67.72,9.5,5.8,4.9,5.5
CA,6069,San Benito County,6069000502,6069000502,0.3601,7.2,116250.0,2.8,15.2,2.7,0.0,53.95,8.9,1.7,5.2,14.9
CA,6069,San Benito County,6069000601,6069000601,0.3827,12.0,116638.0,2.7,30.6,0.7,0.2,54.12,12.6,6.1,1.0,9.3
CA,6069,San Benito County,6069000602,6069000602,0.4274,8.1,84525.0,8.5,20.6,9.0,2.11,39.7,15.5,0.0,0.6,1.3
CA,6069,San Benito County,6069000701,6069000701,0.5561,10.3,105179.0,12.6,21.3,0.6,0.0,29.14,5.2,6.3,5.1,9.8
CA,6069,San Benito County,6069000702,6069000702,0.5815,9.3,104707.0,5.2,21.7,5.0,7.62,26.82,12.2,5.7,10.1,8.7
CA,6069,San Benito County,6069000801,6069000801,0.2063,3.9,125647.0,3.8,22.5,0.7,3.87,99.11,12.2,7.5,4.6,0.2
CA,6069,San Benito County,6069000802,6069000802,0.2852,2.8,126568.0,3.2,15.5,1.0,6.61,100.0,12.6,5.9,5.2,4.1
CA,6071,San Bernardino County,6071000103,6071000103,0.205,3.4,104412.0,3.7,26.1,0.7,1.23,54.65,4.7,5.4,3.8,6.5
CA,6071,San Bernardino County,6071000104,6071000104,0.3447,12.2,120000.0,4.0,26.6,1.6,0.0,35.09,6.6,9.7,1.5,8.3
CA,6071,San Bernardino County,6071000105,6071000105,0.2396,9.1,117269.0,4.0,17.6,0.4,4.42,60.54,4.0,3.4,1.6,11.4
CA,6071,San Bernardino County,6071000107,6071000107,0.2604,5.3,119048.0,4.8,22.2,7.9,7.81,70.96,10.9,4.2,8.4,2.4
CA,6071,San Bernardino County,6071000108,6071000108,0.3403,8.5,91250.0,4.7,34.3,0.0,4.49,95.9,4.4,3.8,2.6,6.5
CA,6071,San Bernardino County,6071000109,6071000109,0.1529,9.9,118114.0,12.9,16.1,0.0,5.37,82.15,6.7,7.3,2.8,1.9
CA,6071,San Bernardino County,6071000111,6071000111,0.1711,10.2,103750.0,4.8,27.7,0.0,0.0,98.23,7.2,7.8,3.9,7.5
CA,6071,San Bernardino County,6071000115,6071000115,0.526,8.9,97990.0,3.8,24.1,11.6,2.07,75.34,9.3,4.1,5.3,11.9
CA,6071,San Bernardino County,6071000117,6071000117,0.2164,3.3,139758.0,2.1,20.1,2.2,6.25,100.0,8.7,9.2,0.4,7.1
CA,6071,San Bernardino County,6071000118,6071000118,0.1216,2.3,133438.0,2.0,16.6,1.8,5.09,65.41,3.5,2.3,4.8,8.9
CA,6071,San Bernardino County,6071000119,6071000119,0.5111,5.8,63625.0,6.9,42.6,5.3,0.0,10.37,12.0,4.5,1.9,5.3
CA,6071,San Bernardino County,6071000120,6071000120,0.3313,8.5,109457.0,7.6,19.9,0.0,10.42,75.04,7.8,6.2,4.5,9.7
CA,6071,San Bernardino County,6071000121,6071000121,0.0872,4.5,155417.0,4.0,14.6,1.2,0.79,3.98,5.3,8.9,0.0,6.7
CA,6071,San Bernardino County,6071000122,6071000122,0.1273,2.7,183168.0,2.3,14.5,0.9,4.94,100.0,5.1,6.4,0.0,7.0
CA,6071,San Bernardino County,6071000201,6071000201,0.6487,11.6,82500.0,6.1,34.2,2.5,3.47,75.22,8.1,2.6,5.7,9.5
CA,6071,San Bernardino County,6071000203,6071000203,0.8003,12.7,81645.0,9.5,33.1,4.3,0.0,57.35,9.6,9.9,11.6,10.9
CA,6071,San Bernardino County,6071000205,6071000205,0.6128,18.7,77195.0,7.1,32.1,3.9,0.0,32.05,10.3,1.4,6.5,8.5
CA,6071,San Bernardino County,6071000207,6071000207,0.78,16.9,92396.0,8.5,30.7,5.6,4.61,70.07,17.9,8.9,7.3,9.0
CA,6071,San Bernardino County,6071000208,6071000208,0.5421,7.8,116944.0,5.6,18.2,5.9,4.73,100.0,11.3,5.4,6.6,10.0
CA,6071,San Bernardino County,6071000304,6071000304,0.82,7.1,87466.0,17.1,34.8,4.4,11.67,99.94,19.7,5.3,12.3,19.4
CA,6071,San Bernardino County,6071000305,6071000305,0.9688,23.0,42131.0,15.9,53.1,12.8,0.58,95.01,8.6,7.2,16.5,22.1
CA,6071,San Bernardino County,6071000306,6071000306,0.9615,16.1,54669.0,15.1,58.4,0.5,0.58,88.64,9.5,8.6,9.4,20.0
CA,6071,San Bernardino County,6071000307,6071000307,0.9292,13.5,58672.0,14.7,29.5,10.5,0.3,0.63,9.9,17.4,20.7,14.4
CA,6071,San Bernardino County,6071000308,6071000308,0.6885,11.9,74146.0,10.6,31.4,0.0,0.0,27.46,9.5,2.9,18.2,20.0
CA,6071,San Bernardino County,6071000401,6071000401,0.5336,11.2,113391.0,7.2,20.8,6.0,0.21,70.56,9.6,3.8,9.6,8.3
CA,6071,San Bernardino County,6071000403,6071000403,0.6153,8.6,117344.0,10.6,21.0,1.6,2.38,96.12,12.7,8.2,6.3,8.0
CA,6071,San Bernardino County,6071000404,6071000404,0.5497,7.9,75677.0,2.8,38.1,8.0,0.0,28.01,12.3,6.6,11.6,7.7
CA,6071,San Bernardino County,6071000501,6071000501,0.4445,8.8,91058.0,4.5,30.7,2.5,2.23,55.3,10.8,4.0,5.6,12.5
CA,6071,San Bernardino County,6071000503,6071000503,0.6207,10.8,81156.0,9.4,28.6,3.4,0.0,23.5,7.6,5.5,12.7,10.1
CA,6071,San Bernardino County,6071000504,6071000504,0.2829,2.1,115625.0,2.4,25.3,4.4,0.92,88.85,11.9,5.0,7.4,7.0
CA,6071,San Bernardino County,6071000603,6071000603,0.6892,5.4,90800.0,16.1,24.2,3.9,0.0,0.0,12.5,5.6,9.9,13.8
CA,6071,San Bernardino County,6071000604,6071000604,0.4447,7.8,84138.0,9.1,22.2,1.5,5.98,11.46,9.9,3.4,5.3,11.6
CA,6071,San Bernardino County,6071000605,6071000605,0.7225,14.0,61098.0,16.3,42.6,6.3,6.63,67.17,10.8,4.0,22.4,18.4
CA,6071,San Bernardino County,6071000606,6071000606,0.6304,12.7,73889.0,14.1,40.6,5.2,4.2,23.76,6.1,4.5,5.4,15.6
CA,6071,San Bernardino County,6071000804,6071000804,0.1877,8.1,133250.0,9.3,17.5,2.1,0.33,98.13,10.3,2.1,0.7,1.9
CA,6071,San Bernardino County,6071000808,6071000808,0.5215,8.0,94621.0,9.0,22.9,0.6,0.0,69.66,12.3,7.8,4.7,3.4
CA,6071,San Bernardino County,6071000812,6071000812,0.1872,2.5,126299.0,2.1,13.0,0.9,0.83,4.14,10.0,6.8,3.1,3.7
CA,6071,San Bernardino County,6071000813,6071000813,0.0983,9.8,103594.0,2.3,20.4,0.0,5.73,100.0,14.5,5.5,1.7,2.9
CA,6071,San Bernardino County,6071000814,6071000814,0.0178,2.1,156932.0,0.5,5.4,2.4,5.54,100.0,11.8,4.0,2.2,1.1
CA,6071,San Bernardino County,6071000815,6071000815,0.1527,5.3,143343.0,1.9,17.3,1.2,0.0,54.28,10.3,3.7,1.9,1.6
CA,6071,San Bernardino County,6071000816,6071000816,0.2311,11.2,130521.0,3.9,22.8,4.4,2.92,68.59,12.3,10.7,3.8,3.1
CA,6071,San Bernardino County,6071000817,6071000817,0.5041,7.8,86780.0,3.5,24.5,6.4,0.0,6.18,15.3,5.6,6.8,6.9
CA,6071,San Bernardino County,6071000818,6071000818,0.2001,8.1,121466.0,3.3,14.9,1.6,0.0,32.37,15.2,4.0,4.8,1.5
CA,6071,San Bernardino County,6071000819,6071000819,0.0784,2.6,165110.0,2.9,20.9,1.6,1.79,66.31,7.7,3.9,4.9,2.1
CA,6071,San Bernardino County,6071000820,6071000820,0.0707,6.4,151167.0,0.3,12.5,0.8,3.68,86.42,10.7,4.0,0.7,0.9
CA,6071,San Bernardino County,6071000821,6071000821,0.5544,17.8,74886.0,6.4,40.9,2.6,0.0,53.58,9.5,6.5,4.1,4.1
CA,6071,San Bernardino County,6071000823,6071000823,0.8173,13.5,77652.0,12.3,41.8,4.9,0.0,7.96,12.2,2.6,7.1,4.9
CA,6071,San Bernardino County,6071000824,6071000824,0.7668,23.1,66078.0,7.7,38.8,6.3,0.0,48.62,10.0,3.0,12.1,9.9
CA,6071,San Bernardino County,6071000825,6071000825,0.5699,19.2,62891.0,15.3,49.4,3.9,0.77,62.23,8.7,5.9,7.3,7.1
CA,6071,San Bernardino County,6071000826,6071000826,0.4986,7.6,88611.0,6.4,29.0,7.0,3.54,45.09,10.1,2.5,7.1,5.4
CA,6071,San Bernardino County,6071000901,6071000901,0.6854,12.4,72313.0,6.7,36.7,6.1,0.0,63.74,11.3,2.8,10.3,3.9
CA,6071,San Bernardino County,6071000903,6071000903,0.6337,6.9,64366.0,12.0,41.1,4.8,5.83,100.0,8.6,5.6,5.7,14.4
CA,6071,San Bernardino County,6071000904,6071000904,0.5847,11.1,80000.0,9.1,34.0,6.2,4.33,100.0,10.5,6.1,11.8,8.7
CA,6071,San Bernardino County,6071001001,6071001001,0.8139,9.5,75976.0,5.8,38.6,4.7,3.01,18.42,13.7,9.5,7.4,13.6
CA,6071,San Bernardino County,6071001002,6071001002,0.794,22.8,64353.0,13.3,49.1,7.7,0.0,57.36,9.9,3.8,9.6,12.0
CA,6071,San Bernardino County,6071001101,6071001101,0.669,7.1,71582.0,24.8,39.4,1.7,0.0,76.5,9.1,4.4,10.4,25.7
CA,6071,San Bernardino County,6071001103,6071001103,0.6148,10.9,76012.0,5.0,38.9,1.9,0.13,30.29,9.4,7.4,5.7,10.2
CA,6071,San Bernardino County,6071001104,6071001104,0.6979,17.9,67500.0,5.3,37.2,6.7,0.0,6.01,11.2,5.6,15.4,7.5
CA,6071,San Bernardino County,6071001200,6071001200,0.3842,10.0,80137.0,6.0,34.4,4.5,0.0,97.26,14.0,3.8,4.2,4.7
CA,6071,San Bernardino County,6071001305,6071001305,0.9937,33.1,54012.0,10.6,54.3,8.6,0.0,48.17,12.4,10.1,16.6,16.5
CA,6071,San Bernardino County,6071001307,6071001307,0.6594,6.7,85417.0,15.4,34.5,5.0,2.87,14.15,11.4,7.3,4.4,11.7
CA,6071,San Bernardino County,6071001308,6071001308,0.5541,7.0,88661.0,17.2,30.1,5.2,1.87,0.0,6.5,4.2,7.4,15.0
CA,6071,San Bernardino County,6071001309,6071001309,0.611,6.7,67550.0,9.7,44.2,2.2,1.72,2.18,8.8,4.9,22.5,18.4
CA,6071,San Bernardino County,6071001310,6071001310,0.5994,11.0,85000.0,4.0,28.6,1.5,2.32,47.88,14.9,8.4,7.1,8.8
CA,6071,San Bernardino County,6071001311,6071001311,0.4832,7.4,122727.0,5.1,19.5,0.7,3.96,72.66,8.9,5.7,7.7,7.7
CA,6071,San Bernardino County,6071001312,6071001312,0.574,9.8,85924.0,8.2,33.1,2.4,1.98,37.47,13.1,1.4,3.9,5.3
CA,6071,San Bernardino County,6071001400,6071001400,0.7218,21.0,62633.0,11.7,48.7,6.9,0.0,3.27,9.7,6.5,8.2,15.4
CA,6071,San Bernardino County,6071001501,6071001501,0.6261,19.0,88875.0,15.5,27.3,3.5,0.0,1.11,10.4,3.1,11.3,25.8
CA,6071,San Bernardino County,6071001503,6071001503,0.9699,27.0,54010.0,22.0,58.8,4.2,5.36,52.69,7.2,5.4,16.8,27.4
CA,6071,San Bernardino County,6071001504,6071001504,0.9314,24.6,52351.0,15.0,53.6,6.6,5.75,92.39,6.8,8.5,11.9,14.0
CA,6071,San Bernardino County,6071001600,6071001600,0.8885,21.0,53866.0,13.7,41.8,5.4,0.0,44.4,9.5,6.5,13.6,20.6
CA,6071,San Bernardino County,6071001702,6071001702,0.7228,13.3,89484.0,8.7,30.0,5.2,0.0,20.21,8.3,3.7,7.1,6.8
CA,6071,San Bernardino County,6071001703,6071001703,0.4034,6.3,105774.0,7.4,23.3,1.3,0.0,38.53,8.4,2.6,3.7,5.7
CA,6071,San Bernardino County,6071001704,6071001704,0.7296,15.0,80278.0,9.0,35.1,1.5,0.18,4.47,10.1,5.7,6.2,13.6
CA,6071,San Bernardino County,6071001706,6071001706,0.6863,10.3,73442.0,10.9,43.2,0.5,0.0,31.73,8.0,5.6,6.1,14.0
CA,6071,San Bernardino County,6071001707,6071001707,0.5876,6.6,95483.0,3.4,32.6,2.0,3.68,33.23,13.4,8.7,11.2,9.7
CA,6071,San Bernardino County,6071001803,6071001803,0.7023,6.6,71667.0,2.8,33.5,3.1,8.9,93.64,13.0,5.1,10.2,11.9
CA,6071,San Bernardino County,6071001804,6071001804,0.7064,11.6,107484.0,10.2,29.0,4.3,3.58,61.74,11.3,6.5,1.5,5.3
CA,6071,San Bernardino County,6071001806,6071001806,0.3363,8.8,113411.0,6.4,20.1,0.0,1.76,100.0,10.4,3.5,1.9,11.3
CA,6071,San Bernardino County,6071001808,6071001808,0.525,6.8,92235.0,6.8,34.7,2.3,5.1,63.33,11.5,5.6,0.0,3.9
CA,6071,San Bernardino County,6071001809,6071001809,0.5668,9.4,80278.0,7.3,27.7,1.7,0.0,25.43,7.7,7.1,9.3,5.4
CA,6071,San Bernardino County,6071001810,6071001810,0.7259,16.0,72656.0,9.3,31.8,3.3,0.0,40.16,5.7,5.3,12.8,9.9
CA,6071,San Bernardino County,6071001812,6071001812,0.7213,13.2,67773.0,7.7,48.2,9.4,3.41,58.78,9.8,2.1,13.8,14.0
CA,6071,San Bernardino County,6071001813,6071001813,0.8065,9.5,84125.0,13.8,34.5,2.0,2.94,99.49,7.4,7.1,9.1,21.4
CA,6071,San Bernardino County,6071001901,6071001901,0.2594,3.9,116176.0,2.5,17.7,4.1,2.4,50.48,7.0,5.4,5.2,2.4
CA,6071,San Bernardino County,6071001906,6071001906,0.2626,9.3,112143.0,6.5,24.0,0.2,0.0,59.84,5.9,5.0,3.3,3.7
CA,6071,San Bernardino County,6071001907,6071001907,0.8113,9.0,103222.0,16.3,39.0,9.2,0.5,22.28,4.9,11.0,1.4,6.0
CA,6071,San Bernardino County,6071001908,6071001908,0.1608,2.7,131504.0,3.4,19.5,4.5,4.23,100.0,3.8,1.8,1.3,13.0
CA,6071,San Bernardino County,6071001909,6071001909,0.43,11.2,102000.0,12.7,24.9,5.6,0.8,97.78,7.0,0.0,0.0,15.6
CA,6071,San Bernardino County,6071001910,6071001910,0.5773,21.1,76163.0,16.8,42.3,0.0,0.0,74.35,6.7,6.9,13.9,10.6
CA,6071,San Bernardino County,6071001911,6071001911,0.0469,5.0,116089.0,3.5,20.5,1.0,3.34,75.97,2.5,3.1,8.5,5.5
CA,6071,San Bernardino County,6071002011,6071002011,0.1668,3.3,162353.0,1.0,13.8,3.4,3.78,97.24,15.7,2.5,0.6,2.8
CA,6071,San Bernardino County,6071002013,6071002013,0.4454,6.9,91177.0,3.2,25.2,11.2,0.0,44.86,13.1,2.4,10.7,0.8
CA,6071,San Bernardino County,6071002014,6071002014,0.092,1.9,148725.0,1.0,9.3,1.1,0.0,72.15,11.1,0.3,3.2,3.4
CA,6071,San Bernardino County,6071002015,6071002015,0.1835,3.8,103542.0,1.7,22.3,2.6,0.0,28.44,8.1,7.7,1.9,4.7
CA,6071,San Bernardino County,6071002016,6071002016,0.5138,8.5,96397.0,7.5,31.9,7.8,0.0,6.86,8.9,8.7,9.1,4.8
CA,6071,San Bernardino County,6071002017,6071002017,0.0608,8.0,140455.0,1.7,14.6,2.2,0.0,96.22,10.8,7.0,8.0,2.0
CA,6071,San Bernardino County,6071002018,6071002018,0.2118,7.1,104667.0,3.4,18.7,5.1,0.0,65.14,9.7,7.4,6.6,3.4
CA,6071,San Bernardino County,6071002019,6071002019,0.685,17.1,96360.0,12.5,29.9,3.9,0.0,21.57,11.0,8.7,0.7,6.7
CA,6071,San Bernardino County,6071002021,6071002021,0.0972,2.9,141263.0,1.3,17.4,0.6,0.0,35.08,12.6,6.6,3.3,3.8
CA,6071,San Bernardino County,6071002023,6071002023,0.6674,10.9,67148.0,6.6,39.5,4.4,2.79,5.91,18.3,8.6,13.9,6.6
CA,6071,San Bernardino County,6071002025,6071002025,0.6091,6.5,76136.0,3.1,31.7,4.2,0.3,18.11,15.8,9.9,5.5,3.2
CA,6071,San Bernardino County,6071002027,6071002027,0.6387,6.2,78438.0,2.6,32.1,4.0,0.0,58.73,13.8,2.8,7.9,5.4
CA,6071,San Bernardino County,6071002028,6071002028,0.2879,5.8,94523.0,6.3,29.4,2.0,0.0,15.23,11.8,2.1,4.8,2.6
CA,6071,San Bernardino County,6071002029,6071002029,0.1114,3.6,109528.0,2.6,18.8,3.3,0.0,8.46,9.2,4.0,4.1,2.2
CA,6071,San Bernardino County,6071002031,6071002031,0.1426,3.6,151442.0,4.6,13.5,0.3,3.18,22.54,6.3,6.5,1.8,8.6
CA,6071,San Bernardino County,6071002035,6071002035,0.3378,6.9,103250.0,5.2,27.8,0.6,0.22,6.15,7.2,7.9,8.3,6.4
CA,6071,San Bernardino County,6071002037,6071002037,0.2262,3.1,133305.0,3.9,19.6,1.1,0.47,100.0,6.2,4.1,1.6,4.4
CA,6071,San Bernardino County,6071002038,6071002038,0.1254,7.4,135755.0,6.2,19.8,0.5,0.0,24.42,7.2,4.7,1.3,3.8
CA,6071,San Bernardino County,6071002039,6071002039,0.0257,1.2,151759.0,4.6,11.7,1.1,3.27,0.0,8.8,2.7,2.7,1.7
CA,6071,San Bernardino County,6071002040,6071002040,0.052,1.2,169754.0,1.0,10.7,0.4,26.52,14.39,5.0,5.1,0.0,0.6
CA,6071,San Bernardino County,6071002041,6071002041,0.0251,2.2,173668.0,2.0,9.9,2.6,8.48,54.5,4.5,4.9,2.6,2.5
CA,6071,San Bernardino County,6071002042,6071002042,0.0144,0.0,216087.0,8.0,0.9,0.0,0.0,45.06,5.7,2.4,3.1,5.7
CA,6071,San Bernardino County,6071002043,6071002043,0.015,4.0,207969.0,1.9,8.1,1.6,2.56,87.07,7.1,4.1,1.3,5.4
CA,6071,San Bernardino County,6071002044,6071002044,0.1169,5.8,126250.0,3.6,16.2,0.6,4.68,85.31,4.0,8.2,0.0,7.7
CA,6071,San Bernardino County,6071002045,6071002045,0.0352,3.1,135804.0,4.2,19.8,0.0,5.4,100.0,8.3,4.7,2.4,1.0
CA,6071,San Bernardino County,6071002046,6071002046,0.1117,3.5,136786.0,0.0,17.5,1.5,0.82,2.71,5.0,2.6,0.0,2.9
CA,6071,San Bernardino County,6071002047,6071002047,0.425,2.9,115111.0,21.3,21.1,8.0,0.0,33.75,6.9,3.0,3.4,8.9
CA,6071,San Bernardino County,6071002048,6071002048,0.1508,7.6,126136.0,0.9,26.5,0.0,3.07,96.84,7.4,7.9,7.6,2.3
CA,6071,San Bernardino County,6071002049,6071002049,0.4075,4.5,88882.0,5.6,25.3,4.7,3.05,17.73,7.6,0.5,7.8,9.0
CA,6071,San Bernardino County,6071002050,6071002050,0.3469,20.1,82052.0,10.1,37.1,0.2,6.71,36.42,5.4,0.7,8.2,7.4
CA,6071,San Bernardino County,6071002051,6071002051,0.3535,5.6,116058.0,4.3,28.3,1.6,1.24,0.79,4.2,3.9,7.2,2.6
CA,6071,San Bernardino County,6071002101,6071002101,0.7939,16.3,57066.0,6.5,37.7,9.2,9.69,76.32,16.4,9.7,5.6,6.9
CA,6071,San Bernardino County,6071002103,6071002103,0.5997,18.1,72114.0,5.6,42.9,8.3,3.81,1.81,7.0,6.7,7.1,4.9
CA,6071,San Bernardino County,6071002105,6071002105,0.6572,9.9,82278.0,7.6,29.9,1.1,0.0,70.33,15.0,5.9,9.9,8.0
CA,6071,San Bernardino County,6071002107,6071002107,0.6113,8.5,68281.0,6.0,39.3,7.5,5.91,40.32,7.5,5.0,8.2,5.9
CA,6071,San Bernardino County,6071002109,6071002109,0.4489,17.1,71224.0,9.0,48.7,2.2,4.36,84.69,6.1,7.2,4.2,2.3
CA,6071,San Bernardino County,6071002111,6071002111,0.5853,17.6,69018.0,9.7,47.8,1.2,4.05,19.44,7.0,6.6,2.9,7.6
CA,6071,San Bernardino County,6071002112,6071002112,0.4086,8.8,84290.0,8.8,36.0,1.8,8.58,58.81,4.3,4.9,4.3,4.3
CA,6071,San Bernardino County,6071002204,6071002204,0.8336,15.1,81382.0,15.2,28.7,3.0,0.36,61.94,6.1,10.2,8.2,11.6
CA,6071,San Bernardino County,6071002206,6071002206,0.478,4.8,97237.0,4.0,32.1,1.9,0.24,86.68,9.6,6.9,4.7,4.0
CA,6071,San Bernardino County,6071002207,6071002207,0.6944,16.8,69000.0,4.1,45.3,0.4,2.87,61.83,12.1,7.9,1.9,4.7
CA,6071,San Bernardino County,6071002306,6071002306,0.3996,3.7,111955.0,5.7,21.7,1.6,1.17,96.66,7.0,10.1,3.1,10.2
CA,6071,San Bernardino County,6071002307,6071002307,0.5979,18.0,71250.0,8.9,34.8,0.0,6.87,97.49,14.7,3.9,5.2,12.2
CA,6071,San Bernardino County,6071002308,6071002308,0.785,5.4,100814.0,8.4,29.1,9.8,0.0,50.04,8.7,5.7,14.4,13.7
CA,6071,San Bernardino County,6071002309,6071002309,0.4658,13.1,100250.0,6.5,25.2,5.7,7.81,100.0,8.1,4.0,15.6,14.3
CA,6071,San Bernardino County,6071002310,6071002310,0.3279,13.3,105026.0,3.4,37.3,5.1,0.0,82.71,6.8,3.2,0.5,6.1
CA,6071,San Bernardino County,6071002311,6071002311,0.2223,14.4,103904.0,4.3,27.4,0.0,7.67,46.27,10.6,2.1,1.7,4.9
CA,6071,San Bernardino County,6071002312,6071002312,0.2762,2.8,128975.0,2.6,15.5,1.1,3.11,80.9,9.6,5.6,2.7,7.4
CA,6071,San Bernardino County,6071002313,6071002313,0.5586,6.4,101360.0,10.1,21.5,1.0,3.45,26.96,7.8,6.5,2.4,8.7
CA,6071,San Bernardino County,6071002314,6071002314,0.0481,3.0,136942.0,1.7,5.4,0.0,11.12,1.6,5.4,7.8,0.0,0.0
CA,6071,San Bernardino County,6071002315,6071002315,0.1601,10.8,145142.0,9.0,18.2,0.0,0.0,17.09,8.5,1.1,2.5,6.4
CA,6071,San Bernardino County,6071002403,6071002403,0.7761,28.0,82197.0,22.5,29.6,6.8,2.23,2.57,7.6,7.3,11.2,17.4
CA,6071,San Bernardino County,6071002404,6071002404,0.6836,8.9,105529.0,7.6,25.6,1.3,0.0,58.75,10.3,4.5,4.9,13.2
CA,6071,San Bernardino County,6071002405,6071002405,0.6946,10.0,72908.0,10.7,36.9,6.2,0.0,71.08,6.6,5.3,9.2,13.8
CA,6071,San Bernardino County,6071002406,6071002406,0.8115,15.6,61523.0,10.5,38.3,2.0,0.0,69.48,4.0,11.0,13.4,14.4
CA,6071,San Bernardino County,6071002501,6071002501,0.9162,17.2,62167.0,15.7,33.1,5.4,2.39,91.71,10.6,9.4,17.6,24.9
CA,6071,San Bernardino County,6071002503,6071002503,0.817,7.2,71761.0,16.4,34.9,0.3,0.9,84.5,8.5,11.9,12.3,11.1
CA,6071,San Bernardino County,6071002504,6071002504,0.6125,5.3,89074.0,17.2,24.7,2.3,1.69,20.25,8.1,12.3,12.2,14.4
CA,6071,San Bernardino County,6071002602,6071002602,0.5549,17.8,76004.0,8.3,27.9,2.7,0.0,6.95,7.0,10.0,5.6,11.0
CA,6071,San Bernardino County,6071002604,6071002604,0.3884,3.5,92841.0,4.0,30.6,0.2,1.58,23.04,6.1,6.3,3.3,7.3
CA,6071,San Bernardino County,6071002606,6071002606,0.5129,7.6,102000.0,7.7,21.6,4.0,5.86,58.72,7.1,4.0,5.3,11.2
CA,6071,San Bernardino County,6071002608,6071002608,0.4787,10.9,101961.0,9.1,29.4,0.8,0.0,56.05,7.5,7.7,3.6,7.8
CA,6071,San Bernardino County,6071002609,6071002609,0.6166,13.5,103155.0,8.3,26.9,0.4,5.2,51.0,23.3,14.1,10.4,5.2
CA,6071,San Bernardino County,6071002610,6071002610,0.2653,4.4,123125.0,8.7,9.5,2.2,2.31,17.26,9.6,3.6,2.2,11.1
CA,6071,San Bernardino County,6071002611,6071002611,0.2525,4.3,108519.0,2.8,14.0,1.7,0.0,97.48,4.3,9.5,6.9,8.8
CA,6071,San Bernardino County,6071002703,6071002703,0.255,12.1,108537.0,4.4,22.5,1.7,6.52,96.2,9.2,4.8,6.9,3.0
CA,6071,San Bernardino County,6071002705,6071002705,0.5388,11.0,98095.0,7.0,28.6,0.3,0.0,100.0,6.1,4.2,7.6,6.2
CA,6071,San Bernardino County,6071002706,6071002706,0.4004,6.8,136920.0,7.9,14.4,1.7,4.23,100.0,9.3,8.9,3.2,3.6
CA,6071,San Bernardino County,6071002707,6071002707,0.228,2.0,170000.0,4.7,7.0,2.4,0.0,17.98,6.4,3.8,2.4,3.1
CA,6071,San Bernardino County,6071002708,6071002708,0.2176,4.3,137333.0,10.5,12.9,1.1,1.01,98.0,6.9,6.3,2.1,3.4
CA,6071,San Bernardino County,6071002709,6071002709,0.0552,0.9,145755.0,2.2,12.5,0.0,0.88,2.72,11.7,3.1,3.5,3.6
CA,6071,San Bernardino County,6071002801,6071002801,0.6885,13.3,83500.0,18.3,29.9,7.0,1.91,4.86,7.5,5.1,8.9,13.3
CA,6071,San Bernardino County,6071002803,6071002803,0.8379,21.2,71411.0,21.3,35.9,2.7,0.81,40.61,8.1,7.3,13.2,15.4
CA,6071,San Bernardino County,6071002804,6071002804,0.8873,25.4,57309.0,20.7,48.3,3.2,12.01,92.78,3.2,5.2,15.0,22.4
CA,6071,San Bernardino County,6071002901,6071002901,0.6442,13.8,67132.0,7.4,34.8,2.6,0.0,22.02,8.0,3.1,10.5,15.5
CA,6071,San Bernardino County,6071002902,6071002902,0.7986,9.0,62842.0,12.3,39.6,5.1,3.21,61.94,8.0,7.8,14.7,11.3
CA,6071,San Bernardino County,6071003000,6071003000,0.7603,20.4,42548.0,9.8,48.1,9.8,13.55,36.72,14.4,2.9,21.5,11.4
CA,6071,San Bernardino County,6071003101,6071003101,0.7634,9.1,79018.0,17.0,30.6,6.8,3.08,96.95,6.9,6.5,3.2,17.3
CA,6071,San Bernardino County,6071003102,6071003102,0.9061,33.1,49830.0,24.7,60.1,5.4,0.0,82.03,5.6,5.9,10.6,19.8
CA,6071,San Bernardino County,6071003201,6071003201,0.6638,16.0,79583.0,13.4,23.9,3.2,0.0,1.05,8.5,8.4,2.8,7.9
CA,6071,San Bernardino County,6071003202,6071003202,0.7861,7.3,72578.0,17.9,42.8,6.8,0.75,66.27,8.3,0.5,7.6,12.2
CA,6071,San Bernardino County,6071003301,6071003301,0.806,12.3,66389.0,12.0,35.8,7.5,1.92,37.08,8.4,6.7,16.6,17.2
CA,6071,San Bernardino County,6071003302,6071003302,0.8972,18.4,68854.0,9.6,33.3,1.0,0.0,10.43,11.6,8.2,15.1,12.7
CA,6071,San Bernardino County,6071003401,6071003401,0.7081,13.9,73185.0,9.2,33.9,4.8,3.1,72.07,10.3,9.4,10.9,9.3
CA,6071,San Bernardino County,6071003403,6071003403,0.6404,10.3,83179.0,16.7,33.0,0.0,8.85,93.71,9.7,6.1,4.0,20.2
CA,6071,San Bernardino County,6071003404,6071003404,0.8908,11.4,70919.0,10.4,33.8,2.8,0.0,34.86,9.2,11.0,11.4,14.6
CA,6071,San Bernardino County,6071003405,6071003405,0.8687,21.3,66194.0,16.8,40.7,3.5,0.0,0.0,6.8,7.9,5.7,11.2
CA,6071,San Bernardino County,6071003503,6071003503,0.5916,10.7,82500.0,6.2,34.6,0.0,0.49,100.0,11.6,8.2,7.6,6.4
CA,6071,San Bernardino County,6071003505,6071003505,0.904,16.5,72188.0,20.8,30.6,9.7,5.82,11.11,7.4,16.8,16.8,19.3
CA,6071,San Bernardino County,6071003506,6071003506,0.6934,4.1,75532.0,12.9,34.4,5.6,0.24,48.9,9.1,3.9,10.0,7.1
CA,6071,San Bernardino County,6071003507,6071003507,0.475,9.1,88275.0,12.6,26.5,0.0,1.6,6.97,5.7,7.0,5.2,10.0
CA,6071,San Bernardino County,6071003509,6071003509,0.8558,15.4,72431.0,6.6,22.9,6.4,0.0,0.58,12.7,15.5,18.1,11.0
CA,6071,San Bernardino County,6071003510,6071003510,0.8153,25.5,55022.0,13.3,47.8,9.8,0.0,0.0,7.0,5.6,9.0,11.0
CA,6071,San Bernardino County,6071003603,6071003603,0.4491,6.5,100625.0,5.9,20.0,2.0,1.99,100.0,8.5,10.3,4.9,7.8
CA,6071,San Bernardino County,6071003605,6071003605,0.5605,8.8,85656.0,8.4,24.8,2.3,0.0,56.89,9.3,14.5,6.7,5.3
CA,6071,San Bernardino County,6071003606,6071003606,0.6736,12.9,73000.0,6.7,40.1,1.4,0.0,45.31,11.4,2.9,18.9,11.3
CA,6071,San Bernardino County,6071003607,6071003607,0.8886,18.2,59519.0,8.8,42.2,15.9,3.05,22.83,11.5,8.5,9.5,16.1
CA,6071,San Bernardino County,6071003609,6071003609,0.9014,16.1,67610.0,19.6,37.2,5.2,1.59,8.37,5.7,9.6,21.4,17.2
CA,6071,San Bernardino County,6071003611,6071003611,0.8022,16.8,61181.0,9.8,50.4,4.3,4.1,61.1,9.6,10.7,2.1,8.8
CA,6071,San Bernardino County,6071003612,6071003612,0.8113,20.1,66104.0,5.2,44.6,1.3,4.83,0.0,2.9,9.7,8.4,9.4
CA,6071,San Bernardino County,6071003700,6071003700,0.94,25.7,43056.0,13.6,61.5,18.2,12.47,82.8,18.9,9.4,23.5,10.5
CA,6071,San Bernardino County,6071003801,6071003801,0.7425,12.0,96250.0,8.1,26.2,3.8,0.0,55.25,8.9,8.7,12.0,6.2
CA,6071,San Bernardino County,6071003803,6071003803,0.8515,20.4,65978.0,14.0,38.6,8.3,0.0,77.51,10.5,9.6,15.9,18.9
CA,6071,San Bernardino County,6071003804,6071003804,0.5985,3.4,88954.0,8.5,33.3,0.0,0.0,70.84,8.3,13.8,4.8,15.7
CA,6071,San Bernardino County,6071003900,6071003900,0.821,12.5,74085.0,12.2,33.4,1.1,0.0,31.41,11.5,11.4,10.1,11.5
CA,6071,San Bernardino County,6071004001,6071004001,0.6195,17.6,62670.0,8.3,35.7,0.5,4.57,100.0,10.5,7.0,14.8,15.9
CA,6071,San Bernardino County,6071004003,6071004003,0.7236,21.8,64676.0,14.3,36.6,1.9,0.43,100.0,10.1,4.9,17.7,14.9
CA,6071,San Bernardino County,6071004004,6071004004,0.8421,10.4,90078.0,10.3,18.4,6.4,5.21,100.0,13.2,8.9,14.5,10.7
CA,6071,San Bernardino County,6071004101,6071004101,0.8711,15.9,70541.0,13.2,40.6,2.3,6.79,100.0,10.1,8.5,15.3,17.4
CA,6071,San Bernardino County,6071004103,6071004103,0.8996,29.6,51086.0,4.2,45.8,8.5,11.28,100.0,10.3,12.7,2.4,11.0
CA,6071,San Bernardino County,6071004104,6071004104,0.9888,19.8,52500.0,20.8,42.6,6.9,3.54,94.06,11.6,15.6,16.2,23.4
CA,6071,San Bernardino County,6071004201,6071004201,0.9716,27.2,54918.0,13.4,42.4,5.8,0.0,59.95,14.0,9.6,33.2,13.5
CA,6071,San Bernardino County,6071004202,6071004202,0.9834,19.6,46839.0,17.0,52.4,18.4,6.82,0.0,12.2,6.1,29.0,14.6
CA,6071,San Bernardino County,6071004301,6071004301,0.7162,14.7,59191.0,18.4,31.2,4.9,6.5,77.66,9.4,6.9,32.4,8.8
CA,6071,San Bernardino County,6071004302,6071004302,0.961,32.1,53175.0,15.6,44.0,3.4,0.0,19.48,11.5,8.7,28.9,12.0
CA,6071,San Bernardino County,6071004401,6071004401,0.6642,11.1,72604.0,16.0,24.8,7.1,2.91,21.03,8.8,7.1,11.1,11.6
CA,6071,San Bernardino County,6071004403,6071004403,0.7958,15.5,60958.0,12.5,33.4,4.6,5.09,48.06,10.2,1.2,8.7,11.1
CA,6071,San Bernardino County,6071004404,6071004404,0.8952,26.0,61523.0,8.9,33.1,6.9,0.0,39.8,6.1,7.9,12.8,14.9
CA,6071,San Bernardino County,6071004503,6071004503,0.1389,10.0,102976.0,1.5,22.7,2.9,4.32,100.0,9.2,3.9,3.2,5.9
CA,6071,San Bernardino County,6071004505,6071004505,0.6418,15.7,67243.0,10.3,43.1,3.5,1.72,45.44,9.3,3.9,10.4,8.9
CA,6071,San Bernardino County,6071004507,6071004507,0.7756,12.2,59826.0,9.8,31.7,4.5,8.02,59.77,8.8,6.1,15.1,2.3
CA,6071,San Bernardino County,6071004509,6071004509,0.6793,11.4,90000.0,5.7,34.6,3.4,7.55,99.34,13.4,8.9,6.6,6.2
CA,6071,San Bernardino County,6071004510,6071004510,0.5754,10.5,76522.0,6.4,36.6,3.1,4.41,87.34,6.5,12.4,2.5,3.4
CA,6071,San Bernardino County,6071004511,6071004511,0.347,8.2,111534.0,3.5,24.5,3.0,0.0,20.18,10.5,4.6,10.2,2.0
CA,6071,San Bernardino County,6071004512,6071004512,0.278,7.2,100029.0,7.1,18.8,0.0,0.56,100.0,15.4,7.8,9.5,0.8
CA,6071,San Bernardino County,6071004601,6071004601,0.5496,13.3,83242.0,9.8,25.6,4.3,1.65,34.77,8.2,7.6,13.5,4.3
CA,6071,San Bernardino County,6071004603,6071004603,0.7427,15.5,67359.0,6.6,44.6,8.1,9.23,74.59,13.1,7.7,13.5,4.1
CA,6071,San Bernardino County,6071004604,6071004604,0.8612,21.7,55750.0,9.6,36.7,4.2,1.46,59.79,11.9,16.5,9.6,6.4
CA,6071,San Bernardino County,6071004700,6071004700,0.9029,21.7,60966.0,14.7,39.8,2.1,0.0,7.12,10.2,4.6,27.2,20.9
CA,6071,San Bernardino County,6071004800,6071004800,0.6702,35.7,50558.0,9.4,39.7,2.0,0.0,4.69,9.5,3.1,30.3,20.0
CA,6071,San Bernardino County,6071004901,6071004901,0.992,24.3,49130.0,17.6,45.3,9.4,8.81,26.84,12.6,2.8,23.6,19.5
CA,6071,San Bernardino County,6071004902,6071004902,0.9614,25.8,49531.0,16.7,36.6,8.1,0.9,79.35,14.5,3.5,28.2,18.7
CA,6071,San Bernardino County,6071005101,6071005101,0.5398,13.4,97630.0,11.3,28.9,0.0,3.71,44.56,15.1,10.6,3.8,4.5
CA,6071,San Bernardino County,6071005102,6071005102,0.8444,15.4,59306.0,12.8,42.1,3.3,5.69,100.0,13.3,11.1,8.8,5.4
CA,6071,San Bernardino County,6071005200,6071005200,0.6377,12.4,72524.0,5.7,34.7,4.8,1.72,98.1,10.7,3.1,5.2,4.2
CA,6071,San Bernardino County,6071005300,6071005300,0.8058,19.9,60712.0,14.3,37.8,0.8,7.81,42.92,23.9,9.5,12.6,7.9
CA,6071,San Bernardino County,6071005400,6071005400,0.9468,20.4,50385.0,16.5,45.1,8.9,3.18,24.72,11.2,7.4,18.6,12.0
CA,6071,San Bernardino County,6071005501,6071005501,0.9342,38.3,38185.0,15.7,48.4,13.9,0.0,68.46,6.3,8.0,17.7,20.6
CA,6071,San Bernardino County,6071005502,6071005502,0.8956,34.1,41912.0,12.0,58.1,9.5,0.0,53.79,12.1,4.0,15.5,7.7
CA,6071,San Bernardino County,6071005601,6071005601,0.954,28.4,46928.0,12.1,53.0,15.1,4.19,74.65,13.8,9.7,15.1,15.4
CA,6071,San Bernardino County,6071005602,6071005602,0.8721,31.0,39420.0,5.1,58.2,17.1,6.1,100.0,13.6,4.7,24.9,21.9
CA,6071,San Bernardino County,6071005701,6071005701,0.9897,52.5,14750.0,17.3,42.3,49.3,39.55,76.1,28.9,4.9,51.6,35.9
CA,6071,San Bernardino County,6071005800,6071005800,0.973,29.8,36250.0,14.7,58.6,17.0,9.08,42.59,22.1,4.9,28.4,15.9
CA,6071,San Bernardino County,6071006101,6071006101,0.5042,7.9,76105.0,11.1,30.4,1.4,4.5,2.56,14.0,3.6,7.6,12.2
CA,6071,San Bernardino County,6071006102,6071006102,0.2814,3.7,106056.0,12.7,20.4,1.2,7.59,88.79,12.6,1.3,8.2,2.8
CA,6071,San Bernardino County,6071006201,6071006201,0.6759,12.8,71461.0,11.8,40.9,2.9,3.72,93.57,13.0,7.0,12.9,4.8
CA,6071,San Bernardino County,6071006203,6071006203,0.9591,36.7,40714.0,10.0,47.6,16.8,9.54,85.99,13.6,6.9,8.4,9.4
CA,6071,San Bernardino County,6071006204,6071006204,0.979,24.3,39605.0,12.2,56.5,12.8,0.0,2.49,17.8,10.1,13.1,14.2
CA,6071,San Bernardino County,6071006301,6071006301,0.8593,14.0,49046.0,9.5,51.6,21.9,0.0,31.33,14.7,4.7,32.3,13.8
CA,6071,San Bernardino County,6071006303,6071006303,0.9295,27.0,42210.0,11.5,48.4,17.0,0.0,72.83,18.4,4.1,30.1,17.1
CA,6071,San Bernardino County,6071006304,6071006304,0.9522,36.3,42917.0,12.3,51.4,2.6,2.82,83.82,15.5,14.4,7.2,11.0
CA,6071,San Bernardino County,6071006401,6071006401,0.9605,28.3,41964.0,16.4,39.6,9.2,3.17,42.9,13.8,3.9,12.2,19.2
CA,6071,San Bernardino County,6071006402,6071006402,0.7134,9.9,62253.0,14.7,36.4,15.5,7.38,30.96,12.8,1.1,17.9,18.1
CA,6071,San Bernardino County,6071006501,6071006501,0.9948,33.9,38853.0,7.2,71.3,21.8,1.49,69.56,12.9,12.2,23.0,10.5
CA,6071,San Bernardino County,6071006502,6071006502,0.7363,30.9,44390.0,12.6,47.9,4.4,0.82,96.56,15.5,3.1,21.0,15.6
CA,6071,San Bernardino County,6071006601,6071006601,0.7835,18.0,59157.0,6.0,41.7,0.8,2.2,70.4,12.0,11.1,16.4,8.7
CA,6071,San Bernardino County,6071006603,6071006603,0.7105,11.8,74867.0,9.2,29.5,2.8,0.0,58.35,9.2,10.0,5.0,12.3
CA,6071,San Bernardino County,6071006604,6071006604,0.5311,10.5,66677.0,3.8,33.1,2.6,0.7,16.29,9.1,1.2,7.9,3.9
CA,6071,San Bernardino County,6071006700,6071006700,0.7719,16.6,50368.0,15.3,44.0,0.7,2.84,38.32,6.7,5.3,18.8,12.8
CA,6071,San Bernardino County,6071007001,6071007001,0.8675,34.9,41815.0,7.8,41.8,6.1,4.63,34.28,12.5,12.7,17.3,8.4
CA,6071,San Bernardino County,6071007002,6071007002,0.7413,19.2,63359.0,11.1,43.5,10.4,3.89,80.12,15.9,0.7,13.9,17.1
CA,6071,San Bernardino County,6071007104,6071007104,0.2886,14.6,120930.0,3.0,17.0,3.7,2.93,88.93,6.0,6.4,3.9,0.9
CA,6071,San Bernardino County,6071007105,6071007105,0.3437,8.9,88725.0,9.2,26.4,0.7,2.42,55.07,12.2,5.3,10.5,1.6
CA,6071,San Bernardino County,6071007106,6071007106,0.5701,5.6,81680.0,4.1,20.9,7.5,0.0,40.77,13.0,6.7,6.9,6.5
CA,6071,San Bernardino County,6071007107,6071007107,0.8792,18.8,58490.0,11.7,50.6,1.1,3.57,48.01,15.8,8.2,11.6,6.2
CA,6071,San Bernardino County,6071007108,6071007108,0.5441,11.5,61740.0,6.8,45.0,4.3,0.0,26.22,8.0,6.7,8.7,1.5
CA,6071,San Bernardino County,6071007110,6071007110,0.3553,6.7,99875.0,3.3,18.9,1.9,7.45,75.89,10.4,9.3,2.3,5.0
CA,6071,San Bernardino County,6071007111,6071007111,0.5658,4.6,81765.0,14.9,37.7,2.1,2.8,56.13,8.9,9.6,4.5,2.7
CA,6071,San Bernardino County,6071007112,6071007112,0.9413,5.6,54956.0,9.5,54.9,14.4,0.0,97.56,11.9,9.4,11.2,3.2
CA,6071,San Bernardino County,6071007201,6071007201,0.8492,15.4,79028.0,4.6,38.1,3.9,3.14,52.67,15.9,8.8,2.8,3.9
CA,6071,San Bernardino County,6071007202,6071007202,0.9481,13.4,58947.0,14.6,30.9,12.0,0.0,19.61,17.4,17.0,30.6,18.6
CA,6071,San Bernardino County,6071007303,6071007303,0.87,29.4,44897.0,5.8,45.7,10.7,5.02,24.56,14.4,7.8,8.7,7.1
CA,6071,San Bernardino County,6071007305,6071007305,0.8457,16.4,52712.0,7.2,42.4,9.0,9.31,39.71,11.1,5.6,15.9,5.0
CA,6071,San Bernardino County,6071007306,6071007306,0.7725,8.7,70863.0,11.6,45.8,11.3,1.85,21.27,14.4,5.7,13.2,7.9
CA,6071,San Bernardino County,6071007307,6071007307,0.2906,4.7,96042.0,6.2,27.3,2.2,4.88,85.62,7.2,10.8,6.4,3.5
CA,6071,San Bernardino County,6071007308,6071007308,0.5875,12.9,81136.0,8.3,36.8,12.6,11.7,95.04,23.8,6.7,11.1,3.0
CA,6071,San Bernardino County,6071007404,6071007404,0.4777,6.9,100088.0,1.0,19.6,1.2,0.0,41.97,16.2,3.2,11.1,3.5
CA,6071,San Bernardino County,6071007407,6071007407,0.846,22.7,58958.0,13.2,50.5,8.4,0.0,13.85,7.0,6.2,13.2,11.9
CA,6071,San Bernardino County,6071007408,6071007408,0.9767,31.2,44435.0,16.5,58.1,6.1,2.01,62.32,16.8,5.1,16.3,12.9
CA,6071,San Bernardino County,6071007409,6071007409,0.6352,12.9,72143.0,12.4,31.2,1.1,0.0,44.42,9.5,4.4,13.7,12.2
CA,6071,San Bernardino County,6071007410,6071007410,0.8656,19.3,54167.0,10.8,49.8,7.3,4.05,13.47,7.7,2.9,25.2,7.3
CA,6071,San Bernardino County,6071007411,6071007411,0.3783,13.7,119375.0,4.4,14.7,0.0,3.22,64.92,15.9,8.2,0.7,1.4
CA,6071,San Bernardino County,6071007412,6071007412,0.8076,13.3,71667.0,19.8,25.1,2.3,1.05,73.26,11.2,9.8,13.6,2.0
CA,6071,San Bernardino County,6071007603,6071007603,0.8754,22.9,55917.0,9.5,42.2,9.3,6.68,95.18,16.2,5.1,28.5,4.4
CA,6071,San Bernardino County,6071007604,6071007604,0.6899,15.0,74390.0,8.7,36.9,1.5,0.26,64.32,11.5,6.0,17.2,6.7
CA,6071,San Bernardino County,6071007605,6071007605,0.9129,19.2,49583.0,26.0,37.8,2.8,2.05,9.21,7.1,11.0,18.5,17.7
CA,6071,San Bernardino County,6071007606,6071007606,0.8872,28.6,42061.0,17.3,54.0,5.9,6.72,51.36,8.0,10.1,18.6,19.5
CA,6071,San Bernardino County,6071007800,6071007800,0.3196,9.7,85991.0,2.9,30.4,2.2,4.12,22.11,6.4,4.3,13.4,2.6
CA,6071,San Bernardino County,6071007903,6071007903,0.2603,4.2,111912.0,0.6,19.1,2.0,1.06,40.46,8.9,2.4,7.1,3.5
CA,6071,San Bernardino County,6071007904,6071007904,0.2666,6.2,153850.0,2.6,14.1,4.0,0.94,78.61,14.1,9.2,7.3,4.0
CA,6071,San Bernardino County,6071007905,6071007905,0.1519,3.6,119767.0,5.1,21.2,0.4,0.64,100.0,11.5,0.7,5.6,3.3
CA,6071,San Bernardino County,6071007906,6071007906,0.1721,9.3,168958.0,4.7,9.4,1.3,4.66,15.16,8.8,4.4,2.8,3.1
CA,6071,San Bernardino County,6071008001,6071008001,0.5717,6.2,92018.0,6.1,26.9,1.7,8.87,96.77,7.3,15.7,16.9,6.5
CA,6071,San Bernardino County,6071008003,6071008003,0.7918,20.0,51076.0,8.8,48.2,8.7,3.27,70.07,22.1,7.8,22.3,9.6
CA,6071,San Bernardino County,6071008004,6071008004,0.7684,28.5,62602.0,23.5,40.9,2.6,0.32,49.1,10.9,14.1,5.2,12.7
CA,6071,San Bernardino County,6071008100,6071008100,0.7104,20.5,57231.0,6.8,44.1,10.8,6.24,66.45,12.6,15.6,7.0,2.2
CA,6071,San Bernardino County,6071008201,6071008201,0.456,9.2,70763.0,1.7,25.5,6.0,8.08,97.59,14.1,7.1,13.1,1.3
CA,6071,San Bernardino County,6071008202,6071008202,0.3063,6.3,97083.0,1.3,20.5,7.0,0.0,41.94,18.6,0.0,18.2,1.9
CA,6071,San Bernardino County,6071008301,6071008301,0.5296,6.4,110393.0,2.8,25.2,5.3,0.0,47.52,14.6,4.0,7.0,1.5
CA,6071,San Bernardino County,6071008302,6071008302,0.046,1.3,145903.0,3.1,13.9,1.0,0.0,77.99,9.5,4.4,4.5,0.3
CA,6071,San Bernardino County,6071008402,6071008402,0.301,4.9,107898.0,1.5,20.6,1.2,3.92,68.5,8.1,4.0,3.3,1.1
CA,6071,San Bernardino County,6071008403,6071008403,0.1277,2.7,120747.0,5.0,8.9,4.0,0.0,79.61,9.0,3.5,7.0,0.6
CA,6071,San Bernardino County,6071008404,6071008404,0.9541,12.0,54063.0,11.9,50.0,10.8,0.0,90.38,18.9,4.9,6.4,9.1
CA,6071,San Bernardino County,6071008405,6071008405,0.3723,16.1,100023.0,2.5,32.2,0.6,4.54,37.43,11.2,1.9,11.9,1.5
CA,6071,San Bernardino County,6071008406,6071008406,0.375,4.6,106429.0,11.8,20.6,4.7,0.0,61.3,8.2,2.8,1.8,3.3
CA,6071,San Bernardino County,6071008501,6071008501,0.0219,1.3,127375.0,1.3,12.9,0.0,4.26,100.0,10.5,3.7,5.1,1.9
CA,6071,San Bernardino County,6071008502,6071008502,0.0146,3.6,230852.0,1.5,12.4,0.9,3.74,90.36,9.1,5.3,2.0,2.1
CA,6071,San Bernardino County,6071008601,6071008601,0.4744,11.3,76866.0,5.9,35.7,7.1,7.19,79.19,14.2,2.5,12.6,3.8
CA,6071,San Bernardino County,6071008602,6071008602,0.6978,13.8,57374.0,5.0,29.2,4.1,4.43,95.61,13.3,6.3,21.1,2.7
CA,6071,San Bernardino County,6071008705,6071008705,0.7799,10.9,71356.0,10.1,35.5,9.5,10.34,93.0,22.3,8.0,18.3,0.8
CA,6071,San Bernardino County,6071008708,6071008708,0.2491,2.0,106512.0,13.0,19.2,1.2,2.28,96.01,8.0,7.1,17.8,1.9
CA,6071,San Bernardino County,6071008709,6071008709,0.5671,10.6,62064.0,1.8,35.9,5.1,0.0,100.0,13.4,4.4,13.7,3.7
CA,6071,San Bernardino County,6071008710,6071008710,0.8262,16.5,43375.0,6.8,37.6,7.4,7.7,56.55,17.4,6.3,9.4,10.0
CA,6071,San Bernardino County,6071008711,6071008711,0.1511,9.4,131406.0,1.5,20.7,1.2,0.12,58.98,13.8,4.4,4.8,1.4
CA,6071,San Bernardino County,6071008712,6071008712,0.1482,2.2,161250.0,4.4,10.7,4.9,4.32,1.17,8.2,0.6,1.2,0.6
CA,6071,San Bernardino County,6071008713,6071008713,0.7003,12.1,56336.0,8.4,33.6,17.7,1.85,43.38,18.6,8.3,15.8,3.3
CA,6071,San Bernardino County,6071008714,6071008714,0.8519,17.0,55930.0,12.0,39.3,9.4,0.0,95.25,11.3,15.8,6.6,5.7
CA,6071,San Bernardino County,6071008715,6071008715,0.0954,3.2,140000.0,2.5,17.9,2.5,0.0,28.71,6.4,8.0,11.7,0.2
CA,6071,San Bernardino County,6071008716,6071008716,0.4423,5.3,103854.0,5.9,22.9,2.7,6.31,26.75,6.4,5.2,3.1,1.0
CA,6071,San Bernardino County,6071008800,6071008800,0.5066,9.7,84505.0,7.5,22.9,3.7,0.0,51.99,11.6,6.2,8.0,1.4
CA,6071,San Bernardino County,6071008901,6071008901,0.5863,20.0,54276.0,9.1,23.4,9.0,2.12,99.19,18.5,7.6,11.7,0.3
CA,6071,San Bernardino County,6071009109,6071009109,0.4856,8.7,59077.0,7.7,34.7,0.6,0.0,92.58,7.2,12.7,16.1,6.2
CA,6071,San Bernardino County,6071009119,6071009119,0.4665,10.3,102000.0,12.3,23.6,1.5,3.66,92.87,17.5,6.4,9.9,3.4
CA,6071,San Bernardino County,6071009120,6071009120,0.7096,16.1,58076.0,10.5,47.3,0.0,3.34,100.0,15.1,15.4,16.0,4.5
CA,6071,San Bernardino County,6071009121,6071009121,0.444,9.3,75435.0,7.7,30.3,0.0,3.33,70.26,13.5,11.8,8.1,6.2
CA,6071,San Bernardino County,6071009122,6071009122,0.8461,24.8,79259.0,4.9,28.8,6.8,2.12,1.76,16.2,16.4,9.0,5.4
CA,6071,San Bernardino County,6071009123,6071009123,0.6709,19.3,73191.0,20.5,42.6,0.0,3.31,63.28,10.6,10.3,17.0,4.9
CA,6071,San Bernardino County,6071009124,6071009124,0.5998,10.7,72756.0,10.0,38.3,1.8,9.77,0.45,13.6,11.9,0.0,5.7
CA,6071,San Bernardino County,6071009125,6071009125,0.7452,15.6,80827.0,14.9,22.4,11.9,7.32,99.3,13.7,6.3,12.2,8.1
CA,6071,San Bernardino County,6071009126,6071009126,0.597,9.2,100789.0,6.2,25.2,3.9,4.22,7.36,17.5,11.4,10.5,5.9
CA,6071,San Bernardino County,6071009127,6071009127,0.4223,16.0,82799.0,9.6,32.0,2.3,4.46,86.73,11.3,8.7,4.7,2.9
CA,6071,San Bernardino County,6071009128,6071009128,0.6683,16.5,75581.0,8.7,29.5,2.5,4.6,99.7,15.7,6.6,3.0,9.0
CA,6071,San Bernardino County,6071009129,6071009129,0.7742,11.7,68623.0,6.9,43.0,4.9,1.76,100.0,14.8,10.6,2.6,4.2
CA,6071,San Bernardino County,6071009130,6071009130,0.475,15.1,75625.0,14.1,29.7,0.7,7.11,49.08,9.8,5.8,9.0,11.1
CA,6071,San Bernardino County,6071009131,6071009131,0.9955,32.3,35186.0,8.6,44.6,17.8,7.93,46.41,25.1,18.5,17.2,6.7
CA,6071,San Bernardino County,6071009132,6071009132,0.972,44.3,41544.0,8.4,42.9,13.1,18.65,0.0,17.5,10.0,6.0,8.6
CA,6071,San Bernardino County,6071009133,6071009133,0.8628,9.9,52409.0,12.2,28.7,0.8,5.53,98.92,14.5,17.7,7.0,8.5
CA,6071,San Bernardino County,6071009134,6071009134,0.8733,20.2,46131.0,18.5,57.7,9.4,1.87,100.0,11.6,8.0,14.8,3.4
CA,6071,San Bernardino County,6071009135,6071009135,0.6385,14.2,81385.0,11.5,20.5,3.8,0.0,84.12,12.0,17.3,5.5,3.7
CA,6071,San Bernardino County,6071009136,6071009136,0.6608,6.4,70349.0,5.7,35.9,0.0,0.61,89.37,20.2,11.9,10.7,4.8
CA,6071,San Bernardino County,6071009137,6071009137,0.5746,12.4,90230.0,8.1,48.9,9.5,22.32,100.0,14.3,1.3,19.7,6.9
CA,6071,San Bernardino County,6071009138,6071009138,0.55,33.8,71011.0,8.7,27.6,3.4,1.41,84.19,24.7,4.0,0.0,3.6
CA,6071,San Bernardino County,6071009139,6071009139,0.1491,7.4,170616.0,5.8,6.3,0.0,0.38,81.91,5.6,5.3,5.7,8.7
CA,6071,San Bernardino County,6071009201,6071009201,0.2229,14.6,70882.0,2.4,34.2,2.5,3.01,71.68,15.7,2.4,9.0,1.3
CA,6071,San Bernardino County,6071009202,6071009202,0.5809,14.7,53636.0,8.2,33.9,5.0,1.95,96.32,21.3,8.2,15.7,2.4
CA,6071,San Bernardino County,6071009300,6071009300,0.4098,17.9,59375.0,5.9,22.5,10.7,1.17,100.0,13.2,15.4,26.6,2.0
CA,6071,San Bernardino County,6071009400,6071009400,0.9694,32.5,38393.0,7.9,41.0,17.9,22.69,63.79,18.0,15.2,31.9,7.6
CA,6071,San Bernardino County,6071009501,6071009501,0.8478,17.0,40355.0,4.4,42.9,22.9,3.56,26.5,25.4,7.3,26.5,0.0
CA,6071,San Bernardino County,6071009502,6071009502,0.8256,23.7,49799.0,5.2,33.6,17.4,0.0,96.23,17.7,13.6,38.1,2.9
CA,6071,San Bernardino County,6071009708,6071009708,0.534,19.0,68140.0,6.1,27.1,4.3,0.0,98.63,22.4,12.3,10.4,1.6
CA,6071,San Bernardino County,6071009709,6071009709,0.7285,22.6,56798.0,9.4,41.9,5.0,8.79,81.81,15.0,8.7,7.9,4.8
CA,6071,San Bernardino County,6071009712,6071009712,0.8346,29.5,45152.0,4.2,47.1,6.3,7.6,90.09,14.2,8.9,5.1,4.3
CA,6071,San Bernardino County,6071009713,6071009713,0.6059,9.2,61477.0,14.2,36.5,1.2,0.41,100.0,21.2,14.1,3.5,4.9
CA,6071,San Bernardino County,6071009714,6071009714,0.5845,16.1,47463.0,6.4,34.1,1.3,5.67,94.6,15.9,6.8,9.4,3.7
CA,6071,San Bernardino County,6071009717,6071009717,0.35,10.5,78090.0,6.7,29.3,1.5,2.64,100.0,15.5,10.8,5.1,0.9
CA,6071,San Bernardino County,6071009718,6071009718,0.1963,7.4,51894.0,1.4,36.2,5.6,1.65,68.4,29.4,11.5,7.8,3.1
CA,6071,San Bernardino County,6071009719,6071009719,0.616,18.5,80469.0,2.7,35.0,1.7,2.03,2.98,11.8,9.3,6.9,1.4
CA,6071,San Bernardino County,6071009720,6071009720,0.7354,12.5,57764.0,14.1,46.2,0.3,7.41,72.46,10.6,13.2,6.5,9.8
CA,6071,San Bernardino County,6071009721,6071009721,0.7217,33.8,47264.0,4.6,46.3,1.5,3.41,21.91,16.1,8.8,12.3,4.1
CA,6071,San Bernardino County,6071009722,6071009722,0.5355,10.3,85521.0,5.3,30.1,9.3,0.0,100.0,16.3,4.4,6.5,4.9
CA,6071,San Bernardino County,6071009723,6071009723,0.4015,7.3,102382.0,5.5,26.5,0.0,3.71,100.0,13.5,5.0,8.3,2.1
CA,6071,San Bernardino County,6071009724,6071009724,0.0459,1.9,106953.0,2.7,14.0,0.5,7.49,100.0,12.3,3.2,7.2,0.0
CA,6071,San Bernardino County,6071009725,6071009725,0.6123,3.8,93504.0,8.1,23.7,3.4,2.35,84.86,13.1,8.6,8.5,2.2
CA,6071,San Bernardino County,6071009726,6071009726,0.3861,7.4,57428.0,11.2,24.8,2.3,3.74,14.34,15.2,5.0,8.4,2.9
CA,6071,San Bernardino County,6071009727,6071009727,0.8195,44.8,30647.0,10.3,71.0,9.6,9.46,97.31,14.1,16.1,13.4,4.2
CA,6071,San Bernardino County,6071009800,6071009800,0.9752,26.7,31027.0,17.1,57.7,10.0,19.18,100.0,12.0,13.2,16.1,7.1
CA,6071,San Bernardino County,6071009906,6071009906,0.643,17.1,71630.0,8.2,40.5,4.1,0.0,76.83,12.2,15.0,5.5,7.3
CA,6071,San Bernardino County,6071009908,6071009908,0.6573,16.2,72538.0,3.2,36.8,3.2,3.23,51.3,11.4,6.1,9.1,7.5
CA,6071,San Bernardino County,6071009910,6071009910,0.6535,16.0,69508.0,9.8,34.4,3.0,3.1,44.56,11.2,5.8,4.0,4.6
CA,6071,San Bernardino County,6071009911,6071009911,0.7707,23.5,73365.0,11.2,43.4,4.0,0.0,97.89,15.0,12.2,7.3,10.8
CA,6071,San Bernardino County,6071009912,6071009912,0.9145,29.8,36048.0,4.6,49.2,11.7,18.18,95.66,21.9,9.3,9.5,7.3
CA,6071,San Bernardino County,6071009913,6071009913,0.9649,23.6,55638.0,8.3,44.8,11.1,9.58,84.77,16.5,14.1,8.4,5.1
CA,6071,San Bernardino County,6071009914,6071009914,0.9435,21.8,35956.0,18.1,68.0,0.0,5.19,2.2,21.5,7.7,12.8,1.4
CA,6071,San Bernardino County,6071009915,6071009915,0.1545,4.4,85400.0,6.0,26.6,0.0,4.08,68.62,5.8,0.4,2.5,0.5
CA,6071,San Bernardino County,6071009916,6071009916,0.8333,38.0,53631.0,10.5,53.3,2.1,5.05,33.15,14.3,9.7,10.5,6.6
CA,6071,San Bernardino County,6071009917,6071009917,0.8506,13.0,53520.0,6.2,44.9,12.2,6.93,91.96,17.1,12.7,1.8,2.2
CA,6071,San Bernardino County,6071009918,6071009918,0.8034,15.5,90230.0,7.5,31.7,13.5,4.0,90.35,18.3,11.4,11.3,23.3
CA,6071,San Bernardino County,6071010009,6071010009,0.7056,19.9,85732.0,8.9,29.3,1.8,2.41,92.24,13.5,8.7,1.7,3.5
CA,6071,San Bernardino County,6071010010,6071010010,0.7969,23.1,62202.0,13.9,39.8,6.2,0.0,74.19,16.9,8.8,9.1,6.2
CA,6071,San Bernardino County,6071010011,6071010011,0.6289,14.6,60568.0,16.8,45.2,2.0,5.24,48.63,9.3,5.1,7.5,7.3
CA,6071,San Bernardino County,6071010012,6071010012,0.7002,13.0,60969.0,3.6,36.8,2.2,4.73,93.97,13.2,14.8,5.1,9.3
CA,6071,San Bernardino County,6071010014,6071010014,0.8382,23.8,40923.0,13.9,49.1,3.3,2.96,71.53,10.6,12.5,2.6,13.0
CA,6071,San Bernardino County,6071010015,6071010015,0.6371,9.3,75688.0,9.7,35.9,6.7,0.0,87.93,12.3,12.6,6.8,8.8
CA,6071,San Bernardino County,6071010016,6071010016,0.6687,23.3,65829.0,7.6,37.8,1.5,0.4,76.05,12.7,11.6,5.1,4.9
CA,6071,San Bernardino County,6071010019,6071010019,0.7267,31.1,62520.0,12.5,26.8,6.0,7.4,76.06,10.0,3.6,10.2,5.5
CA,6071,San Bernardino County,6071010021,6071010021,0.5537,18.1,80411.0,11.8,36.3,5.3,2.88,96.32,13.5,8.6,4.3,4.9
CA,6071,San Bernardino County,6071010022,6071010022,0.6086,16.6,59391.0,6.7,33.5,2.4,2.33,96.87,12.8,6.2,5.2,6.5
CA,6071,San Bernardino County,6071010023,6071010023,0.3452,9.0,68625.0,6.9,34.9,2.0,0.0,98.37,7.6,11.6,6.4,3.6
CA,6071,San Bernardino County,6071010024,6071010024,0.68,16.2,64899.0,9.9,37.9,6.1,0.0,100.0,19.0,8.3,9.0,3.9
CA,6071,San Bernardino County,6071010027,6071010027,0.2883,7.7,77076.0,2.1,25.0,1.8,7.07,16.91,18.8,6.8,1.8,2.7
CA,6071,San Bernardino County,6071010028,6071010028,0.4684,27.7,70603.0,12.9,35.7,0.0,6.93,16.84,10.4,12.8,3.0,6.2
CA,6071,San Bernardino County,6071010029,6071010029,0.5045,10.7,69722.0,7.4,27.9,1.8,2.14,60.19,10.6,14.5,13.3,8.3
CA,6071,San Bernardino County,6071010030,6071010030,0.5798,12.7,90111.0,18.5,28.5,5.6,6.88,69.68,10.8,4.8,2.6,8.7
CA,6071,San Bernardino County,6071010031,6071010031,0.7305,10.5,86528.0,9.8,30.7,4.8,3.06,45.11,14.4,9.2,13.9,8.6
CA,6071,San Bernardino County,6071010032,6071010032,0.7598,23.9,62899.0,8.3,45.9,1.2,10.64,71.89,6.5,10.3,0.5,2.8
CA,6071,San Bernardino County,6071010033,6071010033,0.9293,42.7,22115.0,4.6,54.4,18.2,4.4,79.55,27.5,19.9,12.8,4.6
CA,6071,San Bernardino County,6071010034,6071010034,0.3201,16.7,81154.0,5.6,33.3,7.5,1.18,75.08,8.6,1.4,9.2,4.9
CA,6071,San Bernardino County,6071010035,6071010035,0.9502,24.0,43393.0,8.8,48.4,1.6,0.0,97.8,15.9,12.2,0.8,10.0
CA,6071,San Bernardino County,6071010036,6071010036,0.7979,22.5,49109.0,4.1,48.2,4.4,0.0,60.49,9.3,9.3,9.4,4.4
CA,6071,San Bernardino County,6071010037,6071010037,0.8592,25.2,58691.0,10.2,43.8,6.1,0.0,63.15,12.0,11.2,13.0,7.0
CA,6071,San Bernardino County,6071010038,6071010038,0.6429,14.8,67566.0,5.4,35.8,3.1,0.31,99.59,14.8,19.3,21.8,7.1
CA,6071,San Bernardino County,6071010039,6071010039,0.2617,5.2,75577.0,4.1,43.6,1.0,0.01,84.44,19.1,9.7,8.1,1.0
CA,6071,San Bernardino County,6071010040,6071010040,0.0215,0.0,185128.0,3.6,9.1,0.0,2.47,100.0,28.7,0.0,0.0,0.5
CA,6071,San Bernardino County,6071010041,6071010041,0.1585,6.2,107673.0,4.5,12.8,3.6,7.87,56.21,6.0,5.2,3.3,5.2
CA,6071,San Bernardino County,6071010042,6071010042,0.1235,4.2,96994.0,9.0,9.1,0.0,9.17,12.28,6.5,9.4,0.0,6.3
CA,6071,San Bernardino County,6071010300,6071010300,0.8739,24.0,51643.0,7.8,30.3,8.0,7.68,99.78,18.6,21.1,20.9,9.1
CA,6071,San Bernardino County,6071010402,6071010402,0.1659,6.5,53167.0,2.0,30.6,1.0,3.95,99.82,3.3,1.8,2.0,3.0
CA,6071,San Bernardino County,6071010410,6071010410,0.6291,23.1,43472.0,5.2,43.1,10.4,16.38,100.0,17.9,7.7,10.9,2.9
CA,6071,San Bernardino County,6071010413,6071010413,0.8376,21.9,46875.0,9.2,35.9,11.2,6.34,95.86,24.9,9.6,12.7,3.0
CA,6071,San Bernardino County,6071010415,6071010415,0.4956,25.5,60109.0,4.6,37.8,4.0,6.27,80.18,22.8,7.9,10.1,0.9
CA,6071,San Bernardino County,6071010417,6071010417,0.6285,25.8,44600.0,13.4,37.0,6.9,0.0,100.0,20.0,9.7,8.9,1.4
CA,6071,San Bernardino County,6071010419,6071010419,0.5874,20.1,72739.0,7.9,32.1,6.6,10.45,95.37,21.9,11.1,9.5,0.9
CA,6071,San Bernardino County,6071010420,6071010420,0.6209,21.3,45280.0,8.0,36.9,6.9,10.42,100.0,20.4,7.4,5.5,1.0
CA,6071,San Bernardino County,6071010422,6071010422,0.4208,16.2,61346.0,5.8,25.3,2.6,6.51,95.04,11.6,6.0,14.8,4.7
CA,6071,San Bernardino County,6071010424,6071010424,0.5878,34.6,45673.0,8.2,33.9,6.8,0.81,94.62,28.9,17.1,14.7,1.1
CA,6071,San Bernardino County,6071010425,6071010425,0.1879,31.0,46359.0,2.0,14.3,1.4,0.25,24.24,23.8,4.2,29.7,2.4
CA,6071,San Bernardino County,6071010426,6071010426,0.5893,25.0,58813.0,6.6,35.6,0.9,0.0,69.05,22.5,7.7,8.4,2.8
CA,6071,San Bernardino County,6071010427,6071010427,0.7936,22.3,29484.0,5.4,54.9,13.9,2.59,12.4,14.8,16.3,22.3,6.0
CA,6071,San Bernardino County,6071010428,6071010428,0.6019,24.8,50833.0,8.4,39.6,3.4,3.68,94.92,16.4,6.6,11.3,6.8
CA,6071,San Bernardino County,6071010429,6071010429,0.4711,18.1,70889.0,5.8,24.3,0.6,2.59,99.2,17.3,6.0,6.6,0.5
CA,6071,San Bernardino County,6071010430,6071010430,0.2733,11.8,84755.0,2.2,22.5,1.1,1.21,48.98,15.8,1.4,6.1,1.3
CA,6071,San Bernardino County,6071010431,6071010431,0.7223,15.5,56167.0,45.9,20.2,10.5,3.58,35.02,14.2,11.3,19.0,6.1
CA,6071,San Bernardino County,6071010432,6071010432,0.4514,7.1,52292.0,4.1,33.2,0.0,2.06,16.01,18.0,8.6,13.3,0.0
CA,6071,San Bernardino County,6071010433,6071010433,0.5515,27.2,41795.0,3.0,44.5,5.7,0.0,82.16,12.1,10.7,3.4,0.0
CA,6071,San Bernardino County,6071010434,6071010434,0.3926,12.6,65200.0,6.7,40.6,8.5,2.66,22.41,36.5,3.5,13.5,5.0
CA,6071,San Bernardino County,6071010435,6071010435,0.4668,23.5,38108.0,8.2,32.8,3.2,7.46,47.61,39.4,14.6,18.0,0.0
CA,6071,San Bernardino County,6071010436,6071010436,0.5119,25.1,40255.0,18.6,29.3,2.6,0.82,84.71,26.4,7.9,24.1,0.0
CA,6071,San Bernardino County,6071010700,6071010700,0.7442,33.4,35453.0,2.7,44.1,7.1,9.65,100.0,36.9,12.6,7.4,1.0
CA,6071,San Bernardino County,6071010803,6071010803,0.1795,11.4,75294.0,11.4,33.8,2.6,2.43,90.51,7.6,6.9,5.0,0.0
CA,6071,San Bernardino County,6071010804,6071010804,0.2607,7.0,80441.0,4.6,29.9,2.2,5.4,47.02,13.9,1.4,11.0,2.4
CA,6071,San Bernardino County,6071010805,6071010805,0.4181,10.4,77115.0,1.0,33.9,6.3,7.0,10.38,12.8,6.6,3.9,2.5
CA,6071,San Bernardino County,6071010806,6071010806,0.4799,14.3,76535.0,7.8,22.2,0.0,6.19,79.96,10.1,7.0,0.0,0.2
CA,6071,San Bernardino County,6071010903,6071010903,0.1243,11.6,116250.0,9.8,24.0,2.7,7.43,98.27,7.5,0.0,5.4,0.0
CA,6071,San Bernardino County,6071010904,6071010904,0.5274,18.7,81005.0,8.6,34.7,10.1,1.35,12.67,19.6,1.1,8.1,0.0
CA,6071,San Bernardino County,6071010905,6071010905,0.1246,2.6,101490.0,2.2,19.0,2.2,1.66,96.41,9.6,11.9,0.0,1.6
CA,6071,San Bernardino County,6071010906,6071010906,0.6648,19.8,53191.0,4.3,46.8,4.9,1.61,2.13,21.1,12.1,5.7,3.1
CA,6071,San Bernardino County,6071011002,6071011002,0.3085,12.4,102768.0,6.6,28.9,0.0,4.64,91.91,12.0,15.3,6.6,1.8
CA,6071,San Bernardino County,6071011003,6071011003,0.1858,11.2,84654.0,8.5,32.7,0.0,3.07,6.75,8.5,4.7,2.4,0.0
CA,6071,San Bernardino County,6071011004,6071011004,0.383,14.2,73490.0,12.1,28.4,0.0,11.29,19.24,4.3,6.7,12.7,10.3
CA,6071,San Bernardino County,6071011101,6071011101,0.148,8.1,84949.0,1.9,21.0,3.4,6.49,69.79,11.3,4.6,8.2,1.0
CA,6071,San Bernardino County,6071011102,6071011102,0.3017,4.3,75750.0,6.5,33.5,3.0,6.25,97.95,16.7,4.3,4.6,0.4
CA,6071,San Bernardino County,6071011203,6071011203,0.4322,7.4,83029.0,7.7,20.7,4.5,1.95,75.52,13.0,1.7,9.1,0.0
CA,6071,San Bernardino County,6071011204,6071011204,0.0669,10.0,127000.0,5.1,17.7,0.0,0.0,79.09,5.8,5.6,3.8,0.0
CA,6071,San Bernardino County,6071011205,6071011205,0.7904,22.0,40395.0,12.7,54.6,14.5,1.64,100.0,8.9,4.7,11.3,4.1
CA,6071,San Bernardino County,6071011206,6071011206,0.7274,22.3,44545.0,16.0,32.4,21.8,25.16,98.98,11.1,18.2,0.0,2.2
CA,6071,San Bernardino County,6071011300,6071011300,0.2383,4.5,93958.0,3.8,19.9,2.5,1.11,98.67,17.9,9.2,8.5,1.9
CA,6071,San Bernardino County,6071011404,6071011404,0.6015,16.5,69375.0,11.5,39.5,1.2,0.37,91.39,13.6,8.6,7.7,0.1
CA,6071,San Bernardino County,6071011405,6071011405,0.123,15.1,72750.0,8.5,22.6,2.7,2.98,54.06,9.6,3.5,7.5,2.0
CA,6071,San Bernardino County,6071011406,6071011406,0.4573,17.6,71250.0,11.6,40.2,3.9,0.0,86.86,9.4,9.8,1.6,4.0
CA,6071,San Bernardino County,6071011407,6071011407,0.4242,7.0,68388.0,5.6,39.9,0.0,0.0,61.48,16.7,6.4,5.6,1.6
CA,6071,San Bernardino County,6071011408,6071011408,0.3853,34.4,46675.0,18.1,42.1,0.0,3.67,22.4,15.2,7.2,3.1,1.0
CA,6071,San Bernardino County,6071011500,6071011500,0.5314,11.5,81458.0,10.8,34.2,2.1,3.83,100.0,11.3,4.6,6.5,2.8
CA,6071,San Bernardino County,6071011601,6071011601,0.0866,2.2,105993.0,3.8,16.6,0.0,1.06,84.69,7.6,2.8,6.7,2.2
CA,6071,San Bernardino County,6071011602,6071011602,0.2275,16.0,54887.0,8.1,1.0,0.0,6.5,16.6,12.8,30.0,54.6,0.1
CA,6071,San Bernardino County,6071011700,6071011700,0.8403,19.4,41775.0,12.4,39.0,1.6,2.36,100.0,17.9,6.4,28.4,8.8
CA,6071,San Bernardino County,6071011801,6071011801,0.5963,15.8,86023.0,5.4,22.9,0.0,4.68,22.21,15.4,6.0,14.7,1.5
CA,6071,San Bernardino County,6071011802,6071011802,0.6588,17.6,72781.0,11.4,25.7,11.6,8.41,17.14,14.0,5.2,20.6,0.0
CA,6071,San Bernardino County,6071011900,6071011900,0.5656,22.5,58261.0,4.9,15.0,8.6,10.93,100.0,16.2,9.7,26.0,1.6
CA,6071,San Bernardino County,6071012001,6071012001,0.7719,24.1,69909.0,6.6,23.4,7.0,0.0,71.32,12.4,9.1,18.6,0.7
CA,6071,San Bernardino County,6071012002,6071012002,0.7034,20.5,52762.0,8.3,36.2,3.3,0.0,21.58,15.8,3.8,23.6,3.5
CA,6071,San Bernardino County,6071012101,6071012101,0.6584,18.7,77865.0,3.1,30.7,4.1,6.63,97.89,12.3,9.7,3.4,1.1
CA,6071,San Bernardino County,6071012103,6071012103,0.8409,33.4,40129.0,14.1,41.8,6.5,14.4,91.05,21.4,24.5,22.8,9.8
CA,6071,San Bernardino County,6071012105,6071012105,0.455,9.8,85000.0,8.0,24.8,1.0,1.49,29.61,14.9,7.8,19.4,3.1
CA,6071,San Bernardino County,6071012106,6071012106,0.9479,37.1,90230.0,4.5,38.4,12.7,7.61,43.67,13.8,17.8,24.3,10.1
CA,6071,San Bernardino County,6071012201,6071012201,0.6918,13.1,110841.0,5.3,21.8,5.2,0.0,2.22,6.4,7.8,4.9,8.0
CA,6071,San Bernardino County,6071012202,6071012202,0.4999,55.6,90230.0,11.1,28.3,4.5,2.44,33.47,33.3,0.0,7.2,5.7
CA,6071,San Bernardino County,6071012300,6071012300,0.4999,61.5,90230.0,15.4,28.3,4.5,0.0,5.1,0.0,0.0,7.2,6.9
CA,6071,San Bernardino County,6071012400,6071012400,0.6728,9.9,76852.0,14.3,26.0,6.3,3.5,24.61,10.4,6.5,11.3,17.0
CA,6071,San Bernardino County,6071012500,6071012500,0.7041,12.8,80625.0,6.5,23.1,10.4,10.09,59.58,16.3,5.0,14.4,15.6
CA,6071,San Bernardino County,6071012700,6071012700,0.5262,7.5,92991.0,6.9,27.3,0.6,2.51,100.0,6.7,9.2,2.3,4.9
CA,6071,San Bernardino County,6071025000,6071025000,0.4071,11.4,63196.0,2.2,52.0,0.6,0.0,96.98,4.4,15.4,4.3,0.3
CA,6071,San Bernardino County,6071025100,6071025100,0.5973,17.1,48750.0,13.8,20.9,12.6,18.72,100.0,28.3,22.8,19.7,0.2
CA,6071,San Bernardino County,6071940100,6071940100,0.4634,15.0,41429.0,13.9,15.0,4.3,4.21,97.13,23.3,11.7,9.9,0.0
CA,6071,San Bernardino County,6071980100,6071980100,0.4999,100.0,90230.0,0.0,28.3,4.5,2.45,77.99,100.0,5.8,7.2,0.0
CA,6071,San Bernardino County,6071980200,6071980200,0.4999,10.0,90230.0,5.8,28.3,4.5,6.98,93.55,10.5,5.8,7.2,15.4
CA,6073,San Diego County,6073000100,6073000100,0.0834,1.8,194643.0,1.4,12.5,3.5,4.58,93.35,15.1,1.6,4.2,3.9
CA,6073,San Diego County,6073000201,6073000201,0.1822,8.4,115449.0,0.7,22.2,12.8,2.13,37.75,12.2,2.7,8.0,1.1
CA,6073,San Diego County,6073000202,6073000202,0.2384,2.6,108780.0,5.5,25.9,3.3,1.29,37.83,9.3,4.3,4.9,3.2
CA,6073,San Diego County,6073000301,6073000301,0.159,15.9,92619.0,4.4,27.8,6.9,2.42,88.97,9.0,3.9,7.4,0.0
CA,6073,San Diego County,6073000302,6073000302,0.4725,6.0,85568.0,9.8,33.3,3.5,2.97,1.96,11.8,4.8,7.0,0.9
CA,6073,San Diego County,6073000400,6073000400,0.2889,7.0,86688.0,0.8,32.5,11.7,0.0,14.49,9.6,9.1,6.7,2.2
CA,6073,San Diego County,6073000500,6073000500,0.2914,6.6,97546.0,5.1,24.6,10.5,34.27,77.35,10.4,8.5,8.7,2.1
CA,6073,San Diego County,6073000600,6073000600,0.1267,4.7,97097.0,2.0,26.1,7.3,0.48,2.04,8.4,3.2,6.4,3.2
CA,6073,San Diego County,6073000700,6073000700,0.2298,8.4,99375.0,2.1,24.8,7.8,1.96,35.61,7.8,2.3,6.5,5.4
CA,6073,San Diego County,6073000800,6073000800,0.2204,8.8,78924.0,6.9,35.8,2.3,0.0,2.47,8.1,5.6,7.6,3.1
CA,6073,San Diego County,6073000901,6073000901,0.2357,5.3,99353.0,14.9,29.4,10.0,0.0,65.76,5.4,3.7,4.3,3.3
CA,6073,San Diego County,6073000902,6073000902,0.4809,13.9,75682.0,7.8,27.1,17.9,4.11,26.08,16.8,2.2,12.3,13.5
CA,6073,San Diego County,6073001000,6073001000,0.1576,9.5,83253.0,1.7,33.5,0.8,2.35,9.35,7.7,4.1,4.8,1.4
CA,6073,San Diego County,6073001100,6073001100,0.1507,3.4,91161.0,8.1,28.6,4.3,3.47,86.74,7.7,4.5,6.0,1.4
CA,6073,San Diego County,6073001201,6073001201,0.3935,9.5,70795.0,11.0,35.9,12.8,1.12,39.37,8.6,8.7,9.7,7.5
CA,6073,San Diego County,6073001202,6073001202,0.3207,13.6,96250.0,7.5,31.7,7.5,0.0,56.29,6.2,9.2,6.6,3.2
CA,6073,San Diego County,6073001301,6073001301,0.1987,6.8,97125.0,13.2,26.2,7.1,1.63,24.27,6.9,3.4,2.1,0.8
CA,6073,San Diego County,6073001302,6073001302,0.0722,7.3,82898.0,1.0,39.0,3.9,5.93,96.25,5.6,1.7,1.9,1.4
CA,6073,San Diego County,6073001400,6073001400,0.1649,12.0,87911.0,5.3,28.9,7.3,0.0,13.71,5.2,6.1,3.9,2.1
CA,6073,San Diego County,6073001500,6073001500,0.1611,3.4,93387.0,5.3,27.6,5.2,2.38,15.33,10.0,3.4,6.9,3.5
CA,6073,San Diego County,6073001600,6073001600,0.7375,16.5,56900.0,16.9,51.0,11.7,0.05,58.23,10.5,7.8,10.3,3.6
CA,6073,San Diego County,6073001700,6073001700,0.354,8.7,93382.0,10.5,27.4,6.1,0.0,59.66,12.0,4.8,7.3,1.8
CA,6073,San Diego County,6073001801,6073001801,0.3768,17.9,64355.0,3.4,56.6,0.6,4.2,44.67,9.7,1.2,0.0,8.5
CA,6073,San Diego County,6073001802,6073001802,0.2649,9.6,79172.0,9.6,36.2,10.9,0.81,45.25,6.5,5.2,4.0,1.1
CA,6073,San Diego County,6073001900,6073001900,0.2619,9.0,125347.0,5.8,26.2,6.9,0.0,52.09,13.2,1.6,1.3,1.2
CA,6073,San Diego County,6073002001,6073002001,0.0871,4.8,180909.0,1.5,11.9,0.6,3.66,34.94,9.7,10.3,1.8,0.6
CA,6073,San Diego County,6073002002,6073002002,0.0679,8.5,158652.0,3.3,12.8,4.4,0.09,32.54,10.1,2.5,2.4,0.0
CA,6073,San Diego County,6073002100,6073002100,0.4209,13.5,74672.0,7.6,38.6,5.5,0.0,100.0,9.2,4.7,7.2,6.2
CA,6073,San Diego County,6073002201,6073002201,0.897,34.7,36037.0,15.7,61.0,16.8,2.25,22.45,9.9,9.4,8.4,14.2
CA,6073,San Diego County,6073002202,6073002202,0.9584,25.0,50380.0,17.2,51.1,21.1,6.87,91.49,10.5,3.4,12.7,23.9
CA,6073,San Diego County,6073002301,6073002301,0.5233,7.8,73505.0,10.6,37.4,10.5,0.81,51.27,10.2,5.0,5.2,9.1
CA,6073,San Diego County,6073002302,6073002302,0.9308,23.0,37333.0,22.6,59.3,27.0,2.37,9.78,12.8,12.4,23.0,31.8
CA,6073,San Diego County,6073002401,6073002401,0.6925,19.1,70332.0,13.8,41.2,10.6,0.0,6.61,11.9,4.8,6.3,11.4
CA,6073,San Diego County,6073002402,6073002402,0.9384,25.3,54554.0,17.1,66.0,14.9,0.0,0.0,14.8,6.7,12.6,17.0
CA,6073,San Diego County,6073002501,6073002501,0.8634,25.3,63705.0,16.1,37.7,10.3,4.17,50.22,11.6,10.6,3.1,11.6
CA,6073,San Diego County,6073002502,6073002502,0.7686,21.8,87632.0,21.2,25.4,7.7,2.98,69.99,10.3,14.5,5.6,9.5
CA,6073,San Diego County,6073002601,6073002601,0.9274,26.5,56042.0,12.2,51.4,7.9,10.7,5.16,8.1,4.1,14.8,24.9
CA,6073,San Diego County,6073002602,6073002602,0.9275,23.0,53576.0,11.3,51.7,8.3,2.42,2.66,19.1,7.2,6.0,14.9
CA,6073,San Diego County,6073002702,6073002702,0.6843,14.4,70066.0,6.8,44.6,13.2,2.63,56.25,10.7,4.9,4.4,6.5
CA,6073,San Diego County,6073002703,6073002703,0.5454,15.5,78037.0,10.5,32.7,0.5,7.36,51.65,13.0,3.9,6.5,6.7
CA,6073,San Diego County,6073002705,6073002705,0.8415,12.1,61591.0,7.0,39.9,8.6,0.0,53.73,12.4,11.3,17.4,22.1
CA,6073,San Diego County,6073002707,6073002707,0.9563,36.0,42581.0,25.4,58.3,17.6,6.87,3.82,10.7,5.4,28.3,34.7
CA,6073,San Diego County,6073002708,6073002708,0.9179,26.8,32307.0,12.8,68.3,27.5,8.86,99.85,10.1,7.0,20.4,22.2
CA,6073,San Diego County,6073002709,6073002709,0.9323,38.8,46458.0,15.0,52.8,16.6,0.0,11.0,11.5,4.5,15.3,15.8
CA,6073,San Diego County,6073002710,6073002710,0.9504,19.7,59297.0,20.4,47.1,15.7,2.03,13.14,12.0,9.0,21.5,22.6
CA,6073,San Diego County,6073002711,6073002711,0.6463,11.3,68750.0,5.7,43.6,2.6,6.18,100.0,7.4,10.0,4.2,10.7
CA,6073,San Diego County,6073002712,6073002712,0.9332,22.1,56784.0,12.9,42.5,9.7,0.0,39.9,12.4,13.5,6.8,10.4
CA,6073,San Diego County,6073002801,6073002801,0.3804,43.3,62031.0,1.5,33.6,8.8,8.45,58.87,8.4,13.0,11.0,0.2
CA,6073,San Diego County,6073002803,6073002803,0.5282,9.4,76923.0,5.8,37.2,7.3,5.69,15.82,10.2,5.2,5.7,11.3
CA,6073,San Diego County,6073002804,6073002804,0.3869,28.8,86587.0,7.2,28.4,1.1,0.0,3.92,6.1,7.2,5.2,2.4
CA,6073,San Diego County,6073002902,6073002902,0.6322,16.7,71419.0,12.0,44.5,4.5,0.0,7.81,7.7,10.3,9.5,2.1
CA,6073,San Diego County,6073002903,6073002903,0.3492,10.8,88204.0,2.5,29.7,6.7,6.42,47.65,5.7,8.7,1.5,6.7
CA,6073,San Diego County,6073002904,6073002904,0.5275,53.1,35469.0,5.6,65.5,11.4,0.24,1.74,5.2,11.7,11.9,1.2
CA,6073,San Diego County,6073002905,6073002905,0.6827,23.4,70521.0,3.3,40.7,12.4,7.85,47.87,13.5,7.2,7.8,6.7
CA,6073,San Diego County,6073003001,6073003001,0.6248,10.4,97370.0,4.4,18.0,1.1,0.0,64.52,10.4,6.9,14.3,7.4
CA,6073,San Diego County,6073003003,6073003003,0.4386,14.9,80724.0,6.6,28.4,2.3,9.22,97.0,11.4,7.2,7.4,5.3
CA,6073,San Diego County,6073003004,6073003004,0.9452,17.0,62393.0,14.3,42.6,11.9,2.19,78.05,9.5,17.9,6.1,15.9
CA,6073,San Diego County,6073003101,6073003101,0.5158,11.3,84671.0,13.8,31.8,3.5,0.0,57.34,11.1,3.7,6.6,7.0
CA,6073,San Diego County,6073003103,6073003103,0.5406,7.7,82079.0,6.4,27.9,2.8,0.0,41.57,12.7,4.9,6.2,11.1
CA,6073,San Diego County,6073003105,6073003105,0.3976,11.2,91023.0,10.8,27.1,0.7,1.98,23.85,6.1,6.1,2.5,9.2
CA,6073,San Diego County,6073003107,6073003107,0.5462,9.5,90698.0,4.8,24.9,3.0,0.0,9.53,13.6,8.0,4.0,7.8
CA,6073,San Diego County,6073003108,6073003108,0.5335,5.9,113906.0,6.5,20.1,6.4,2.19,10.57,9.5,6.0,8.8,5.1
CA,6073,San Diego County,6073003109,6073003109,0.5852,12.2,117979.0,6.1,17.4,0.0,5.82,100.0,17.1,6.6,3.5,4.1
CA,6073,San Diego County,6073003111,6073003111,0.9718,23.3,55637.0,13.3,43.1,10.6,5.92,49.43,10.0,11.2,11.9,13.9
CA,6073,San Diego County,6073003112,6073003112,0.6159,6.6,84637.0,7.7,26.7,0.0,3.35,100.0,8.9,3.1,4.9,9.9
CA,6073,San Diego County,6073003113,6073003113,0.4597,7.6,105212.0,11.6,21.2,1.2,9.11,99.44,12.8,5.4,4.3,6.9
CA,6073,San Diego County,6073003114,6073003114,0.4857,6.8,105454.0,7.7,15.8,2.3,0.99,100.0,16.3,12.1,0.0,8.0
CA,6073,San Diego County,6073003115,6073003115,0.8055,17.4,74550.0,5.6,31.2,12.4,3.14,47.77,15.4,6.9,15.6,9.4
CA,6073,San Diego County,6073003201,6073003201,0.5959,11.4,87422.0,7.2,27.6,0.8,0.0,89.18,14.3,9.8,4.7,2.7
CA,6073,San Diego County,6073003202,6073003202,0.6211,5.3,85527.0,16.7,31.4,2.6,4.76,98.28,11.9,2.7,6.8,4.4
CA,6073,San Diego County,6073003204,6073003204,0.5218,9.5,84464.0,5.1,37.0,6.3,4.58,35.04,6.7,14.2,9.4,3.6
CA,6073,San Diego County,6073003207,6073003207,0.5572,2.7,113548.0,3.9,21.6,1.2,4.45,66.75,12.0,9.6,19.8,5.4
CA,6073,San Diego County,6073003208,6073003208,0.7879,13.2,74828.0,8.0,39.4,6.5,8.51,59.05,17.5,5.8,3.6,6.1
CA,6073,San Diego County,6073003209,6073003209,0.5196,6.7,82083.0,3.7,31.9,5.3,4.06,59.03,5.9,10.0,3.0,4.7
CA,6073,San Diego County,6073003211,6073003211,0.3952,4.2,98281.0,8.7,16.7,2.8,0.61,100.0,8.0,6.1,5.2,5.8
CA,6073,San Diego County,6073003212,6073003212,0.502,6.5,84194.0,5.8,31.0,0.0,3.8,100.0,9.4,5.7,4.2,4.3
CA,6073,San Diego County,6073003213,6073003213,0.2469,9.5,120313.0,2.0,20.1,0.3,5.81,79.8,12.6,2.6,3.4,3.0
CA,6073,San Diego County,6073003214,6073003214,0.7216,6.5,80224.0,4.4,38.9,2.3,5.86,38.31,11.6,9.6,14.7,2.9
CA,6073,San Diego County,6073003301,6073003301,0.7552,26.0,68157.0,19.2,40.4,11.2,8.28,75.47,4.8,8.2,10.6,7.2
CA,6073,San Diego County,6073003303,6073003303,0.8982,13.8,56313.0,14.8,53.9,7.2,2.08,1.65,11.1,6.4,17.0,13.6
CA,6073,San Diego County,6073003304,6073003304,0.9639,21.9,44706.0,13.6,61.4,13.5,0.0,26.57,7.6,7.4,11.0,16.6
CA,6073,San Diego County,6073003305,6073003305,0.9594,28.4,56151.0,18.0,54.5,7.1,12.68,47.93,15.8,5.2,8.0,15.3
CA,6073,San Diego County,6073003401,6073003401,0.8579,9.3,68750.0,8.6,39.6,9.2,1.03,28.99,15.1,13.2,6.1,9.5
CA,6073,San Diego County,6073003403,6073003403,0.7121,12.8,71250.0,15.2,40.5,4.2,11.27,100.0,12.3,7.6,12.3,18.9
CA,6073,San Diego County,6073003404,6073003404,0.9198,15.0,69375.0,7.9,41.2,10.5,1.82,30.66,10.4,12.0,6.3,13.6
CA,6073,San Diego County,6073003501,6073003501,0.9331,35.6,50568.0,19.6,50.4,12.6,0.0,65.32,11.1,11.8,16.0,17.3
CA,6073,San Diego County,6073003502,6073003502,0.9571,21.8,49583.0,17.9,43.8,4.4,0.0,4.49,14.8,12.0,16.2,29.7
CA,6073,San Diego County,6073003601,6073003601,0.8674,14.7,78679.0,15.5,35.6,6.7,3.91,0.89,7.7,9.8,11.5,12.6
CA,6073,San Diego County,6073003602,6073003602,0.9183,15.3,61907.0,12.3,49.0,7.9,1.88,98.93,10.5,9.0,9.4,12.4
CA,6073,San Diego County,6073003603,6073003603,0.8719,15.8,65833.0,14.4,46.0,8.1,0.0,20.75,9.5,11.1,14.4,19.4
CA,6073,San Diego County,6073003800,6073003800,0.1899,0.0,90230.0,0.0,100.0,100.0,6.15,74.85,0.0,0.0,0.0,0.8
CA,6073,San Diego County,6073003901,6073003901,0.8533,19.8,63026.0,21.3,43.9,9.1,0.68,30.47,6.6,7.7,6.5,16.6
CA,6073,San Diego County,6073003902,6073003902,0.8396,6.2,55901.0,18.3,55.5,21.4,3.46,41.18,9.0,2.5,6.1,22.3
CA,6073,San Diego County,6073004000,6073004000,0.9664,21.4,44342.0,10.7,60.3,6.0,3.67,29.46,12.5,9.3,11.9,14.0
CA,6073,San Diego County,6073004101,6073004101,0.5222,8.0,75000.0,18.2,47.1,9.6,4.44,5.93,10.2,4.6,3.2,4.4
CA,6073,San Diego County,6073004102,6073004102,0.7368,46.7,60556.0,16.6,55.1,2.3,0.0,98.02,10.5,14.9,5.3,13.4
CA,6073,San Diego County,6073004200,6073004200,0.3166,4.4,117422.0,8.0,17.1,0.9,0.01,52.79,7.1,7.1,3.9,7.5
CA,6073,San Diego County,6073004300,6073004300,0.2539,9.4,93356.0,4.3,27.0,4.0,0.0,50.71,7.7,10.5,4.3,1.3
CA,6073,San Diego County,6073004400,6073004400,0.3162,10.6,89122.0,10.5,28.8,2.4,6.26,54.74,8.4,6.8,2.6,3.2
CA,6073,San Diego County,6073004501,6073004501,0.4881,8.8,77577.0,19.7,37.2,11.1,1.59,6.05,4.9,3.1,6.8,8.0
CA,6073,San Diego County,6073004600,6073004600,0.661,9.9,77455.0,14.6,33.9,12.6,5.74,72.65,12.5,6.7,5.5,9.3
CA,6073,San Diego County,6073004700,6073004700,0.4704,4.3,63594.0,21.4,55.5,8.0,2.55,9.82,11.8,4.2,6.0,5.5
CA,6073,San Diego County,6073004800,6073004800,0.9912,22.9,58987.0,21.8,46.6,12.8,1.49,14.83,20.9,14.7,11.7,25.1
CA,6073,San Diego County,6073004900,6073004900,0.8519,24.9,43425.0,13.0,50.0,11.4,2.54,100.0,8.7,11.5,24.7,18.1
CA,6073,San Diego County,6073005000,6073005000,0.9158,24.2,53529.0,9.8,62.5,22.5,0.0,0.0,4.7,11.8,13.6,12.5
CA,6073,San Diego County,6073005101,6073005101,0.6692,9.4,85417.0,12.0,33.8,20.3,1.99,33.3,7.9,9.1,5.8,7.6
CA,6073,San Diego County,6073005102,6073005102,0.4804,18.4,99041.0,5.8,35.9,24.6,0.0,99.11,13.9,10.0,13.3,4.6
CA,6073,San Diego County,6073005103,6073005103,0.9334,51.6,90230.0,11.3,34.8,41.0,0.09,2.88,31.0,26.1,40.3,8.0
CA,6073,San Diego County,6073005201,6073005201,0.3677,15.1,90260.0,4.8,37.6,16.4,0.0,100.0,8.7,3.0,8.2,0.6
CA,6073,San Diego County,6073005202,6073005202,0.7558,31.7,49512.0,10.7,47.2,24.6,3.16,46.38,23.7,8.2,16.2,1.5
CA,6073,San Diego County,6073005301,6073005301,0.7004,16.8,63269.0,10.1,40.5,30.4,1.4,70.4,14.4,7.4,9.4,5.8
CA,6073,San Diego County,6073005302,6073005302,0.6222,14.2,74939.0,7.0,32.4,33.0,0.0,53.48,31.4,1.5,7.0,17.9
CA,6073,San Diego County,6073005401,6073005401,0.1604,6.5,140116.0,0.0,36.7,15.5,0.0,54.2,3.0,12.2,0.0,0.0
CA,6073,San Diego County,6073005402,6073005402,0.2337,11.9,141250.0,3.5,19.2,10.4,0.0,98.87,9.2,3.3,0.8,1.3
CA,6073,San Diego County,6073005403,6073005403,0.1688,7.7,150250.0,7.2,26.0,9.1,11.58,38.61,7.6,4.2,2.3,1.8
CA,6073,San Diego County,6073005500,6073005500,0.4999,10.0,90230.0,5.8,28.3,4.5,0.0,99.3,10.5,0.0,7.2,0.0
CA,6073,San Diego County,6073005601,6073005601,0.5621,19.3,62601.0,7.1,35.2,28.0,3.82,59.94,20.7,0.6,18.4,1.8
CA,6073,San Diego County,6073005602,6073005602,0.1966,14.8,90398.0,2.4,26.7,7.4,1.76,32.33,7.1,4.5,4.0,1.0
CA,6073,San Diego County,6073005700,6073005700,0.6426,37.5,70116.0,4.7,35.7,21.2,19.02,77.78,22.0,12.6,11.4,1.0
CA,6073,San Diego County,6073005801,6073005801,0.1549,11.7,102721.0,3.7,37.7,19.4,0.04,25.44,6.0,4.3,18.3,4.3
CA,6073,San Diego County,6073005802,6073005802,0.0926,4.3,141276.0,1.7,16.1,2.4,4.55,89.49,13.2,4.6,5.1,1.2
CA,6073,San Diego County,6073005900,6073005900,0.5412,10.8,73081.0,10.6,40.5,18.6,15.19,97.48,13.7,7.1,7.4,1.5
CA,6073,San Diego County,6073006000,6073006000,0.2782,10.4,96408.0,0.8,32.3,10.2,8.48,100.0,17.0,2.8,8.0,1.2
CA,6073,San Diego County,6073006100,6073006100,0.2344,3.7,97750.0,6.7,25.5,3.3,4.45,92.8,4.3,10.9,3.8,0.7
CA,6073,San Diego County,6073006200,6073006200,0.4999,10.0,90230.0,5.8,28.3,4.5,0.0,97.86,10.5,0.0,7.2,0.0
CA,6073,San Diego County,6073006300,6073006300,0.4999,10.0,90230.0,5.8,28.3,4.5,0.0,91.97,10.5,2.5,7.2,2.2
CA,6073,San Diego County,6073006500,6073006500,0.667,23.7,69745.0,8.2,32.5,23.0,3.72,53.61,25.9,8.3,18.8,1.1
CA,6073,San Diego County,6073006600,6073006600,0.2222,8.2,66083.0,4.5,44.6,1.5,4.57,93.91,5.9,3.2,7.0,0.4
CA,6073,San Diego County,6073006801,6073006801,0.2808,9.8,88061.0,6.9,31.3,8.1,1.87,28.73,12.2,3.4,3.9,1.8
CA,6073,San Diego County,6073006802,6073006802,0.4983,17.4,85732.0,16.3,38.9,11.7,0.0,38.13,8.6,4.4,13.5,5.4
CA,6073,San Diego County,6073006900,6073006900,0.1518,7.2,136526.0,7.1,19.5,1.3,2.8,59.16,2.2,5.2,3.2,1.1
CA,6073,San Diego County,6073007002,6073007002,0.039,6.9,188869.0,2.8,15.0,5.7,0.0,32.67,12.7,2.2,5.6,0.4
CA,6073,San Diego County,6073007100,6073007100,0.1087,9.1,140179.0,2.4,25.7,4.4,5.65,70.63,8.8,7.0,5.9,0.0
CA,6073,San Diego County,6073007200,6073007200,0.0337,5.6,170284.0,1.0,14.2,2.2,0.0,39.24,6.7,9.4,3.3,0.6
CA,6073,San Diego County,6073007302,6073007302,0.0418,3.0,164000.0,1.9,16.4,1.2,3.28,92.25,6.0,4.7,1.3,1.3
CA,6073,San Diego County,6073007303,6073007303,0.031,3.6,116908.0,3.8,18.5,0.0,0.0,11.03,10.3,6.7,0.0,0.0
CA,6073,San Diego County,6073007304,6073007304,0.0692,12.4,100586.0,12.7,35.1,2.7,5.15,15.86,3.5,2.5,7.1,0.0
CA,6073,San Diego County,6073007401,6073007401,0.2728,8.4,85893.0,8.1,45.2,6.8,0.0,36.52,8.0,7.2,2.0,0.6
CA,6073,San Diego County,6073007402,6073007402,0.0575,10.2,120601.0,10.4,13.9,1.4,0.0,97.91,10.2,3.2,6.0,1.2
CA,6073,San Diego County,6073007501,6073007501,0.0565,10.9,79544.0,10.3,42.1,7.0,0.98,0.0,2.4,2.4,6.4,0.6
CA,6073,San Diego County,6073007502,6073007502,0.201,9.7,80016.0,10.6,36.9,10.8,3.42,0.0,8.5,8.5,5.5,0.0
CA,6073,San Diego County,6073007601,6073007601,0.0279,9.2,82425.0,0.0,20.9,6.5,17.03,71.34,3.9,1.2,1.1,0.9
CA,6073,San Diego County,6073007602,6073007602,0.1707,9.1,106944.0,8.7,31.7,11.8,7.85,100.0,6.9,0.0,1.6,1.1
CA,6073,San Diego County,6073007701,6073007701,0.125,6.6,114330.0,7.5,24.9,4.5,5.87,64.31,13.3,5.0,2.9,1.0
CA,6073,San Diego County,6073007702,6073007702,0.1539,7.7,83388.0,1.8,40.1,4.6,1.38,64.55,7.4,1.5,4.6,0.3
CA,6073,San Diego County,6073007800,6073007800,0.3361,12.3,85084.0,7.3,27.2,0.7,4.45,60.46,6.1,5.1,2.9,1.2
CA,6073,San Diego County,6073007905,6073007905,0.1476,14.6,106969.0,7.2,24.3,3.8,0.0,99.42,4.7,8.4,5.5,0.0
CA,6073,San Diego County,6073007907,6073007907,0.0875,13.7,110272.0,6.6,28.5,5.7,0.77,40.74,2.4,3.6,2.4,0.4
CA,6073,San Diego County,6073007908,6073007908,0.1402,7.3,77798.0,14.6,39.1,5.3,1.83,64.8,4.6,3.4,0.8,3.0
CA,6073,San Diego County,6073007910,6073007910,0.1473,9.6,93750.0,6.1,30.7,6.2,0.25,100.0,7.9,4.4,4.0,1.0
CA,6073,San Diego County,6073007911,6073007911,0.2282,8.2,95139.0,7.8,33.0,9.5,2.82,29.15,5.2,6.2,2.5,2.9
CA,6073,San Diego County,6073007912,6073007912,0.0125,4.5,98675.0,12.1,20.6,2.3,7.65,33.29,1.8,0.0,3.4,2.0
CA,6073,San Diego County,6073008002,6073008002,0.0017,4.4,180795.0,0.7,11.7,1.5,0.0,82.8,8.3,1.5,6.2,0.5
CA,6073,San Diego County,6073008003,6073008003,0.0165,5.9,154932.0,3.3,18.0,2.8,0.0,19.0,5.8,2.5,5.5,1.6
CA,6073,San Diego County,6073008006,6073008006,0.0966,5.7,119850.0,8.0,21.0,2.0,0.0,5.14,6.4,3.9,0.8,0.2
CA,6073,San Diego County,6073008101,6073008101,0.2208,7.2,84688.0,3.9,36.1,2.1,4.98,66.35,10.6,4.3,6.7,0.3
CA,6073,San Diego County,6073008102,6073008102,0.1824,3.0,175455.0,3.0,16.6,0.9,4.9,80.31,5.4,14.3,6.8,0.3
CA,6073,San Diego County,6073008201,6073008201,0.3442,6.1,118977.0,1.3,35.9,10.0,2.92,87.44,14.8,3.1,10.1,0.5
CA,6073,San Diego County,6073008202,6073008202,0.3695,3.0,117500.0,4.9,37.2,27.1,6.78,12.08,21.4,1.3,19.5,1.0
CA,6073,San Diego County,6073008301,6073008301,0.0263,1.8,225215.0,1.9,12.5,3.4,0.0,98.28,6.3,3.6,7.8,1.7
CA,6073,San Diego County,6073008303,6073008303,0.0322,9.5,217253.0,0.3,13.8,1.1,0.09,81.88,9.4,5.0,6.2,0.1
CA,6073,San Diego County,6073008305,6073008305,0.484,30.4,45517.0,0.9,54.0,22.1,3.85,19.52,8.4,8.6,21.0,1.2
CA,6073,San Diego County,6073008306,6073008306,0.0043,3.0,242721.0,1.7,6.8,1.0,9.47,56.31,6.2,4.1,3.9,0.8
CA,6073,San Diego County,6073008307,6073008307,0.2412,7.5,109861.0,0.9,19.0,7.8,0.0,0.0,9.5,4.9,8.9,1.8
CA,6073,San Diego County,6073008310,6073008310,0.0963,5.2,152478.0,2.6,22.0,2.5,0.45,92.17,6.5,7.3,4.3,0.6
CA,6073,San Diego County,6073008311,6073008311,0.0336,6.6,250001.0,1.1,10.2,0.6,5.47,97.06,10.3,3.0,1.6,0.6
CA,6073,San Diego County,6073008312,6073008312,0.1986,3.5,142784.0,2.8,20.2,1.8,5.0,93.23,9.9,5.8,7.8,0.8
CA,6073,San Diego County,6073008313,6073008313,0.1221,5.0,248125.0,2.8,10.4,3.1,0.71,72.66,7.3,4.3,2.4,1.1
CA,6073,San Diego County,6073008324,6073008324,0.0402,5.5,211417.0,0.6,7.8,0.5,3.79,48.67,10.3,5.0,2.6,0.2
CA,6073,San Diego County,6073008327,6073008327,0.2323,3.7,178056.0,0.8,12.7,1.3,0.0,15.44,9.7,5.2,1.1,3.1
CA,6073,San Diego County,6073008328,6073008328,0.1056,4.2,250001.0,3.4,15.7,2.3,0.0,74.32,2.5,8.6,1.2,2.0
CA,6073,San Diego County,6073008330,6073008330,0.2296,6.0,155185.0,1.7,19.8,3.8,0.0,64.17,3.4,6.5,4.2,6.5
CA,6073,San Diego County,6073008331,6073008331,0.0221,2.4,200750.0,0.4,16.1,2.0,0.0,27.24,4.8,5.3,0.7,2.7
CA,6073,San Diego County,6073008336,6073008336,0.0246,0.3,191875.0,1.0,6.6,1.0,4.37,98.25,5.4,4.7,3.2,3.8
CA,6073,San Diego County,6073008337,6073008337,0.0084,1.1,172818.0,2.1,8.2,0.0,4.34,61.59,6.5,5.4,1.8,1.9
CA,6073,San Diego County,6073008339,6073008339,0.1264,37.6,70057.0,1.2,43.9,4.1,7.36,100.0,5.6,4.5,0.8,0.7
CA,6073,San Diego County,6073008343,6073008343,0.3087,25.6,64286.0,6.4,41.9,8.4,0.77,3.9,5.8,5.7,1.7,2.6
CA,6073,San Diego County,6073008344,6073008344,0.1071,4.9,164934.0,4.9,11.2,1.5,2.07,39.9,9.1,2.4,0.8,1.0
CA,6073,San Diego County,6073008345,6073008345,0.2819,7.6,88837.0,5.2,36.9,4.0,14.14,67.87,12.1,12.5,3.1,0.7
CA,6073,San Diego County,6073008346,6073008346,0.0529,2.0,172549.0,1.9,11.3,0.4,0.0,94.89,5.5,4.8,2.9,5.7
CA,6073,San Diego County,6073008347,6073008347,0.3988,4.5,137500.0,4.2,17.2,0.8,4.99,97.71,11.4,2.9,1.7,13.7
CA,6073,San Diego County,6073008348,6073008348,0.3098,5.1,125125.0,5.6,16.5,4.2,0.5,72.97,9.2,3.9,1.1,13.2
CA,6073,San Diego County,6073008349,6073008349,0.4281,5.8,119762.0,3.5,16.7,7.8,0.74,46.38,13.2,5.4,2.2,8.2
CA,6073,San Diego County,6073008350,6073008350,0.5154,7.6,116228.0,6.2,19.9,6.4,2.85,55.5,8.3,7.7,1.8,7.3
CA,6073,San Diego County,6073008351,6073008351,0.2104,5.8,134779.0,4.9,13.5,2.3,2.26,26.75,8.2,3.3,3.0,6.1
CA,6073,San Diego County,6073008352,6073008352,0.4081,5.4,126364.0,4.7,13.6,7.0,4.03,98.0,9.2,2.3,3.7,8.9
CA,6073,San Diego County,6073008353,6073008353,0.2133,9.4,142443.0,2.3,17.7,2.6,0.0,99.22,7.1,8.4,3.8,6.2
CA,6073,San Diego County,6073008355,6073008355,0.2175,2.0,137670.0,1.3,14.7,1.7,0.0,32.66,10.7,7.9,2.1,10.8
CA,6073,San Diego County,6073008356,6073008356,0.2287,7.4,116566.0,2.6,26.6,2.7,0.0,52.1,7.7,3.5,6.5,8.3
CA,6073,San Diego County,6073008357,6073008357,0.4601,15.6,114500.0,5.9,21.7,7.2,1.4,98.18,8.5,3.8,2.4,12.9
CA,6073,San Diego County,6073008358,6073008358,0.5789,7.9,116002.0,6.2,29.9,7.9,2.79,23.74,10.3,4.4,8.8,12.0
CA,6073,San Diego County,6073008359,6073008359,0.7136,10.8,80060.0,12.2,38.8,7.7,7.1,67.42,11.3,6.6,3.7,12.5
CA,6073,San Diego County,6073008360,6073008360,0.6101,8.3,93918.0,7.8,34.2,6.9,0.0,65.72,9.6,6.8,4.6,11.5
CA,6073,San Diego County,6073008361,6073008361,0.3784,30.4,82589.0,6.7,39.8,8.6,1.98,0.0,7.4,12.2,2.8,4.7
CA,6073,San Diego County,6073008362,6073008362,0.2617,5.4,122885.0,8.6,25.0,3.6,1.16,83.25,7.4,9.3,1.5,1.1
CA,6073,San Diego County,6073008363,6073008363,0.5524,47.0,60878.0,4.8,52.9,16.5,4.85,4.87,4.9,8.9,0.7,3.9
CA,6073,San Diego County,6073008364,6073008364,0.1676,30.2,90781.0,4.6,29.8,7.7,3.07,28.57,3.2,4.5,0.0,0.8
CA,6073,San Diego County,6073008365,6073008365,0.0056,1.9,202083.0,1.2,14.1,0.5,2.3,99.1,7.5,0.4,1.2,3.8
CA,6073,San Diego County,6073008366,6073008366,0.0166,3.6,203875.0,0.9,10.2,1.0,0.0,95.51,5.5,4.1,1.0,3.1
CA,6073,San Diego County,6073008367,6073008367,0.5394,12.8,116852.0,13.4,32.3,4.7,0.51,55.54,7.2,3.2,0.0,11.2
CA,6073,San Diego County,6073008368,6073008368,0.1124,11.9,172917.0,3.8,14.4,0.0,2.64,100.0,6.7,5.5,0.0,6.1
CA,6073,San Diego County,6073008369,6073008369,0.1122,0.2,163167.0,3.7,11.8,0.0,1.92,27.3,9.4,6.7,0.0,2.5
CA,6073,San Diego County,6073008370,6073008370,0.023,3.5,139022.0,3.9,9.7,1.5,4.02,14.65,3.0,2.4,0.0,0.9
CA,6073,San Diego County,6073008371,6073008371,0.0878,0.7,151903.0,2.5,17.8,2.9,1.7,40.36,1.3,5.1,1.5,1.2
CA,6073,San Diego County,6073008372,6073008372,0.1384,3.8,238661.0,7.6,16.8,0.7,0.0,100.0,12.9,2.3,0.0,1.1
CA,6073,San Diego County,6073008373,6073008373,0.006,6.4,175906.0,0.0,7.1,0.0,1.24,44.77,3.2,2.4,0.0,1.2
CA,6073,San Diego County,6073008374,6073008374,0.0398,0.0,250001.0,2.4,1.4,0.0,3.56,38.94,6.3,2.2,0.6,3.6
CA,6073,San Diego County,6073008375,6073008375,0.0812,17.1,134955.0,0.8,19.7,2.3,0.0,33.9,2.6,0.6,0.6,0.9
CA,6073,San Diego County,6073008376,6073008376,0.1844,16.6,131009.0,6.8,16.2,4.0,3.6,38.34,7.5,5.0,2.3,3.3
CA,6073,San Diego County,6073008377,6073008377,0.3376,27.5,78333.0,1.3,40.0,11.4,4.28,52.67,8.8,5.3,4.7,5.3
CA,6073,San Diego County,6073008378,6073008378,0.2037,38.0,75676.0,2.5,36.8,12.8,2.82,71.73,2.3,0.0,0.0,3.7
CA,6073,San Diego County,6073008379,6073008379,0.6271,42.5,63068.0,10.7,40.6,28.6,3.3,95.05,9.7,8.1,11.5,4.2
CA,6073,San Diego County,6073008380,6073008380,0.3107,12.8,94702.0,9.6,34.2,0.0,0.0,15.07,9.7,2.9,1.4,7.8
CA,6073,San Diego County,6073008381,6073008381,0.0428,8.5,187686.0,0.9,15.0,1.5,0.03,36.42,10.2,3.1,2.2,3.2
CA,6073,San Diego County,6073008501,6073008501,0.2844,11.9,133858.0,8.4,23.7,1.0,1.87,100.0,8.0,2.9,1.3,0.3
CA,6073,San Diego County,6073008502,6073008502,0.3507,11.8,108811.0,3.4,16.8,2.3,4.04,28.99,17.4,8.2,5.5,1.2
CA,6073,San Diego County,6073008503,6073008503,0.3633,10.6,93438.0,3.4,25.0,5.1,6.3,70.8,8.4,2.3,10.8,5.6
CA,6073,San Diego County,6073008504,6073008504,0.2815,5.7,127105.0,4.7,13.6,6.9,0.0,38.34,10.8,4.0,12.3,0.4
CA,6073,San Diego County,6073008505,6073008505,0.442,3.8,95523.0,9.0,28.8,5.5,0.0,49.46,9.6,6.3,2.2,4.9
CA,6073,San Diego County,6073008506,6073008506,0.3652,11.5,112934.0,5.1,21.6,2.2,1.22,32.36,13.9,4.7,4.1,4.8
CA,6073,San Diego County,6073008507,6073008507,0.5546,10.0,95335.0,3.4,29.7,4.0,1.01,44.67,15.5,3.9,5.6,7.5
CA,6073,San Diego County,6073008509,6073008509,0.2333,7.2,117971.0,3.8,23.4,3.9,3.91,28.0,13.8,2.6,4.6,2.1
CA,6073,San Diego County,6073008510,6073008510,0.5753,10.9,62604.0,3.6,31.1,13.4,0.0,5.62,16.7,5.3,8.7,6.2
CA,6073,San Diego County,6073008511,6073008511,0.4864,8.9,119167.0,6.9,20.5,2.0,6.79,66.19,10.4,7.9,3.2,10.5
CA,6073,San Diego County,6073008512,6073008512,0.0819,6.5,116296.0,2.7,15.0,1.0,1.83,53.45,8.9,5.0,7.6,0.7
CA,6073,San Diego County,6073008513,6073008513,0.0231,3.7,130069.0,3.1,9.5,1.1,5.33,74.41,8.3,1.9,2.4,1.3
CA,6073,San Diego County,6073008600,6073008600,0.8229,18.7,57500.0,10.0,46.9,3.6,0.0,44.24,12.3,6.8,10.2,12.7
CA,6073,San Diego County,6073008701,6073008701,0.4642,13.2,80066.0,3.4,43.0,0.7,1.86,91.99,4.3,10.0,2.8,3.0
CA,6073,San Diego County,6073008702,6073008702,0.5593,14.8,108583.0,8.0,23.7,7.2,2.15,73.97,19.4,9.7,1.7,3.3
CA,6073,San Diego County,6073008800,6073008800,0.7611,19.6,78715.0,7.8,36.6,11.0,5.49,22.42,11.3,7.3,8.8,19.2
CA,6073,San Diego County,6073008901,6073008901,0.4492,15.5,87386.0,15.2,30.6,3.5,8.73,76.84,5.9,9.8,4.9,4.9
CA,6073,San Diego County,6073008902,6073008902,0.1262,12.0,102594.0,8.7,20.9,3.5,14.47,99.87,9.2,4.9,3.3,0.0
CA,6073,San Diego County,6073009000,6073009000,0.4923,7.4,105398.0,14.3,20.3,2.6,4.43,53.04,10.7,4.0,2.7,7.3
CA,6073,San Diego County,6073009101,6073009101,0.0728,5.4,110117.0,6.3,15.6,2.1,7.3,71.29,5.6,3.5,3.6,2.0
CA,6073,San Diego County,6073009102,6073009102,0.3784,16.1,71094.0,9.3,48.4,7.4,6.56,42.57,9.2,3.1,6.5,11.5
CA,6073,San Diego County,6073009103,6073009103,0.0844,4.0,146154.0,1.2,15.6,4.4,2.7,25.82,8.9,4.9,5.9,0.0
CA,6073,San Diego County,6073009104,6073009104,0.0113,4.2,132955.0,6.1,14.4,0.7,0.0,37.58,6.1,1.8,0.9,0.6
CA,6073,San Diego County,6073009107,6073009107,0.3323,27.3,67466.0,4.6,41.7,6.4,7.86,100.0,8.3,1.6,6.1,0.8
CA,6073,San Diego County,6073009108,6073009108,0.23,5.1,93897.0,3.3,20.3,2.2,2.29,73.66,12.3,3.0,7.8,0.6
CA,6073,San Diego County,6073009109,6073009109,0.0254,14.0,90000.0,3.0,15.8,0.0,1.6,89.1,3.8,9.2,0.0,0.2
CA,6073,San Diego County,6073009201,6073009201,0.6403,10.3,74092.0,9.0,50.3,4.0,2.16,93.25,16.8,6.3,3.6,2.9
CA,6073,San Diego County,6073009203,6073009203,0.1354,12.2,115122.0,6.4,23.1,0.7,0.0,42.11,8.2,6.3,2.8,2.5
CA,6073,San Diego County,6073009204,6073009204,0.0492,3.6,159135.0,4.3,18.2,2.0,2.21,100.0,13.0,5.8,1.6,0.4
CA,6073,San Diego County,6073009301,6073009301,0.5624,15.0,88958.0,7.0,32.0,2.8,7.81,96.48,12.4,10.3,2.5,3.9
CA,6073,San Diego County,6073009305,6073009305,0.3316,7.2,122967.0,4.0,12.9,1.2,2.24,100.0,9.4,13.1,2.1,1.8
CA,6073,San Diego County,6073009306,6073009306,0.2149,8.2,122788.0,6.9,16.2,1.3,4.47,52.57,3.8,8.0,0.0,0.0
CA,6073,San Diego County,6073009307,6073009307,0.0687,7.7,104886.0,3.2,24.8,4.2,2.51,93.64,6.2,2.4,2.1,0.9
CA,6073,San Diego County,6073009308,6073009308,0.2935,4.5,87180.0,7.2,35.6,8.4,2.49,42.38,8.4,7.2,6.2,2.8
CA,6073,San Diego County,6073009400,6073009400,0.3472,5.0,71111.0,1.0,40.0,0.0,0.0,34.29,6.6,9.2,5.6,2.1
CA,6073,San Diego County,6073009502,6073009502,0.1326,4.0,131754.0,3.5,20.1,0.0,0.4,39.57,9.1,5.4,4.1,1.7
CA,6073,San Diego County,6073009504,6073009504,0.0821,3.6,250001.0,0.6,13.4,2.1,3.92,99.25,10.9,0.7,4.2,2.1
CA,6073,San Diego County,6073009505,6073009505,0.0508,4.2,118603.0,1.3,17.0,0.0,2.19,92.51,14.2,4.6,2.7,2.5
CA,6073,San Diego County,6073009506,6073009506,0.0799,6.6,133831.0,2.2,14.2,1.4,0.0,34.17,8.6,4.4,3.0,0.9
CA,6073,San Diego County,6073009507,6073009507,0.2031,7.4,103333.0,1.6,18.7,0.5,7.83,93.71,8.9,2.1,2.0,2.3
CA,6073,San Diego County,6073009509,6073009509,0.0708,5.7,101863.0,1.7,27.8,2.7,0.0,70.86,5.8,0.7,1.4,0.9
CA,6073,San Diego County,6073009510,6073009510,0.2351,10.7,47337.0,0.6,61.4,0.0,0.0,60.81,6.8,9.5,3.6,3.2
CA,6073,San Diego County,6073009511,6073009511,0.0905,6.6,68200.0,0.0,56.1,1.0,0.0,48.77,2.8,2.3,2.9,0.0
CA,6073,San Diego County,6073009602,6073009602,0.0496,4.7,148317.0,2.6,15.5,1.6,5.72,32.79,8.6,1.0,3.1,1.4
CA,6073,San Diego County,6073009603,6073009603,0.5226,15.2,70907.0,5.3,37.7,5.2,8.48,100.0,5.5,2.8,5.4,5.8
CA,6073,San Diego County,6073009604,6073009604,0.2706,5.2,89107.0,5.6,22.6,4.8,0.68,41.58,12.4,5.6,6.3,2.6
CA,6073,San Diego County,6073009703,6073009703,0.0988,5.8,115855.0,2.4,12.9,2.8,4.31,60.96,12.8,4.1,9.2,2.5
CA,6073,San Diego County,6073009704,6073009704,0.3119,8.6,111339.0,4.2,21.4,2.6,0.86,84.02,11.2,10.6,2.5,1.5
CA,6073,San Diego County,6073009705,6073009705,0.1175,4.1,137135.0,2.5,15.0,0.6,2.32,65.61,10.9,2.5,0.0,1.4
CA,6073,San Diego County,6073009706,6073009706,0.1954,4.0,137665.0,6.1,9.8,3.2,0.0,41.32,8.0,7.2,0.5,0.3
CA,6073,San Diego County,6073009801,6073009801,0.2919,4.4,113750.0,4.3,25.2,4.6,6.34,75.41,11.8,0.7,6.1,0.5
CA,6073,San Diego County,6073009802,6073009802,0.4311,13.2,100302.0,2.1,24.5,4.8,4.35,18.54,10.0,13.0,6.0,1.2
CA,6073,San Diego County,6073009804,6073009804,0.348,3.3,123618.0,3.3,16.1,8.1,7.59,78.23,15.9,5.0,10.6,5.9
CA,6073,San Diego County,6073009805,6073009805,0.2115,4.3,96426.0,4.1,18.0,2.2,0.24,84.79,9.1,3.2,5.5,1.1
CA,6073,San Diego County,6073009901,6073009901,0.0186,0.0,90230.0,0.0,0.0,0.0,0.0,100.0,100.0,0.0,0.0,0.0
CA,6073,San Diego County,6073009902,6073009902,0.4999,10.0,90230.0,5.8,28.3,4.5,0.0,100.0,10.5,5.8,7.2,6.0
CA,6073,San Diego County,6073010001,6073010001,0.6525,5.3,95325.0,7.1,35.1,5.3,2.89,82.62,10.7,6.5,4.3,12.6
CA,6073,San Diego County,6073010003,6073010003,0.4153,9.2,95541.0,7.5,14.9,3.5,1.35,50.24,13.7,4.1,1.4,7.1
CA,6073,San Diego County,6073010004,6073010004,0.5356,6.8,105511.0,12.1,17.6,2.2,0.7,22.66,11.8,7.5,6.0,8.8
CA,6073,San Diego County,6073010005,6073010005,0.9952,25.4,35750.0,10.1,41.4,16.4,0.0,0.29,15.1,11.8,16.6,22.2
CA,6073,San Diego County,6073010009,6073010009,0.9298,8.8,69688.0,12.1,44.1,8.4,7.32,11.85,10.7,12.9,12.7,26.1
CA,6073,San Diego County,6073010010,6073010010,0.9013,11.9,57313.0,8.1,43.7,8.2,8.38,40.2,12.1,10.1,13.8,12.2
CA,6073,San Diego County,6073010011,6073010011,0.5551,6.5,100469.0,3.9,19.2,4.0,5.12,81.47,13.3,6.8,7.0,11.5
CA,6073,San Diego County,6073010012,6073010012,0.9595,13.1,74191.0,18.5,42.3,15.0,11.22,77.59,14.4,15.3,12.5,20.4
CA,6073,San Diego County,6073010013,6073010013,0.9549,17.8,62179.0,12.4,39.0,9.2,0.0,85.84,9.9,8.0,16.8,24.2
CA,6073,San Diego County,6073010015,6073010015,0.6295,5.8,125536.0,8.6,23.5,1.6,5.06,53.89,7.4,11.6,6.0,10.8
CA,6073,San Diego County,6073010016,6073010016,0.4999,10.0,90230.0,5.8,28.3,4.5,0.0,50.92,10.5,5.8,7.2,9.4
CA,6073,San Diego County,6073010017,6073010017,0.5065,3.2,104194.0,5.9,25.6,2.2,1.31,11.81,10.3,1.7,1.9,6.5
CA,6073,San Diego County,6073010018,6073010018,0.3258,1.8,131365.0,12.8,33.6,2.5,2.39,78.11,2.1,7.3,2.3,4.4
CA,6073,San Diego County,6073010019,6073010019,0.0889,0.0,124070.0,1.3,2.3,0.0,9.12,55.03,8.6,5.8,2.7,8.0
CA,6073,San Diego County,6073010103,6073010103,0.9021,24.6,54023.0,9.1,53.5,9.4,4.5,20.43,9.6,9.9,16.3,17.2
CA,6073,San Diego County,6073010104,6073010104,0.4465,7.6,90146.0,4.6,23.8,4.2,5.79,58.34,16.6,3.1,11.6,7.2
CA,6073,San Diego County,6073010106,6073010106,0.983,20.7,52963.0,10.7,43.1,10.2,2.54,18.9,15.3,6.7,10.4,15.4
CA,6073,San Diego County,6073010107,6073010107,0.7971,5.2,64188.0,10.4,31.2,3.3,1.14,13.82,12.9,6.9,10.1,8.7
CA,6073,San Diego County,6073010109,6073010109,0.71,4.8,98333.0,13.3,27.0,7.6,0.0,54.83,11.1,16.3,2.3,16.3
CA,6073,San Diego County,6073010110,6073010110,0.8811,20.8,54402.0,5.8,42.6,4.6,0.0,45.82,9.2,9.1,5.9,10.2
CA,6073,San Diego County,6073010111,6073010111,0.924,17.7,55000.0,14.8,43.4,3.2,2.09,0.0,10.5,5.1,7.1,22.8
CA,6073,San Diego County,6073010112,6073010112,0.9465,20.6,56291.0,12.7,55.1,5.3,7.16,97.14,12.0,11.3,7.7,20.3
CA,6073,San Diego County,6073010201,6073010201,0.61,33.6,103041.0,6.8,33.5,8.8,0.56,92.59,10.8,6.2,2.3,4.1
CA,6073,San Diego County,6073010202,6073010202,0.4144,5.2,98688.0,13.1,27.1,2.2,4.61,52.5,10.6,1.5,10.6,3.9
CA,6073,San Diego County,6073010300,6073010300,0.6596,17.5,56121.0,8.0,49.2,13.7,0.0,53.17,7.5,7.9,11.4,6.7
CA,6073,San Diego County,6073010401,6073010401,0.5494,13.9,64338.0,13.3,45.1,5.6,10.86,71.0,14.0,5.9,10.7,7.2
CA,6073,San Diego County,6073010402,6073010402,0.8503,13.1,61081.0,13.9,46.7,9.0,0.0,96.52,11.9,9.8,12.3,8.9
CA,6073,San Diego County,6073010501,6073010501,0.3934,5.2,111453.0,10.0,14.8,6.2,0.0,50.38,13.0,6.2,3.5,4.1
CA,6073,San Diego County,6073010502,6073010502,0.7527,14.0,64357.0,14.4,54.3,4.6,2.63,28.78,12.1,9.8,7.5,3.0
CA,6073,San Diego County,6073010601,6073010601,0.0264,5.6,194625.0,4.5,11.4,0.0,0.0,100.0,9.0,3.9,5.3,1.1
CA,6073,San Diego County,6073010800,6073010800,0.0896,9.8,123271.0,0.7,13.9,4.1,6.29,16.35,6.4,2.7,5.2,0.4
CA,6073,San Diego County,6073010900,6073010900,0.224,0.9,168438.0,4.5,14.0,4.7,3.43,9.02,8.5,6.7,5.2,0.5
CA,6073,San Diego County,6073011000,6073011000,0.3979,3.5,101012.0,3.4,38.1,1.8,0.0,2.51,10.5,5.5,2.5,1.1
CA,6073,San Diego County,6073011100,6073011100,0.3872,5.2,116827.0,4.0,28.9,9.4,0.0,53.31,18.0,7.7,4.7,0.6
CA,6073,San Diego County,6073011300,6073011300,0.0118,20.2,152000.0,0.0,12.5,0.0,4.16,96.1,4.4,0.0,0.0,0.0
CA,6073,San Diego County,6073011601,6073011601,0.8843,20.7,62212.0,12.0,44.7,4.7,8.08,25.72,9.5,5.3,12.7,16.3
CA,6073,San Diego County,6073011602,6073011602,0.8688,11.6,53920.0,6.9,37.5,13.7,0.0,6.36,7.3,1.0,13.1,12.0
CA,6073,San Diego County,6073011700,6073011700,0.9642,13.0,51627.0,12.8,44.0,19.9,0.0,30.71,19.8,3.4,25.5,16.8
CA,6073,San Diego County,6073011801,6073011801,0.9348,29.1,49427.0,25.9,52.3,5.1,0.0,36.67,7.4,11.8,12.7,19.1
CA,6073,San Diego County,6073011802,6073011802,0.9486,15.0,56540.0,18.1,53.7,2.7,0.11,0.0,9.5,10.9,13.3,19.1
CA,6073,San Diego County,6073011902,6073011902,0.7914,5.8,74583.0,8.6,38.6,16.5,3.38,14.6,18.5,4.0,23.9,10.7
CA,6073,San Diego County,6073012002,6073012002,0.986,21.3,30147.0,7.9,63.3,26.2,0.63,80.41,14.2,19.0,26.6,14.3
CA,6073,San Diego County,6073012003,6073012003,0.7011,5.7,92212.0,9.1,28.7,5.1,4.31,29.31,13.5,8.9,12.8,10.8
CA,6073,San Diego County,6073012101,6073012101,0.7114,12.7,90286.0,15.6,36.1,10.5,6.92,51.22,14.5,11.8,21.2,6.6
CA,6073,San Diego County,6073012102,6073012102,0.7924,17.0,63849.0,9.4,45.5,4.6,4.4,45.29,13.5,7.9,8.6,12.9
CA,6073,San Diego County,6073012200,6073012200,0.7709,16.0,58807.0,14.9,49.9,1.7,4.58,71.04,10.8,12.3,4.5,10.6
CA,6073,San Diego County,6073012302,6073012302,0.9496,15.7,42670.0,13.9,54.1,19.5,0.0,8.1,17.3,9.1,15.7,12.9
CA,6073,San Diego County,6073012303,6073012303,0.7824,11.2,77756.0,10.2,38.9,12.8,0.67,39.0,14.4,8.9,13.4,6.3
CA,6073,San Diego County,6073012304,6073012304,0.5899,12.1,93672.0,10.6,34.8,8.6,2.09,72.07,13.1,6.8,9.2,5.7
CA,6073,San Diego County,6073012401,6073012401,0.7791,10.4,88714.0,19.8,21.3,7.9,3.93,94.4,8.3,6.7,16.0,15.6
CA,6073,San Diego County,6073012402,6073012402,0.9137,18.0,59313.0,12.5,49.1,2.8,1.35,0.0,14.5,8.3,7.5,8.4
CA,6073,San Diego County,6073012501,6073012501,0.9917,27.4,41182.0,12.6,48.0,13.6,1.75,100.0,9.8,21.9,16.7,24.9
CA,6073,San Diego County,6073012502,6073012502,0.9491,16.4,54508.0,12.9,49.8,9.2,0.0,0.0,11.9,7.5,10.5,15.2
CA,6073,San Diego County,6073012600,6073012600,0.9399,16.7,72071.0,12.2,39.3,7.9,8.51,76.09,10.3,19.1,15.3,11.3
CA,6073,San Diego County,6073012700,6073012700,0.8919,10.6,62461.0,10.1,48.8,10.1,5.85,33.64,14.5,11.9,13.2,12.9
CA,6073,San Diego County,6073012800,6073012800,0.8563,6.7,81811.0,10.0,36.3,8.9,14.15,70.23,12.8,12.3,9.7,11.1
CA,6073,San Diego County,6073012900,6073012900,0.3281,3.5,101321.0,6.6,23.8,0.0,3.08,36.91,8.5,5.2,9.2,5.0
CA,6073,San Diego County,6073013000,6073013000,0.8543,11.3,80625.0,16.4,34.7,7.5,0.0,35.42,13.4,9.0,18.0,13.3
CA,6073,San Diego County,6073013102,6073013102,0.9363,11.8,63585.0,11.1,46.1,7.8,2.9,16.9,9.0,17.5,8.6,12.0
CA,6073,San Diego County,6073013103,6073013103,0.8303,18.2,67250.0,10.5,43.6,5.8,0.0,23.23,5.9,10.3,13.1,16.8
CA,6073,San Diego County,6073013104,6073013104,0.9762,13.1,51935.0,11.6,60.2,7.7,0.0,18.06,11.0,17.3,12.2,21.4
CA,6073,San Diego County,6073013203,6073013203,0.9812,14.4,50647.0,12.1,49.9,18.0,0.0,5.24,10.1,12.2,13.2,21.1
CA,6073,San Diego County,6073013204,6073013204,0.9338,8.0,56010.0,14.3,32.4,8.1,0.0,66.62,15.4,14.6,9.1,13.2
CA,6073,San Diego County,6073013205,6073013205,0.9191,15.0,72011.0,14.5,27.5,3.7,3.03,59.12,8.0,24.3,9.4,26.5
CA,6073,San Diego County,6073013206,6073013206,0.9868,22.1,50913.0,6.4,52.4,6.5,0.0,0.0,13.6,13.9,12.7,14.7
CA,6073,San Diego County,6073013301,6073013301,0.4746,9.5,100367.0,10.4,25.1,0.6,2.6,72.3,11.2,9.1,9.8,6.3
CA,6073,San Diego County,6073013302,6073013302,0.4062,7.8,111544.0,8.7,21.0,0.5,12.74,100.0,10.8,2.7,3.8,5.5
CA,6073,San Diego County,6073013303,6073013303,0.8993,6.6,71875.0,7.3,33.2,5.1,1.24,29.22,16.1,9.8,12.1,13.0
CA,6073,San Diego County,6073013306,6073013306,0.7377,10.6,97679.0,9.0,31.5,2.5,0.0,0.35,10.0,11.3,2.2,6.5
CA,6073,San Diego County,6073013307,6073013307,0.824,24.5,76750.0,13.0,38.2,0.0,8.86,57.66,10.2,21.2,2.3,10.7
CA,6073,San Diego County,6073013308,6073013308,0.709,10.2,82992.0,8.2,28.9,2.9,1.77,0.81,9.0,9.9,11.3,12.7
CA,6073,San Diego County,6073013309,6073013309,0.2729,4.3,135964.0,7.7,19.9,0.5,0.0,28.04,11.8,6.2,4.6,3.3
CA,6073,San Diego County,6073013312,6073013312,0.668,7.9,84719.0,5.5,24.0,18.6,0.0,12.22,11.3,7.0,21.7,11.4
CA,6073,San Diego County,6073013315,6073013315,0.0971,8.8,136181.0,5.8,13.8,0.0,0.0,0.57,6.6,3.7,0.0,4.7
CA,6073,San Diego County,6073013316,6073013316,0.1606,7.2,137137.0,1.8,19.1,1.5,0.0,48.41,7.7,4.4,3.6,4.7
CA,6073,San Diego County,6073013317,6073013317,0.2591,5.9,142096.0,3.5,17.8,1.1,0.0,56.95,4.5,7.7,0.0,4.9
CA,6073,San Diego County,6073013318,6073013318,0.1346,2.3,147188.0,5.3,8.6,2.2,3.26,20.91,3.9,1.3,0.0,4.5
CA,6073,San Diego County,6073013319,6073013319,0.2544,4.6,132525.0,6.8,21.0,3.7,2.28,33.72,9.7,3.1,3.3,2.9
CA,6073,San Diego County,6073013320,6073013320,0.1335,2.6,129383.0,4.0,16.9,2.5,9.04,30.92,6.3,6.8,0.0,3.1
CA,6073,San Diego County,6073013321,6073013321,0.2999,9.7,141852.0,2.6,22.7,0.6,7.93,21.05,7.3,9.0,0.0,2.7
CA,6073,San Diego County,6073013322,6073013322,0.5344,0.8,130807.0,2.3,24.7,0.0,6.4,61.68,17.9,3.8,0.0,4.1
CA,6073,San Diego County,6073013323,6073013323,0.1998,5.4,146053.0,7.4,16.2,0.0,3.42,77.0,6.7,1.8,0.0,2.0
CA,6073,San Diego County,6073013324,6073013324,0.168,0.0,122303.0,4.8,1.6,0.0,3.21,30.54,12.3,0.0,0.0,2.4
CA,6073,San Diego County,6073013325,6073013325,0.5264,8.0,100679.0,9.0,21.7,2.9,10.67,10.72,5.1,2.9,7.5,9.8
CA,6073,San Diego County,6073013326,6073013326,0.1045,0.5,197565.0,2.5,0.6,0.0,1.32,44.31,11.2,8.9,0.0,2.1
CA,6073,San Diego County,6073013327,6073013327,0.3985,8.1,139281.0,1.9,15.5,1.8,2.56,100.0,6.8,0.4,5.4,6.4
CA,6073,San Diego County,6073013401,6073013401,0.4834,6.3,125000.0,2.4,23.4,2.1,2.71,64.07,12.3,10.6,3.6,7.0
CA,6073,San Diego County,6073013409,6073013409,0.4748,5.8,105250.0,7.1,29.2,1.3,0.0,13.5,8.2,7.6,9.1,3.0
CA,6073,San Diego County,6073013411,6073013411,0.1257,5.4,159861.0,4.3,13.7,1.6,0.0,87.19,9.3,5.7,6.5,2.9
CA,6073,San Diego County,6073013412,6073013412,0.6556,3.9,117569.0,6.4,23.9,1.5,0.0,47.7,12.1,9.6,1.7,6.6
CA,6073,San Diego County,6073013414,6073013414,0.2334,6.2,136061.0,6.3,13.4,3.8,0.0,95.47,9.5,6.2,1.7,3.1
CA,6073,San Diego County,6073013415,6073013415,0.0631,0.7,149063.0,3.6,11.0,6.6,8.25,84.02,7.7,2.7,0.0,2.3
CA,6073,San Diego County,6073013416,6073013416,0.3087,4.8,120642.0,3.0,13.1,0.0,0.0,69.93,14.4,4.9,3.9,5.5
CA,6073,San Diego County,6073013417,6073013417,0.2008,4.1,147100.0,4.8,14.3,1.8,5.4,100.0,9.4,7.3,2.8,3.1
CA,6073,San Diego County,6073013418,6073013418,0.5509,10.0,90826.0,6.4,25.4,3.9,1.72,66.98,9.5,17.4,4.7,4.6
CA,6073,San Diego County,6073013420,6073013420,0.3056,9.6,106250.0,5.9,30.6,2.9,0.0,52.05,5.5,4.7,1.7,1.9
CA,6073,San Diego County,6073013421,6073013421,0.2876,10.1,135000.0,0.9,13.7,1.8,0.15,54.59,15.2,6.1,6.0,5.5
CA,6073,San Diego County,6073013422,6073013422,0.095,3.1,147434.0,7.7,14.3,0.8,2.58,1.93,11.7,8.3,2.7,0.8
CA,6073,San Diego County,6073013423,6073013423,0.3271,1.5,92036.0,6.3,20.3,9.5,1.32,52.53,6.8,1.2,23.0,5.4
CA,6073,San Diego County,6073013424,6073013424,0.2675,3.1,154352.0,6.0,20.4,0.4,0.74,24.78,7.7,13.2,0.6,3.1
CA,6073,San Diego County,6073013425,6073013425,0.1431,3.9,177000.0,4.4,4.8,0.0,2.41,22.15,10.2,9.8,0.0,3.4
CA,6073,San Diego County,6073013503,6073013503,0.6202,13.7,91875.0,5.9,29.1,7.8,6.03,63.53,7.9,9.1,2.8,1.1
CA,6073,San Diego County,6073013504,6073013504,0.1487,4.1,131479.0,4.4,20.8,2.0,5.68,97.36,10.6,7.5,1.0,2.2
CA,6073,San Diego County,6073013505,6073013505,0.6076,21.8,98563.0,6.8,29.8,2.0,2.89,75.34,10.5,8.3,1.6,3.0
CA,6073,San Diego County,6073013506,6073013506,0.4998,14.5,86006.0,10.3,26.5,0.0,0.0,100.0,6.9,4.8,11.2,10.3
CA,6073,San Diego County,6073013601,6073013601,0.5385,6.5,108969.0,7.9,18.2,7.5,1.0,43.3,13.8,6.8,4.6,2.2
CA,6073,San Diego County,6073013604,6073013604,0.3949,4.7,106773.0,9.1,26.2,2.0,6.31,100.0,12.9,2.3,6.4,5.9
CA,6073,San Diego County,6073013605,6073013605,0.1165,5.8,129400.0,0.4,23.3,1.5,0.0,98.55,11.4,0.8,1.7,1.4
CA,6073,San Diego County,6073013607,6073013607,0.6317,21.4,68792.0,0.8,39.8,2.7,2.19,76.97,17.4,15.3,12.7,0.8
CA,6073,San Diego County,6073013608,6073013608,0.6837,8.8,84083.0,8.9,31.3,17.3,0.98,82.85,13.7,10.7,14.6,3.3
CA,6073,San Diego County,6073013701,6073013701,0.2404,8.9,116196.0,2.3,26.0,12.0,4.58,73.96,14.7,3.9,2.5,2.1
CA,6073,San Diego County,6073013702,6073013702,0.6768,9.0,88644.0,8.5,29.7,2.7,9.64,93.32,8.5,7.2,3.8,4.0
CA,6073,San Diego County,6073013801,6073013801,0.5531,14.6,94615.0,9.6,30.3,12.7,13.76,100.0,10.2,5.7,14.8,9.9
CA,6073,San Diego County,6073013802,6073013802,0.8801,17.6,65703.0,10.5,42.4,1.9,4.52,100.0,17.1,8.4,7.3,8.4
CA,6073,San Diego County,6073013903,6073013903,0.6991,4.8,94792.0,10.7,23.0,12.5,8.77,80.85,15.7,5.4,20.3,5.6
CA,6073,San Diego County,6073013905,6073013905,0.357,2.8,121328.0,6.0,18.9,0.0,0.8,100.0,12.4,9.5,5.3,1.2
CA,6073,San Diego County,6073013906,6073013906,0.7074,13.1,71325.0,4.6,43.4,8.8,3.61,81.13,13.4,5.0,6.3,2.9
CA,6073,San Diego County,6073013907,6073013907,0.9121,21.3,56771.0,18.4,46.2,3.1,4.05,87.49,12.8,8.5,3.4,9.2
CA,6073,San Diego County,6073013908,6073013908,0.7188,13.0,76604.0,17.5,30.3,7.3,8.97,59.27,9.6,14.5,6.8,5.2
CA,6073,San Diego County,6073013909,6073013909,0.625,9.2,89135.0,12.0,30.3,2.1,1.88,100.0,14.8,11.3,5.2,9.0
CA,6073,San Diego County,6073014001,6073014001,0.5919,14.2,79750.0,10.9,33.3,1.8,6.66,79.78,13.9,15.2,1.8,4.1
CA,6073,San Diego County,6073014002,6073014002,0.6323,12.3,83042.0,7.6,29.9,5.5,6.04,61.61,9.9,5.6,4.2,7.0
CA,6073,San Diego County,6073014101,6073014101,0.332,3.0,97401.0,8.3,19.9,1.8,0.0,51.62,15.1,6.7,5.9,3.4
CA,6073,San Diego County,6073014102,6073014102,0.5545,6.3,91545.0,12.7,23.8,4.3,0.0,40.73,9.0,2.3,6.6,8.2
CA,6073,San Diego County,6073014200,6073014200,0.3118,7.7,104449.0,4.7,25.6,1.7,0.05,91.04,10.7,9.5,6.9,1.5
CA,6073,San Diego County,6073014300,6073014300,0.5483,9.0,85717.0,10.5,25.7,1.3,0.0,9.93,10.9,4.2,6.7,7.1
CA,6073,San Diego County,6073014400,6073014400,0.9025,16.7,37722.0,8.9,63.8,11.8,6.64,20.95,17.7,3.6,16.3,7.1
CA,6073,San Diego County,6073014500,6073014500,0.6228,15.7,77232.0,4.4,35.8,4.4,5.07,34.74,11.1,6.3,7.2,2.6
CA,6073,San Diego County,6073014601,6073014601,0.759,19.1,56714.0,9.5,36.6,14.8,1.52,52.56,23.3,8.0,16.5,7.7
CA,6073,San Diego County,6073014602,6073014602,0.0614,2.6,128750.0,3.2,18.4,1.7,5.22,38.26,6.0,4.1,3.4,0.7
CA,6073,San Diego County,6073014701,6073014701,0.0649,6.0,92778.0,2.0,24.7,3.6,0.0,1.84,8.0,5.0,2.6,0.0
CA,6073,San Diego County,6073014702,6073014702,0.3725,3.3,103576.0,2.2,22.1,4.6,15.23,87.7,10.7,2.9,16.3,7.2
CA,6073,San Diego County,6073014803,6073014803,0.554,13.9,76453.0,5.3,42.1,12.2,2.58,18.9,12.5,7.4,6.8,0.6
CA,6073,San Diego County,6073014804,6073014804,0.4926,6.7,73591.0,2.9,36.7,4.2,1.33,18.29,13.0,9.6,5.3,3.6
CA,6073,San Diego County,6073014805,6073014805,0.4322,11.5,81513.0,6.2,34.9,5.4,0.0,40.84,6.1,6.0,1.7,0.0
CA,6073,San Diego County,6073014806,6073014806,0.7332,25.9,55769.0,8.5,45.7,12.2,8.3,81.19,17.2,6.0,15.2,3.8
CA,6073,San Diego County,6073014901,6073014901,0.6212,11.1,76719.0,9.9,42.2,7.8,8.16,22.42,11.8,7.6,3.1,3.3
CA,6073,San Diego County,6073014902,6073014902,0.4619,8.9,72774.0,6.2,41.3,12.6,0.11,78.91,7.5,3.5,6.6,3.0
CA,6073,San Diego County,6073015001,6073015001,0.3938,27.4,88654.0,1.7,25.2,2.0,2.87,97.79,13.4,5.9,7.0,1.0
CA,6073,San Diego County,6073015002,6073015002,0.7416,10.4,56448.0,9.1,69.7,16.3,2.09,61.87,13.0,19.0,1.8,0.7
CA,6073,San Diego County,6073015100,6073015100,0.4361,5.7,96690.0,7.0,27.4,2.4,3.69,88.61,10.1,5.4,3.8,3.4
CA,6073,San Diego County,6073015200,6073015200,0.0923,1.5,155068.0,3.3,8.4,0.9,1.0,89.91,10.2,7.5,5.4,0.8
CA,6073,San Diego County,6073015301,6073015301,0.5293,18.1,62961.0,6.7,47.8,4.6,4.09,98.75,10.2,7.9,4.5,5.7
CA,6073,San Diego County,6073015302,6073015302,0.4148,4.7,118000.0,5.1,25.1,0.4,0.0,44.52,11.2,7.2,6.8,3.0
CA,6073,San Diego County,6073015403,6073015403,0.0311,1.9,160380.0,3.7,11.5,0.5,0.23,57.16,9.0,4.2,10.2,1.5
CA,6073,San Diego County,6073015405,6073015405,0.245,4.1,132531.0,3.4,14.2,2.4,5.48,75.78,8.4,8.5,4.4,2.8
CA,6073,San Diego County,6073015406,6073015406,0.0935,3.9,134000.0,1.7,9.9,0.6,1.56,97.47,6.6,8.7,1.8,3.0
CA,6073,San Diego County,6073015407,6073015407,0.8499,25.7,50903.0,10.7,61.3,14.6,4.01,98.36,17.7,10.1,3.6,16.1
CA,6073,San Diego County,6073015408,6073015408,0.4319,8.0,88080.0,2.2,23.5,3.9,1.99,3.23,18.2,3.4,7.4,5.9
CA,6073,San Diego County,6073015501,6073015501,0.2674,4.1,109046.0,5.6,21.4,0.8,1.37,99.13,16.9,7.1,7.8,1.4
CA,6073,San Diego County,6073015502,6073015502,0.2701,6.5,120000.0,8.9,19.8,0.3,0.0,93.17,9.1,7.3,4.6,0.2
CA,6073,San Diego County,6073015601,6073015601,0.7433,18.5,59941.0,6.0,50.2,5.3,6.88,14.5,16.9,13.0,5.2,6.4
CA,6073,San Diego County,6073015602,6073015602,0.2069,9.2,137120.0,4.4,16.2,6.5,6.19,87.51,8.2,10.1,1.4,0.0
CA,6073,San Diego County,6073015701,6073015701,0.8962,36.1,45122.0,9.1,61.9,6.4,1.85,75.66,9.5,5.4,5.3,11.6
CA,6073,San Diego County,6073015704,6073015704,0.8575,14.4,52679.0,2.3,43.3,5.0,0.0,0.0,17.1,6.1,5.1,16.9
CA,6073,San Diego County,6073015705,6073015705,0.9324,18.6,54559.0,7.1,51.2,6.4,0.0,87.84,25.1,9.9,11.0,18.2
CA,6073,San Diego County,6073015706,6073015706,0.9903,33.8,27813.0,1.7,66.1,23.1,2.26,82.42,34.8,12.9,11.5,30.9
CA,6073,San Diego County,6073015801,6073015801,0.8144,14.2,49878.0,7.6,60.4,11.5,14.01,37.85,16.5,8.7,11.2,9.5
CA,6073,San Diego County,6073015802,6073015802,0.9783,22.9,62060.0,10.3,57.9,12.9,0.71,20.86,14.3,14.5,11.0,15.9
CA,6073,San Diego County,6073015901,6073015901,0.9935,24.1,42778.0,12.0,60.9,10.8,13.05,96.54,13.0,8.1,11.8,21.8
CA,6073,San Diego County,6073015902,6073015902,0.8077,18.5,48429.0,6.4,52.7,17.7,2.89,9.76,17.5,9.3,2.1,17.7
CA,6073,San Diego County,6073016000,6073016000,0.4472,15.5,93902.0,10.3,30.6,7.2,8.13,95.37,7.8,6.5,10.6,9.7
CA,6073,San Diego County,6073016100,6073016100,0.4128,7.6,101588.0,4.1,33.4,2.5,1.87,54.92,14.7,4.5,9.5,4.2
CA,6073,San Diego County,6073016201,6073016201,0.1886,4.6,131836.0,2.6,15.5,3.4,3.61,71.75,8.4,7.0,5.8,0.5
CA,6073,San Diego County,6073016202,6073016202,0.6721,16.7,81545.0,10.0,31.9,12.2,9.98,63.73,13.0,10.5,6.4,2.8
CA,6073,San Diego County,6073016301,6073016301,0.7783,21.9,58899.0,12.0,53.7,12.0,0.67,49.77,15.2,10.5,9.8,10.6
CA,6073,San Diego County,6073016302,6073016302,0.9531,31.1,48558.0,12.9,51.7,3.0,3.99,40.96,13.8,8.0,13.3,15.1
CA,6073,San Diego County,6073016401,6073016401,0.5705,7.9,107713.0,5.1,24.9,5.1,0.75,37.1,12.5,4.0,7.9,2.0
CA,6073,San Diego County,6073016403,6073016403,0.6306,11.3,76875.0,5.5,33.8,9.5,0.0,62.2,10.2,7.0,4.4,4.4
CA,6073,San Diego County,6073016404,6073016404,0.9196,34.8,48125.0,6.0,58.6,8.9,0.86,13.13,21.2,18.9,15.3,12.4
CA,6073,San Diego County,6073016502,6073016502,0.7179,20.2,72977.0,6.1,42.0,6.1,0.0,51.78,14.6,6.3,8.7,4.5
CA,6073,San Diego County,6073016503,6073016503,0.531,11.7,96500.0,8.5,27.3,6.3,7.59,100.0,9.6,6.2,3.8,0.6
CA,6073,San Diego County,6073016504,6073016504,0.8434,15.0,55219.0,14.1,55.5,12.4,3.8,20.14,9.8,10.7,15.3,6.8
CA,6073,San Diego County,6073016606,6073016606,0.1819,1.1,122569.0,4.2,24.4,1.8,1.25,84.69,10.0,6.5,0.5,0.6
CA,6073,San Diego County,6073016607,6073016607,0.3678,7.8,132539.0,2.9,23.7,1.9,2.6,62.85,9.1,5.7,5.8,2.4
CA,6073,San Diego County,6073016608,6073016608,0.2044,9.2,129911.0,4.6,25.0,3.4,5.94,73.06,16.4,3.6,2.4,0.4
CA,6073,San Diego County,6073016609,6073016609,0.2314,8.1,118758.0,2.2,15.4,3.1,0.09,90.68,13.0,5.9,3.1,1.5
CA,6073,San Diego County,6073016610,6073016610,0.2373,11.3,88333.0,2.1,34.0,2.0,2.37,31.38,11.6,5.0,2.1,0.9
CA,6073,San Diego County,6073016613,6073016613,0.2655,1.2,104861.0,6.0,30.8,0.9,7.45,89.41,14.4,13.7,4.2,1.8
CA,6073,San Diego County,6073016614,6073016614,0.4861,17.9,116406.0,7.1,22.0,5.3,1.35,31.11,9.7,8.7,3.4,1.9
CA,6073,San Diego County,6073016615,6073016615,0.3228,5.3,137792.0,3.0,19.6,3.9,2.07,29.92,11.4,3.3,1.7,1.8
CA,6073,San Diego County,6073016616,6073016616,0.7295,6.8,86786.0,3.2,35.5,2.5,1.96,38.11,12.4,5.8,6.6,6.7
CA,6073,San Diego County,6073016617,6073016617,0.723,14.9,65227.0,7.4,40.1,9.2,0.0,37.67,26.3,9.5,13.0,4.8
CA,6073,San Diego County,6073016618,6073016618,0.2917,8.1,95684.0,3.4,17.4,1.3,8.19,42.08,11.1,3.0,6.9,3.8
CA,6073,San Diego County,6073016619,6073016619,0.4837,8.6,73958.0,3.3,39.4,4.0,0.0,15.98,13.2,5.4,6.1,2.2
CA,6073,San Diego County,6073016620,6073016620,0.195,3.8,90119.0,2.6,20.5,1.3,0.77,64.76,10.7,2.4,4.7,0.0
CA,6073,San Diego County,6073016621,6073016621,0.0634,7.9,126731.0,2.9,11.5,0.0,5.19,70.11,11.1,4.4,2.2,4.3
CA,6073,San Diego County,6073016703,6073016703,0.4139,3.4,108952.0,1.3,29.9,2.7,6.49,65.59,10.4,6.1,8.0,12.0
CA,6073,San Diego County,6073016704,6073016704,0.5728,8.5,107891.0,2.3,23.4,5.9,4.52,78.91,15.7,5.3,10.9,1.3
CA,6073,San Diego County,6073016705,6073016705,0.7521,7.0,58030.0,4.7,53.2,8.0,3.6,1.73,14.3,7.4,8.9,1.7
CA,6073,San Diego County,6073016706,6073016706,0.5929,16.6,91250.0,5.6,35.8,1.8,0.0,100.0,9.4,10.5,0.0,1.2
CA,6073,San Diego County,6073016804,6073016804,0.7054,9.7,79729.0,7.7,34.7,2.5,0.0,45.23,12.5,10.2,8.1,2.5
CA,6073,San Diego County,6073016806,6073016806,0.6542,10.7,74750.0,5.0,29.5,4.4,4.43,95.21,18.5,2.2,9.6,5.7
CA,6073,San Diego County,6073016807,6073016807,0.3971,6.9,106934.0,3.9,20.3,2.5,3.13,83.51,14.8,6.3,5.3,2.4
CA,6073,San Diego County,6073016809,6073016809,0.6017,10.0,92819.0,4.6,22.4,5.6,0.0,56.01,14.7,6.8,8.4,3.5
CA,6073,San Diego County,6073016810,6073016810,0.1532,7.0,141125.0,5.7,16.6,0.7,0.0,88.4,10.3,5.8,6.5,1.2
CA,6073,San Diego County,6073016811,6073016811,0.3417,6.2,101620.0,2.7,28.4,5.2,1.02,100.0,11.6,6.3,9.0,0.7
CA,6073,San Diego County,6073016812,6073016812,0.4518,8.1,75263.0,3.7,28.7,9.1,9.57,79.91,24.2,2.8,11.5,0.6
CA,6073,San Diego County,6073016813,6073016813,0.376,5.8,111250.0,9.8,29.9,0.0,8.27,100.0,24.1,6.8,5.9,1.8
CA,6073,San Diego County,6073016901,6073016901,0.1689,4.7,110750.0,2.2,25.4,4.7,0.0,100.0,16.1,1.7,7.0,0.3
CA,6073,San Diego County,6073016902,6073016902,0.4868,11.6,100441.0,8.6,19.0,0.1,2.92,94.5,17.6,5.8,12.9,1.9
CA,6073,San Diego County,6073017006,6073017006,0.1715,5.7,160268.0,2.7,13.1,2.2,8.26,77.42,14.4,9.0,9.5,1.2
CA,6073,San Diego County,6073017009,6073017009,0.3262,4.0,92917.0,4.2,21.0,1.8,3.74,67.2,9.1,3.9,3.5,5.8
CA,6073,San Diego County,6073017010,6073017010,0.2056,1.6,185250.0,4.3,9.9,0.8,0.0,100.0,9.2,5.9,8.2,1.8
CA,6073,San Diego County,6073017014,6073017014,0.3727,8.7,71842.0,0.0,34.6,15.5,2.86,22.74,27.7,6.6,14.8,3.3
CA,6073,San Diego County,6073017018,6073017018,0.3639,5.9,86875.0,2.3,31.8,3.2,12.71,80.87,10.3,3.5,4.2,6.6
CA,6073,San Diego County,6073017020,6073017020,0.074,3.5,175662.0,2.9,12.0,1.2,0.0,100.0,6.7,3.8,8.4,1.7
CA,6073,San Diego County,6073017021,6073017021,0.1605,6.9,198472.0,5.0,6.3,0.0,3.05,98.92,4.1,6.5,1.2,9.4
CA,6073,San Diego County,6073017022,6073017022,0.1086,3.4,117054.0,1.5,19.3,3.9,0.0,21.54,8.4,4.1,1.3,1.0
CA,6073,San Diego County,6073017031,6073017031,0.1156,2.0,128214.0,1.5,19.2,1.1,0.0,66.57,8.2,0.2,5.0,4.0
CA,6073,San Diego County,6073017033,6073017033,0.2615,2.9,163512.0,5.4,13.7,1.3,0.0,60.36,8.2,6.0,1.5,5.3
CA,6073,San Diego County,6073017034,6073017034,0.3095,3.4,120089.0,2.2,18.9,2.8,1.38,86.11,11.1,6.8,2.0,3.0
CA,6073,San Diego County,6073017035,6073017035,0.4662,18.2,122765.0,5.1,20.9,10.3,20.92,93.77,9.6,6.3,4.3,7.9
CA,6073,San Diego County,6073017036,6073017036,0.1052,3.3,125789.0,6.0,6.1,0.8,0.0,0.94,9.1,4.2,0.0,4.1
CA,6073,San Diego County,6073017037,6073017037,0.2444,8.5,130833.0,2.8,16.2,3.2,0.87,69.68,9.6,5.9,3.7,5.5
CA,6073,San Diego County,6073017039,6073017039,0.1816,5.0,137330.0,2.1,17.5,3.1,6.78,100.0,5.2,5.1,7.0,4.0
CA,6073,San Diego County,6073017040,6073017040,0.2951,7.5,157976.0,2.7,17.5,0.9,0.0,65.28,11.8,9.2,2.6,2.1
CA,6073,San Diego County,6073017041,6073017041,0.1825,2.1,137326.0,1.7,15.6,0.7,8.1,45.09,13.4,8.0,8.2,3.0
CA,6073,San Diego County,6073017043,6073017043,0.2087,7.2,154764.0,1.9,18.2,5.8,5.48,62.17,7.4,3.4,2.4,5.0
CA,6073,San Diego County,6073017044,6073017044,0.0371,1.7,183571.0,2.7,9.1,0.1,2.14,72.86,4.0,3.8,0.8,2.7
CA,6073,San Diego County,6073017045,6073017045,0.0441,1.9,215500.0,2.0,10.6,0.6,0.0,99.4,5.8,6.7,2.1,2.1
CA,6073,San Diego County,6073017046,6073017046,0.0513,4.0,168958.0,0.6,8.7,0.0,0.24,89.01,7.6,4.9,2.0,2.2
CA,6073,San Diego County,6073017047,6073017047,0.0176,0.1,175827.0,1.1,5.9,2.6,0.92,100.0,8.7,1.8,3.0,0.9
CA,6073,San Diego County,6073017048,6073017048,0.5404,9.0,91118.0,5.8,26.8,1.1,1.68,32.63,9.9,3.7,8.3,8.5
CA,6073,San Diego County,6073017049,6073017049,0.3829,7.8,113056.0,5.8,17.0,5.9,0.0,88.27,8.9,2.1,11.3,5.3
CA,6073,San Diego County,6073017050,6073017050,0.7869,18.4,67857.0,6.4,43.2,4.5,4.93,65.65,10.6,8.8,4.9,8.4
CA,6073,San Diego County,6073017051,6073017051,0.1104,4.0,117153.0,2.1,16.4,0.8,2.17,42.79,13.9,6.9,4.1,4.4
CA,6073,San Diego County,6073017052,6073017052,0.182,0.5,118253.0,7.3,19.6,2.0,5.89,90.87,9.0,4.6,1.5,6.9
CA,6073,San Diego County,6073017053,6073017053,0.091,1.9,200833.0,2.2,11.5,0.0,6.33,95.87,3.3,11.0,3.2,1.1
CA,6073,San Diego County,6073017054,6073017054,0.3711,4.1,133375.0,4.2,21.4,6.4,9.67,86.35,11.6,2.6,5.0,2.7
CA,6073,San Diego County,6073017055,6073017055,0.0425,1.6,149327.0,2.3,9.3,1.1,0.14,30.56,4.1,1.5,1.6,2.1
CA,6073,San Diego County,6073017056,6073017056,0.4062,3.5,114490.0,3.2,26.1,2.5,0.0,40.44,14.4,5.3,0.8,3.8
CA,6073,San Diego County,6073017057,6073017057,0.0546,4.4,176581.0,0.8,16.7,3.0,1.79,0.41,10.0,0.4,1.2,2.1
CA,6073,San Diego County,6073017058,6073017058,0.1178,7.2,138961.0,1.6,23.2,0.6,0.0,17.47,7.0,6.3,4.4,1.2
CA,6073,San Diego County,6073017059,6073017059,0.241,10.1,86542.0,0.0,32.4,2.1,0.69,54.69,15.3,11.9,6.1,0.9
CA,6073,San Diego County,6073017060,6073017060,0.0252,5.8,143295.0,0.0,11.0,2.1,1.17,45.31,12.1,10.5,2.0,2.0
CA,6073,San Diego County,6073017061,6073017061,0.0373,9.3,154078.0,2.6,27.4,3.2,0.0,9.7,6.2,2.8,1.9,0.5
CA,6073,San Diego County,6073017062,6073017062,0.0247,11.4,250001.0,0.3,7.4,0.2,0.0,100.0,9.1,1.8,0.0,1.3
CA,6073,San Diego County,6073017063,6073017063,0.4296,1.9,142725.0,4.7,20.6,9.3,7.04,86.03,15.0,6.0,2.7,2.2
CA,6073,San Diego County,6073017064,6073017064,0.0074,0.0,215875.0,1.5,3.1,3.9,4.67,80.55,3.1,3.0,1.4,1.9
CA,6073,San Diego County,6073017065,6073017065,0.1201,0.8,195875.0,1.2,10.6,2.4,12.68,92.71,5.4,5.8,1.0,3.4
CA,6073,San Diego County,6073017066,6073017066,0.0906,11.4,183884.0,0.0,14.7,0.0,4.17,94.42,6.1,10.0,7.3,3.0
CA,6073,San Diego County,6073017067,6073017067,0.258,7.6,220882.0,1.0,12.1,4.7,0.0,84.58,8.3,5.2,5.3,4.2
CA,6073,San Diego County,6073017068,6073017068,0.0449,3.8,145585.0,2.8,19.4,0.0,2.1,90.23,4.4,5.7,2.6,4.4
CA,6073,San Diego County,6073017069,6073017069,0.1907,1.3,172833.0,1.8,15.8,10.1,1.95,27.11,13.8,4.6,0.7,0.0
CA,6073,San Diego County,6073017070,6073017070,0.5832,6.0,168212.0,6.9,16.5,3.6,0.0,89.62,8.8,12.8,0.8,7.3
CA,6073,San Diego County,6073017071,6073017071,0.2205,1.5,128933.0,4.9,20.4,1.0,0.0,30.67,1.3,2.5,0.0,10.5
CA,6073,San Diego County,6073017104,6073017104,0.1752,6.9,129133.0,5.8,16.5,5.0,6.7,82.91,7.3,2.8,5.9,1.2
CA,6073,San Diego County,6073017106,6073017106,0.0986,6.0,226548.0,2.7,16.1,0.9,0.0,100.0,7.9,4.9,4.6,0.0
CA,6073,San Diego County,6073017107,6073017107,0.0104,1.7,206833.0,2.0,8.8,0.0,0.55,80.15,8.4,6.2,0.9,0.2
CA,6073,San Diego County,6073017108,6073017108,0.0258,4.9,144167.0,1.5,12.2,3.6,2.43,59.33,6.3,5.8,4.4,1.0
CA,6073,San Diego County,6073017109,6073017109,0.0204,1.5,244638.0,4.5,3.8,0.0,0.0,37.01,5.0,6.8,1.3,1.4
CA,6073,San Diego County,6073017111,6073017111,0.0721,1.1,245191.0,0.8,10.0,0.0,5.43,70.66,6.2,10.2,2.3,0.0
CA,6073,San Diego County,6073017112,6073017112,0.0105,1.5,171385.0,1.5,2.0,2.7,1.88,30.88,6.1,0.9,0.0,0.0
CA,6073,San Diego County,6073017113,6073017113,0.2003,4.4,107059.0,7.5,19.5,1.8,5.61,89.34,6.4,1.4,0.0,5.5
CA,6073,San Diego County,6073017201,6073017201,0.0097,2.5,185518.0,0.6,22.3,2.9,0.0,43.27,8.4,1.0,5.4,0.0
CA,6073,San Diego County,6073017202,6073017202,0.0321,0.6,178365.0,0.0,6.8,0.0,2.53,66.19,7.9,4.1,0.0,0.3
CA,6073,San Diego County,6073017303,6073017303,0.0813,6.6,114649.0,2.8,23.2,1.0,4.37,43.65,3.1,1.6,2.5,4.0
CA,6073,San Diego County,6073017305,6073017305,0.0451,3.1,148147.0,1.8,24.6,1.5,6.56,78.05,7.3,2.8,0.8,1.1
CA,6073,San Diego County,6073017306,6073017306,0.0535,1.3,213400.0,0.5,15.4,0.0,0.0,49.44,8.2,6.5,3.4,0.0
CA,6073,San Diego County,6073017307,6073017307,0.2294,4.9,137614.0,3.0,25.7,12.7,4.14,0.0,8.6,2.6,6.3,6.3
CA,6073,San Diego County,6073017308,6073017308,0.4897,6.5,104886.0,14.3,34.9,6.9,2.16,87.29,7.3,4.4,3.5,5.5
CA,6073,San Diego County,6073017403,6073017403,0.0365,1.5,142736.0,0.3,17.3,0.7,2.94,61.54,13.3,8.4,6.4,0.0
CA,6073,San Diego County,6073017405,6073017405,0.3186,30.9,133618.0,13.6,28.8,0.0,0.0,66.47,4.2,3.5,2.2,14.1
CA,6073,San Diego County,6073017406,6073017406,0.2636,5.5,148750.0,0.0,25.8,14.2,7.23,94.53,17.2,1.2,16.2,0.6
CA,6073,San Diego County,6073017407,6073017407,0.0238,3.0,182305.0,0.0,8.2,2.7,0.89,17.84,6.8,5.8,4.3,0.0
CA,6073,San Diego County,6073017408,6073017408,0.1205,8.0,112095.0,4.6,26.0,0.9,2.33,68.9,6.4,6.2,0.0,0.6
CA,6073,San Diego County,6073017501,6073017501,0.2174,7.2,141458.0,4.9,22.7,6.2,0.0,36.41,8.2,5.8,1.4,0.7
CA,6073,San Diego County,6073017502,6073017502,0.2377,6.6,114167.0,3.5,18.7,0.7,0.0,32.85,8.4,1.7,7.6,3.1
CA,6073,San Diego County,6073017601,6073017601,0.207,3.5,142298.0,2.4,19.1,8.1,0.9,77.47,8.2,2.5,7.1,1.4
CA,6073,San Diego County,6073017603,6073017603,0.0488,2.4,164861.0,5.6,10.9,0.9,0.0,83.16,7.4,8.3,0.8,1.8
CA,6073,San Diego County,6073017605,6073017605,0.4344,5.1,126042.0,4.6,31.0,11.1,0.0,3.64,8.9,0.9,13.5,0.0
CA,6073,San Diego County,6073017606,6073017606,0.3082,7.9,90308.0,2.2,30.3,3.8,0.0,100.0,15.3,3.6,9.0,0.9
CA,6073,San Diego County,6073017701,6073017701,0.1239,11.5,131373.0,3.9,18.5,5.2,0.0,98.04,7.2,3.6,2.5,2.1
CA,6073,San Diego County,6073017702,6073017702,0.1311,5.2,144539.0,5.0,23.6,4.1,3.55,93.86,7.5,3.8,5.6,0.4
CA,6073,San Diego County,6073017801,6073017801,0.3921,6.0,110143.0,4.4,28.5,9.0,2.95,56.56,14.2,12.5,7.6,0.4
CA,6073,San Diego County,6073017808,6073017808,0.014,4.1,154906.0,0.7,15.2,1.9,0.99,84.79,8.1,4.4,6.4,0.0
CA,6073,San Diego County,6073017809,6073017809,0.0835,6.3,110250.0,5.0,16.9,1.7,0.0,60.75,7.4,5.9,3.1,1.2
CA,6073,San Diego County,6073017810,6073017810,0.2397,4.9,107366.0,1.1,24.1,5.1,3.69,67.24,16.0,4.0,8.6,0.6
CA,6073,San Diego County,6073017811,6073017811,0.0729,4.6,151292.0,4.9,21.9,1.1,0.0,83.0,7.1,5.6,3.3,1.4
CA,6073,San Diego County,6073017813,6073017813,0.2285,5.5,126141.0,6.0,21.6,2.7,7.91,46.79,5.3,4.5,4.9,1.0
CA,6073,San Diego County,6073017901,6073017901,0.5896,9.7,77371.0,10.9,39.7,12.9,0.0,22.66,12.5,6.8,5.4,6.7
CA,6073,San Diego County,6073017902,6073017902,0.6006,28.3,70685.0,28.1,39.6,1.2,3.78,77.96,9.2,6.9,10.3,20.4
CA,6073,San Diego County,6073018000,6073018000,0.1685,4.8,101351.0,5.0,26.8,3.9,6.44,53.2,10.5,3.8,6.5,1.1
CA,6073,San Diego County,6073018101,6073018101,0.2361,7.5,88170.0,12.5,31.4,1.3,7.97,38.86,8.8,3.3,3.6,1.8
CA,6073,San Diego County,6073018102,6073018102,0.3043,7.6,67340.0,6.2,46.7,0.8,1.15,84.61,9.9,5.4,5.3,0.8
CA,6073,San Diego County,6073018201,6073018201,0.7275,17.4,68563.0,11.6,43.7,10.8,16.57,89.21,14.8,5.9,11.5,5.0
CA,6073,San Diego County,6073018202,6073018202,0.753,10.7,68816.0,22.5,44.5,6.7,0.0,36.68,8.3,7.7,3.8,8.1
CA,6073,San Diego County,6073018301,6073018301,0.1873,2.8,71442.0,6.6,33.3,2.9,0.0,83.61,8.5,5.8,2.7,0.0
CA,6073,San Diego County,6073018302,6073018302,0.1967,9.0,63011.0,11.0,50.9,3.0,0.61,86.98,16.2,2.0,15.7,0.0
CA,6073,San Diego County,6073018400,6073018400,0.765,15.7,73365.0,8.1,30.2,12.8,0.0,2.56,16.5,6.2,10.8,7.2
CA,6073,San Diego County,6073018504,6073018504,0.5702,13.3,71607.0,14.8,43.8,2.5,0.96,24.95,9.8,12.9,5.7,1.9
CA,6073,San Diego County,6073018509,6073018509,0.9133,19.0,59048.0,18.4,47.6,13.2,3.56,5.67,15.4,13.0,5.6,15.5
CA,6073,San Diego County,6073018510,6073018510,0.7142,17.7,53958.0,7.8,37.4,5.4,3.43,98.75,18.4,5.6,15.8,6.5
CA,6073,San Diego County,6073018511,6073018511,0.578,12.6,69573.0,11.5,42.5,1.6,1.85,100.0,11.3,7.8,4.8,4.8
CA,6073,San Diego County,6073018512,6073018512,0.4586,12.3,53348.0,5.7,51.7,6.9,4.63,71.99,30.4,5.3,6.2,5.0
CA,6073,San Diego County,6073018515,6073018515,0.181,4.9,96250.0,5.5,32.1,7.1,9.14,96.09,6.5,9.2,1.7,0.2
CA,6073,San Diego County,6073018516,6073018516,0.4614,6.0,99964.0,11.8,24.6,1.7,0.0,47.81,11.2,5.4,4.5,8.3
CA,6073,San Diego County,6073018517,6073018517,0.2153,9.0,85464.0,5.8,32.2,3.4,2.15,84.75,13.0,2.0,6.7,0.9
CA,6073,San Diego County,6073018518,6073018518,0.6654,9.6,99339.0,7.9,27.2,5.4,0.0,0.0,12.6,5.4,8.7,14.1
CA,6073,San Diego County,6073018519,6073018519,0.7887,6.8,75201.0,18.6,34.0,2.8,2.99,10.95,10.2,5.2,10.7,11.5
CA,6073,San Diego County,6073018520,6073018520,0.4851,3.2,86172.0,20.9,30.4,1.8,0.72,34.03,11.6,4.2,4.4,8.5
CA,6073,San Diego County,6073018521,6073018521,0.5823,17.0,97436.0,4.5,18.8,4.1,4.66,4.62,15.4,5.7,11.1,5.9
CA,6073,San Diego County,6073018522,6073018522,0.3023,2.2,107798.0,2.5,22.7,0.7,9.0,92.33,10.2,6.3,1.4,2.1
CA,6073,San Diego County,6073018523,6073018523,0.2967,5.5,69030.0,3.4,45.1,4.5,0.0,68.56,8.9,4.1,9.3,2.0
CA,6073,San Diego County,6073018524,6073018524,0.584,19.1,98153.0,4.7,30.0,7.4,0.0,71.02,12.4,9.3,2.7,5.2
CA,6073,San Diego County,6073018525,6073018525,0.0367,3.5,145750.0,8.6,16.3,0.0,0.0,82.13,8.8,6.0,3.1,0.9
CA,6073,San Diego County,6073018601,6073018601,0.2934,5.7,137500.0,10.7,16.9,1.0,6.66,99.64,8.4,5.0,2.0,4.0
CA,6073,San Diego County,6073018608,6073018608,0.365,2.4,125160.0,6.3,18.4,2.2,4.93,58.88,23.1,3.3,4.7,4.3
CA,6073,San Diego County,6073018609,6073018609,0.79,13.4,71605.0,13.0,37.9,8.0,1.64,84.91,13.4,5.2,1.3,14.4
CA,6073,San Diego County,6073018612,6073018612,0.3185,7.0,137857.0,4.8,11.3,1.3,0.0,40.36,10.9,4.9,1.6,4.3
CA,6073,San Diego County,6073018613,6073018613,0.5615,10.9,86481.0,10.7,33.6,2.5,0.0,29.95,11.1,5.2,5.7,5.4
CA,6073,San Diego County,6073018615,6073018615,0.6782,21.0,63514.0,27.5,46.7,9.8,8.72,15.73,3.4,7.6,11.4,17.8
CA,6073,San Diego County,6073018616,6073018616,0.598,13.3,53571.0,3.4,39.6,8.9,0.0,98.47,20.1,2.7,7.6,17.3
CA,6073,San Diego County,6073018617,6073018617,0.3835,7.9,114500.0,7.7,18.6,2.4,0.0,64.82,14.1,4.7,2.2,10.4
CA,6073,San Diego County,6073018618,6073018618,0.6633,10.1,87800.0,16.2,25.8,6.1,1.24,60.25,9.1,4.5,8.2,17.4
CA,6073,San Diego County,6073018619,6073018619,0.0897,2.5,164035.0,2.9,15.8,0.0,0.67,48.09,8.0,4.3,2.0,0.8
CA,6073,San Diego County,6073018620,6073018620,0.284,4.0,86047.0,2.0,25.1,1.0,1.74,45.43,7.4,6.9,1.0,17.5
CA,6073,San Diego County,6073018621,6073018621,0.6106,3.7,96923.0,20.2,34.5,2.2,10.13,65.75,10.8,6.2,6.1,16.2
CA,6073,San Diego County,6073018622,6073018622,0.7889,18.8,70543.0,6.2,42.3,4.1,12.59,95.84,11.7,6.2,12.5,9.7
CA,6073,San Diego County,6073018700,6073018700,0.2233,9.6,60525.0,1.7,52.9,1.3,8.82,95.37,5.0,17.1,1.6,0.3
CA,6073,San Diego County,6073018801,6073018801,0.3348,6.5,111547.0,3.6,22.5,0.0,3.68,100.0,14.7,17.6,2.1,3.6
CA,6073,San Diego County,6073018803,6073018803,0.508,11.4,93821.0,7.7,33.1,2.3,0.0,96.82,7.4,8.3,1.9,2.2
CA,6073,San Diego County,6073018804,6073018804,0.0636,1.6,150417.0,5.2,20.0,2.6,0.0,33.57,11.2,5.3,2.1,0.0
CA,6073,San Diego County,6073018805,6073018805,0.433,6.7,126250.0,7.5,22.6,2.6,0.0,100.0,9.0,5.7,5.2,2.8
CA,6073,San Diego County,6073018903,6073018903,0.8179,32.1,66734.0,11.2,46.3,2.4,3.88,48.59,8.3,3.1,4.5,10.3
CA,6073,San Diego County,6073018904,6073018904,0.7885,20.3,57832.0,14.9,53.3,6.9,5.7,56.01,9.5,3.4,12.9,10.1
CA,6073,San Diego County,6073018905,6073018905,0.8686,11.3,68197.0,8.5,45.8,8.1,0.39,28.24,9.9,7.1,6.2,13.4
CA,6073,San Diego County,6073018906,6073018906,0.8476,9.1,74440.0,26.1,32.2,4.8,0.0,50.56,11.8,7.6,8.7,10.6
CA,6073,San Diego County,6073019001,6073019001,0.382,8.7,122147.0,2.8,16.8,6.1,4.65,98.39,15.2,9.4,9.1,2.0
CA,6073,San Diego County,6073019002,6073019002,0.4546,8.0,107500.0,7.5,19.0,1.4,1.24,100.0,5.8,4.8,9.2,8.4
CA,6073,San Diego County,6073019103,6073019103,0.1268,11.3,102768.0,4.4,14.6,1.8,2.72,98.32,8.0,1.9,0.8,1.8
CA,6073,San Diego County,6073019105,6073019105,0.3968,7.8,134771.0,3.0,19.3,1.8,11.18,94.26,16.8,10.7,4.7,1.7
CA,6073,San Diego County,6073019107,6073019107,0.4735,6.5,101250.0,9.3,20.7,3.7,0.0,94.93,10.9,11.8,9.0,1.6
CA,6073,San Diego County,6073019108,6073019108,0.3813,8.4,94382.0,19.6,10.1,1.5,2.83,49.82,7.0,3.9,11.0,4.6
CA,6073,San Diego County,6073019109,6073019109,0.3074,10.1,124568.0,12.2,10.7,3.4,0.0,40.58,9.1,4.1,20.9,2.1
CA,6073,San Diego County,6073019110,6073019110,0.4535,10.9,115069.0,13.6,25.0,1.1,0.88,100.0,7.8,0.9,5.2,3.6
CA,6073,San Diego County,6073019111,6073019111,0.5163,10.6,116023.0,12.5,26.0,0.3,0.0,0.0,5.4,4.0,9.2,2.6
CA,6073,San Diego County,6073019203,6073019203,0.3592,6.0,141146.0,8.2,10.7,2.0,10.39,100.0,7.9,6.0,1.2,2.1
CA,6073,San Diego County,6073019205,6073019205,0.8517,3.7,82375.0,14.8,35.8,7.5,3.77,40.87,13.5,5.7,15.7,9.9
CA,6073,San Diego County,6073019206,6073019206,0.8451,9.6,87891.0,21.5,32.1,3.8,0.0,3.11,7.2,5.2,4.2,12.3
CA,6073,San Diego County,6073019208,6073019208,0.3931,9.3,100125.0,11.9,26.6,0.3,0.0,100.0,9.1,2.8,1.5,2.0
CA,6073,San Diego County,6073019209,6073019209,0.2014,8.4,140663.0,5.4,17.5,3.1,4.66,53.5,11.6,4.2,10.9,0.0
CA,6073,San Diego County,6073019210,6073019210,0.6677,10.3,75973.0,7.7,36.3,1.1,0.04,22.72,4.2,3.5,6.3,4.5
CA,6073,San Diego County,6073019301,6073019301,0.1769,10.1,110880.0,1.5,16.1,1.4,0.0,100.0,13.1,6.6,1.4,1.4
CA,6073,San Diego County,6073019303,6073019303,0.53,11.2,105742.0,10.5,27.3,3.0,0.02,74.48,5.1,2.4,9.6,10.4
CA,6073,San Diego County,6073019304,6073019304,0.1923,3.4,89792.0,2.9,26.8,3.6,0.93,40.23,12.7,2.8,9.5,8.7
CA,6073,San Diego County,6073019305,6073019305,0.4843,6.6,74634.0,4.8,41.8,6.4,2.4,33.6,18.4,3.2,2.5,5.7
CA,6073,San Diego County,6073019403,6073019403,0.439,4.8,110020.0,6.6,20.3,2.2,3.67,62.97,7.3,9.3,2.5,7.4
CA,6073,San Diego County,6073019404,6073019404,0.6731,13.1,76944.0,18.7,34.1,7.3,0.0,20.47,7.2,5.4,3.6,15.2
CA,6073,San Diego County,6073019405,6073019405,0.5393,6.0,77153.0,13.3,38.7,4.9,0.0,7.22,7.5,4.9,10.5,5.6
CA,6073,San Diego County,6073019406,6073019406,0.6126,6.9,81743.0,6.5,29.8,7.1,0.0,62.98,11.4,7.9,10.2,2.6
CA,6073,San Diego County,6073019501,6073019501,0.9262,14.2,76767.0,20.0,33.6,9.2,0.0,5.14,7.0,8.7,4.1,17.5
CA,6073,San Diego County,6073019502,6073019502,0.8118,18.6,59844.0,14.6,51.4,6.0,0.0,21.42,5.4,8.5,2.3,13.5
CA,6073,San Diego County,6073019503,6073019503,0.8815,12.0,79148.0,15.1,36.4,4.1,0.0,3.88,9.6,7.4,4.2,10.0
CA,6073,San Diego County,6073019601,6073019601,0.4886,8.0,107550.0,15.7,28.8,0.0,0.0,54.63,7.5,4.2,8.3,3.6
CA,6073,San Diego County,6073019602,6073019602,0.8281,16.4,98901.0,6.7,23.3,9.1,4.42,51.95,7.8,12.0,11.3,9.9
CA,6073,San Diego County,6073019701,6073019701,0.602,13.9,86406.0,6.2,34.1,2.3,0.0,37.52,5.6,4.2,7.0,4.9
CA,6073,San Diego County,6073019702,6073019702,0.2963,8.3,104432.0,9.7,28.8,0.0,0.0,47.31,8.6,6.8,3.2,4.0
CA,6073,San Diego County,6073019803,6073019803,0.4608,5.7,114020.0,5.2,28.6,11.5,0.0,53.88,12.3,1.1,4.2,7.9
CA,6073,San Diego County,6073019804,6073019804,0.0675,3.3,143500.0,6.6,16.3,1.0,6.56,99.98,8.7,5.4,2.1,0.2
CA,6073,San Diego County,6073019805,6073019805,0.8647,8.2,71630.0,6.9,38.8,14.2,2.71,26.95,13.7,7.8,13.3,9.1
CA,6073,San Diego County,6073019808,6073019808,0.1073,0.6,94779.0,1.8,21.6,2.7,0.0,85.01,19.8,0.0,3.8,1.8
CA,6073,San Diego County,6073019809,6073019809,0.3552,4.4,111875.0,3.2,15.2,2.9,0.0,91.0,12.1,7.7,7.3,2.1
CA,6073,San Diego County,6073019810,6073019810,0.4874,18.3,110893.0,4.0,26.4,6.4,12.04,20.16,5.9,9.8,0.8,1.0
CA,6073,San Diego County,6073019811,6073019811,0.3653,7.7,116948.0,1.3,24.5,2.6,0.0,83.58,12.5,4.8,0.7,2.6
CA,6073,San Diego County,6073019902,6073019902,0.5455,9.2,86300.0,8.0,25.5,2.2,4.39,42.8,7.0,5.4,4.9,8.0
CA,6073,San Diego County,6073019903,6073019903,0.6348,6.7,101250.0,13.8,21.9,0.5,1.48,90.67,8.1,11.2,4.7,5.8
CA,6073,San Diego County,6073019904,6073019904,0.3822,12.5,99636.0,8.8,28.7,3.0,2.05,54.29,9.5,7.4,1.7,0.8
CA,6073,San Diego County,6073019905,6073019905,0.5423,2.9,105865.0,10.1,26.9,1.3,0.0,59.29,7.7,4.3,3.8,5.1
CA,6073,San Diego County,6073020015,6073020015,0.0757,4.9,170179.0,1.7,11.6,0.8,0.0,90.22,6.9,6.1,4.7,0.3
CA,6073,San Diego County,6073020017,6073020017,0.9085,11.4,61366.0,10.6,50.6,5.3,0.0,34.51,13.2,10.0,5.3,10.1
CA,6073,San Diego County,6073020019,6073020019,0.5514,15.7,90800.0,11.6,27.6,7.5,11.09,35.8,12.6,3.1,6.2,5.5
CA,6073,San Diego County,6073020021,6073020021,0.6177,12.3,88213.0,12.8,33.3,3.2,11.36,36.98,10.0,2.0,4.0,18.4
CA,6073,San Diego County,6073020023,6073020023,0.3555,4.6,100000.0,4.6,15.0,0.0,0.0,98.91,15.6,3.3,7.0,5.5
CA,6073,San Diego County,6073020024,6073020024,0.7079,7.1,63846.0,5.1,38.1,17.1,3.96,76.43,15.6,4.2,6.6,4.3
CA,6073,San Diego County,6073020025,6073020025,0.4515,13.8,84148.0,4.8,31.7,2.8,0.0,2.93,10.8,5.4,6.0,1.5
CA,6073,San Diego County,6073020026,6073020026,0.2542,2.0,130552.0,2.0,20.0,1.5,5.58,53.42,11.5,3.5,5.2,3.3
CA,6073,San Diego County,6073020028,6073020028,0.7981,20.8,52791.0,15.0,58.5,6.8,3.12,35.54,6.2,0.4,5.1,15.0
CA,6073,San Diego County,6073020029,6073020029,0.8933,17.8,55888.0,14.7,52.2,12.5,6.58,15.33,13.9,2.2,12.9,11.8
CA,6073,San Diego County,6073020030,6073020030,0.3467,12.3,205202.0,9.4,17.0,4.4,2.99,93.17,7.2,4.4,1.7,3.6
CA,6073,San Diego County,6073020031,6073020031,0.3506,11.9,107303.0,4.5,37.8,0.7,0.0,2.64,6.3,6.7,1.5,2.2
CA,6073,San Diego County,6073020032,6073020032,0.0718,0.9,158125.0,0.3,20.5,1.9,5.06,84.96,7.9,6.8,0.0,0.1
CA,6073,San Diego County,6073020033,6073020033,0.3104,8.8,112361.0,6.4,22.5,5.3,3.19,98.01,12.7,9.1,7.4,2.4
CA,6073,San Diego County,6073020034,6073020034,0.0012,0.6,218063.0,0.3,6.4,0.0,0.0,74.32,5.5,3.3,1.7,0.0
CA,6073,San Diego County,6073020035,6073020035,0.0346,1.8,166984.0,1.9,14.5,0.4,3.95,17.47,8.2,3.5,4.9,0.7
CA,6073,San Diego County,6073020036,6073020036,0.7976,20.2,68248.0,15.0,47.7,1.8,5.07,100.0,4.6,8.2,5.0,16.7
CA,6073,San Diego County,6073020037,6073020037,0.7624,9.0,78004.0,14.5,37.2,0.0,1.38,29.74,7.3,8.9,4.0,12.8
CA,6073,San Diego County,6073020038,6073020038,0.4243,6.6,153714.0,5.2,13.3,2.7,1.01,37.29,9.6,8.8,1.9,9.5
CA,6073,San Diego County,6073020039,6073020039,0.0157,0.7,119018.0,0.9,18.0,0.0,0.75,18.27,6.3,4.6,0.0,2.1
CA,6073,San Diego County,6073020040,6073020040,0.3457,10.2,129063.0,2.5,26.8,9.3,0.0,74.19,14.4,6.6,15.8,2.6
CA,6073,San Diego County,6073020041,6073020041,0.5575,7.8,80438.0,18.7,37.3,1.6,7.49,99.33,10.9,4.2,3.5,13.2
CA,6073,San Diego County,6073020042,6073020042,0.3787,2.1,102826.0,2.1,19.6,3.2,0.0,97.35,8.5,3.8,6.3,5.1
CA,6073,San Diego County,6073020043,6073020043,0.0385,5.1,185804.0,1.6,23.7,6.3,0.0,57.79,3.1,3.1,3.0,2.0
CA,6073,San Diego County,6073020044,6073020044,0.0598,6.3,175923.0,1.5,11.7,1.0,1.81,21.75,7.5,3.0,0.5,1.4
CA,6073,San Diego County,6073020105,6073020105,0.4611,7.0,100000.0,6.8,23.0,6.6,2.68,77.16,12.8,6.4,6.3,3.7
CA,6073,San Diego County,6073020106,6073020106,0.6458,21.0,73889.0,14.2,35.1,0.0,0.0,88.2,8.2,14.0,4.4,11.2
CA,6073,San Diego County,6073020107,6073020107,0.4875,20.2,98694.0,8.1,30.2,1.7,1.72,100.0,6.9,1.6,3.0,4.5
CA,6073,San Diego County,6073020108,6073020108,0.8029,13.1,64265.0,15.7,51.1,7.4,0.0,10.0,10.3,2.8,10.0,17.9
CA,6073,San Diego County,6073020109,6073020109,0.467,10.2,98176.0,8.2,27.5,6.7,1.66,97.36,14.2,1.8,3.7,8.3
CA,6073,San Diego County,6073020110,6073020110,0.2478,6.8,130045.0,5.9,22.1,1.3,0.0,3.72,9.6,0.8,5.6,4.7
CA,6073,San Diego County,6073020111,6073020111,0.1923,2.0,101118.0,6.4,31.4,2.4,5.04,29.4,12.3,1.7,3.4,3.0
CA,6073,San Diego County,6073020202,6073020202,0.9344,19.6,43777.0,25.6,59.1,9.5,7.9,26.49,10.4,4.0,7.3,23.3
CA,6073,San Diego County,6073020206,6073020206,0.8242,10.9,59923.0,21.4,46.6,4.5,0.0,25.98,11.2,2.9,8.6,17.8
CA,6073,San Diego County,6073020207,6073020207,0.9806,15.9,58222.0,23.2,42.7,22.3,4.81,0.0,10.8,4.9,4.6,21.2
CA,6073,San Diego County,6073020208,6073020208,0.5884,6.4,99844.0,12.7,23.7,1.2,0.0,53.82,15.2,7.2,3.2,15.3
CA,6073,San Diego County,6073020209,6073020209,0.9515,16.9,51603.0,11.0,46.1,12.1,0.33,44.06,12.3,8.7,15.6,19.9
CA,6073,San Diego County,6073020210,6073020210,0.6954,14.5,61214.0,16.1,35.8,5.0,0.0,4.94,9.3,7.0,6.2,14.4
CA,6073,San Diego County,6073020211,6073020211,0.9493,16.9,58324.0,12.2,47.9,11.3,2.09,3.46,18.5,5.5,8.1,13.0
CA,6073,San Diego County,6073020213,6073020213,0.9023,27.3,57083.0,29.6,56.0,9.3,0.0,27.47,5.3,13.6,7.8,22.3
CA,6073,San Diego County,6073020214,6073020214,0.9217,31.6,32322.0,22.4,59.7,18.8,0.0,52.22,14.4,4.2,7.9,14.7
CA,6073,San Diego County,6073020304,6073020304,0.2021,1.8,134911.0,5.5,14.8,0.0,0.0,100.0,10.1,2.8,0.0,6.1
CA,6073,San Diego County,6073020305,6073020305,0.5834,11.6,97711.0,4.7,34.8,5.8,1.64,68.81,17.0,3.7,6.7,4.2
CA,6073,San Diego County,6073020308,6073020308,0.8605,13.2,44264.0,8.9,47.6,14.6,0.0,3.05,21.5,3.5,14.8,8.1
CA,6073,San Diego County,6073020309,6073020309,0.548,7.8,105049.0,11.5,19.6,3.4,5.97,36.68,10.0,2.4,0.2,9.9
CA,6073,San Diego County,6073020310,6073020310,0.3814,8.4,117009.0,6.8,27.6,0.0,0.0,87.6,11.7,6.5,0.9,1.0
CA,6073,San Diego County,6073020311,6073020311,0.3097,14.1,98891.0,4.5,28.8,9.2,1.21,46.95,18.9,0.0,11.1,0.0
CA,6073,San Diego County,6073020312,6073020312,0.5006,4.4,101905.0,7.7,22.4,9.6,0.0,100.0,11.3,3.0,5.9,5.4
CA,6073,San Diego County,6073020313,6073020313,0.8188,20.9,60170.0,6.7,45.5,17.5,1.36,89.94,16.3,6.5,11.1,6.7
CA,6073,San Diego County,6073020401,6073020401,0.0395,4.7,144688.0,1.7,17.8,1.3,0.17,89.09,8.9,2.8,5.6,1.0
CA,6073,San Diego County,6073020403,6073020403,0.4142,10.2,114297.0,5.6,20.4,2.7,8.29,27.44,11.1,3.4,10.5,4.3
CA,6073,San Diego County,6073020404,6073020404,0.4713,4.3,95653.0,7.8,27.4,2.8,0.0,58.87,11.4,1.8,2.5,2.6
CA,6073,San Diego County,6073020405,6073020405,0.0829,3.7,146033.0,1.1,18.2,2.7,2.35,89.17,6.7,5.1,2.4,0.6
CA,6073,San Diego County,6073020500,6073020500,0.8221,16.8,79688.0,13.9,30.9,8.2,4.27,0.0,9.2,3.5,12.4,13.6
CA,6073,San Diego County,6073020601,6073020601,0.7555,15.0,58114.0,11.2,45.9,5.6,1.28,7.08,9.0,4.4,5.3,13.5
CA,6073,San Diego County,6073020602,6073020602,0.8642,19.8,62744.0,13.5,47.1,6.7,6.21,48.47,14.9,2.8,2.6,10.0
CA,6073,San Diego County,6073020705,6073020705,0.2927,6.5,130284.0,5.5,19.6,2.5,0.0,84.19,8.8,6.1,2.2,3.1
CA,6073,San Diego County,6073020706,6073020706,0.3423,8.2,178018.0,5.6,23.8,3.4,9.52,100.0,8.0,7.9,5.0,1.1
CA,6073,San Diego County,6073020707,6073020707,0.7076,24.0,54271.0,10.3,52.4,2.9,0.0,22.13,10.2,2.1,3.7,12.0
CA,6073,San Diego County,6073020708,6073020708,0.4458,7.1,119688.0,11.9,23.9,4.1,0.0,77.3,10.0,4.0,6.9,5.0
CA,6073,San Diego County,6073020710,6073020710,0.3154,16.6,144750.0,6.5,20.3,1.7,2.2,97.67,5.2,7.9,8.2,3.4
CA,6073,San Diego County,6073020711,6073020711,0.044,5.3,144728.0,3.1,11.5,0.0,2.4,98.58,6.7,2.8,0.9,0.8
CA,6073,San Diego County,6073020712,6073020712,0.2882,6.4,129865.0,4.8,19.6,2.7,0.0,3.67,11.8,5.6,2.4,2.4
CA,6073,San Diego County,6073020801,6073020801,0.172,6.5,156359.0,6.0,12.2,0.0,4.92,99.04,9.2,3.8,7.3,1.1
CA,6073,San Diego County,6073020805,6073020805,0.315,3.4,106688.0,10.4,20.3,5.6,0.99,70.5,10.0,7.1,5.7,6.0
CA,6073,San Diego County,6073020806,6073020806,0.6772,8.5,76081.0,6.1,40.2,6.5,6.31,28.63,11.9,4.9,14.9,4.6
CA,6073,San Diego County,6073020807,6073020807,0.2806,7.4,125197.0,5.6,23.2,0.0,0.0,97.62,8.9,3.4,8.9,4.5
CA,6073,San Diego County,6073020810,6073020810,0.004,1.5,138444.0,1.8,9.7,0.0,2.52,79.79,6.4,2.6,2.5,0.5
CA,6073,San Diego County,6073020811,6073020811,0.0455,2.4,134766.0,0.2,9.6,1.8,6.31,86.65,10.1,3.8,2.3,2.2
CA,6073,San Diego County,6073020812,6073020812,0.7395,5.9,51632.0,7.6,44.5,0.7,3.88,99.58,28.4,3.3,0.0,13.4
CA,6073,San Diego County,6073020813,6073020813,0.4696,3.8,134028.0,1.9,23.8,0.0,2.9,100.0,8.7,1.2,9.6,4.1
CA,6073,San Diego County,6073020902,6073020902,0.4191,3.1,100350.0,5.1,24.1,0.0,0.51,100.0,10.7,31.6,8.6,1.2
CA,6073,San Diego County,6073020903,6073020903,0.515,16.4,64342.0,8.5,33.5,3.4,6.34,99.91,10.6,5.2,11.1,1.6
CA,6073,San Diego County,6073020904,6073020904,0.1143,2.4,81111.0,8.4,22.1,0.1,0.0,100.0,8.8,0.0,14.3,1.4
CA,6073,San Diego County,6073021001,6073021001,0.589,8.9,56393.0,10.4,30.0,4.0,0.0,93.52,14.7,14.7,10.5,6.7
CA,6073,San Diego County,6073021002,6073021002,0.2145,5.4,125811.0,0.1,8.4,2.1,8.54,100.0,6.1,8.6,6.3,0.1
CA,6073,San Diego County,6073021101,6073021101,0.7794,26.6,90230.0,7.9,32.9,2.3,0.0,96.09,17.0,6.9,16.2,7.3
CA,6073,San Diego County,6073021102,6073021102,0.5449,30.7,78371.0,11.7,23.7,5.6,11.92,2.71,28.2,10.5,34.6,0.2
CA,6073,San Diego County,6073021202,6073021202,0.41,9.3,90598.0,7.9,20.0,5.5,2.02,100.0,11.3,0.3,11.4,0.0
CA,6073,San Diego County,6073021204,6073021204,0.0976,6.3,133788.0,2.0,16.5,2.0,5.16,92.89,9.2,7.5,6.5,1.0
CA,6073,San Diego County,6073021205,6073021205,0.6221,13.8,89719.0,4.3,30.4,6.1,5.14,63.32,9.1,7.8,9.1,4.1
CA,6073,San Diego County,6073021206,6073021206,0.1456,3.7,128929.0,4.2,15.8,1.3,1.03,90.87,13.6,4.2,0.0,0.5
CA,6073,San Diego County,6073021302,6073021302,0.5299,9.4,125563.0,9.4,14.4,0.8,1.57,98.26,15.3,2.8,2.2,5.5
CA,6073,San Diego County,6073021304,6073021304,0.1523,3.4,155500.0,2.6,10.5,1.3,0.98,100.0,9.6,2.1,5.9,3.0
CA,6073,San Diego County,6073021305,6073021305,0.1877,2.3,117011.0,2.0,17.9,0.0,0.0,53.46,13.9,5.3,1.8,1.8
CA,6073,San Diego County,6073021306,6073021306,0.139,8.2,157287.0,4.7,13.8,0.6,0.0,20.72,10.1,4.0,5.3,1.8
CA,6073,San Diego County,6073021401,6073021401,0.2646,4.0,95732.0,2.3,35.7,2.8,3.16,72.4,5.1,7.0,1.4,1.3
CA,6073,San Diego County,6073021402,6073021402,0.3231,12.0,87557.0,3.4,33.5,2.3,8.46,47.45,7.6,3.0,3.9,6.7
CA,6073,San Diego County,6073021501,6073021501,0.0009,1.7,250001.0,0.3,4.5,1.7,0.0,54.38,2.9,2.8,0.0,2.6
CA,6073,San Diego County,6073021502,6073021502,0.2802,10.7,167606.0,2.3,26.5,5.3,0.0,2.52,7.5,4.6,2.5,6.2
CA,6073,San Diego County,6073021600,6073021600,0.286,12.9,104688.0,10.8,30.0,3.3,1.93,98.97,6.2,3.1,3.9,0.2
CA,6073,San Diego County,6073021800,6073021800,0.0696,2.4,194375.0,2.8,14.4,1.8,3.65,55.01,8.4,4.3,2.0,0.0
CA,6073,San Diego County,6073021900,6073021900,0.879,22.0,50158.0,17.0,48.5,7.7,6.03,79.1,9.8,16.6,16.1,13.8
CA,6073,San Diego County,6073022000,6073022000,0.8657,8.4,72619.0,7.6,48.9,16.8,2.56,1.27,20.9,5.1,15.8,8.2
CA,6073,San Diego County,6073022101,6073022101,0.2696,4.6,152411.0,0.8,17.8,0.0,3.31,100.0,12.8,5.3,1.3,1.0
CA,6073,San Diego County,6073022102,6073022102,0.5219,9.9,116849.0,8.7,35.5,0.9,0.0,29.6,12.1,3.5,1.9,5.5
CA,6075,San Francisco County,6075010101,6075010101,0.7504,13.9,83816.0,8.0,38.5,39.8,0.0,100.0,19.9,9.8,22.7,16.7
CA,6075,San Francisco County,6075010102,6075010102,0.642,15.9,90230.0,0.3,30.3,38.4,5.11,9.35,31.9,0.7,16.3,15.3
CA,6075,San Francisco County,6075010201,6075010201,0.0619,4.9,147427.0,1.2,17.0,33.0,0.0,68.45,9.0,2.0,3.8,0.4
CA,6075,San Francisco County,6075010202,6075010202,0.0555,5.6,208750.0,0.0,16.6,16.0,1.71,42.93,4.0,3.7,1.7,0.7
CA,6075,San Francisco County,6075010300,6075010300,0.1723,7.7,149766.0,1.6,22.3,31.3,4.52,36.0,10.0,2.2,12.0,3.7
CA,6075,San Francisco County,6075010401,6075010401,0.2758,11.9,173750.0,0.5,13.5,33.8,2.41,22.49,6.4,7.6,6.7,3.1
CA,6075,San Francisco County,6075010402,6075010402,0.177,3.2,202050.0,5.0,17.1,35.5,7.31,60.97,3.3,3.1,7.8,4.1
CA,6075,San Francisco County,6075010500,6075010500,0.3179,6.2,187763.0,3.5,13.1,36.6,0.0,2.54,6.8,7.6,3.0,12.1
CA,6075,San Francisco County,6075010600,6075010600,0.7481,13.5,58060.0,4.2,39.1,64.2,1.18,68.4,15.2,10.5,27.8,20.8
CA,6075,San Francisco County,6075010701,6075010701,0.984,28.0,24085.0,4.5,44.8,84.3,5.87,54.02,21.9,12.4,51.0,61.0
CA,6075,San Francisco County,6075010702,6075010702,0.6801,17.4,77524.0,11.1,32.7,53.0,1.0,17.41,8.9,13.1,6.1,28.1
CA,6075,San Francisco County,6075010800,6075010800,0.3994,11.1,145402.0,5.2,26.7,28.1,7.9,100.0,11.8,3.8,10.7,12.0
CA,6075,San Francisco County,6075010901,6075010901,0.0434,4.8,183194.0,1.0,16.1,42.1,0.0,65.0,5.9,0.5,2.1,3.1
CA,6075,San Francisco County,6075010902,6075010902,0.3305,13.4,137141.0,2.8,17.1,57.7,0.77,99.55,13.7,0.0,13.3,9.7
CA,6075,San Francisco County,6075011001,6075011001,0.2543,13.7,114137.0,6.3,18.3,50.8,0.03,76.69,8.6,0.0,12.8,5.7
CA,6075,San Francisco County,6075011002,6075011002,0.4346,12.3,90230.0,7.1,35.1,38.4,13.79,36.64,14.1,4.8,16.9,13.9
CA,6075,San Francisco County,6075011101,6075011101,0.4024,10.2,116897.0,2.6,26.6,53.8,7.53,94.4,8.7,6.6,2.9,14.7
CA,6075,San Francisco County,6075011102,6075011102,0.6468,15.3,92000.0,4.8,30.8,73.6,4.04,28.27,12.1,4.3,18.6,8.2
CA,6075,San Francisco County,6075011200,6075011200,0.2687,9.5,158750.0,2.4,20.8,49.1,4.47,55.94,5.6,7.0,9.0,4.9
CA,6075,San Francisco County,6075011300,6075011300,0.8725,31.2,31801.0,0.7,41.9,68.2,1.93,89.83,23.1,6.2,22.1,41.3
CA,6075,San Francisco County,6075011700,6075011700,0.868,20.0,93500.0,8.0,28.8,74.8,0.17,57.08,17.4,12.7,20.4,15.7
CA,6075,San Francisco County,6075011800,6075011800,0.9059,30.1,41471.0,3.1,48.9,79.5,8.87,6.01,11.8,6.1,21.7,49.4
CA,6075,San Francisco County,6075011901,6075011901,0.2403,10.8,119464.0,2.9,21.6,62.1,3.25,98.57,5.2,2.2,6.7,0.9
CA,6075,San Francisco County,6075011902,6075011902,0.5362,7.5,81995.0,3.6,31.9,66.3,7.08,1.75,6.6,8.1,12.3,19.9
CA,6075,San Francisco County,6075012001,6075012001,0.2688,8.4,87796.0,0.8,33.6,65.5,7.78,52.0,6.0,7.0,3.2,0.3
CA,6075,San Francisco County,6075012002,6075012002,0.779,21.8,53125.0,14.5,43.2,74.0,4.87,56.72,15.3,10.1,0.0,11.0
CA,6075,San Francisco County,6075012100,6075012100,0.3864,11.1,83906.0,2.0,33.0,77.8,0.0,0.0,10.6,4.8,3.7,2.9
CA,6075,San Francisco County,6075012202,6075012202,0.8483,30.3,50583.0,10.9,49.5,70.4,0.0,41.88,37.1,15.9,19.6,5.8
CA,6075,San Francisco County,6075012203,6075012203,0.8867,48.2,33750.0,8.8,38.9,82.1,0.54,57.49,37.2,26.5,24.4,5.4
CA,6075,San Francisco County,6075012204,6075012204,0.6447,16.4,62704.0,7.5,39.0,88.6,3.5,26.81,18.8,6.4,4.9,5.7
CA,6075,San Francisco County,6075012301,6075012301,0.8848,31.3,25625.0,1.5,53.7,82.7,3.74,97.05,30.6,4.7,27.7,18.7
CA,6075,San Francisco County,6075012302,6075012302,0.6815,24.8,43879.0,4.2,46.2,83.2,1.19,96.26,21.6,10.6,20.8,10.0
CA,6075,San Francisco County,6075012403,6075012403,0.9187,19.0,34732.0,0.0,47.1,75.3,13.48,39.68,21.0,10.8,36.6,34.1
CA,6075,San Francisco County,6075012404,6075012404,0.7509,30.7,27852.0,7.9,42.9,85.6,0.2,68.81,34.9,2.5,25.1,12.0
CA,6075,San Francisco County,6075012405,6075012405,0.4935,11.3,102358.0,4.0,32.1,69.7,5.16,100.0,10.3,4.0,7.4,5.3
CA,6075,San Francisco County,6075012406,6075012406,0.8701,25.9,32589.0,9.3,50.4,79.1,0.0,78.28,35.8,4.5,36.7,32.5
CA,6075,San Francisco County,6075012502,6075012502,0.9742,24.6,21653.0,10.4,45.9,80.1,0.0,96.05,38.6,16.9,40.5,33.3
CA,6075,San Francisco County,6075012503,6075012503,0.936,25.9,39133.0,7.6,43.1,75.4,0.52,54.86,22.1,19.7,28.0,12.9
CA,6075,San Francisco County,6075012504,6075012504,0.9929,21.1,25667.0,10.9,54.1,76.5,2.95,99.93,48.4,7.2,40.3,58.0
CA,6075,San Francisco County,6075012601,6075012601,0.0291,2.7,180123.0,0.0,12.0,32.2,0.0,61.55,3.5,1.1,6.5,0.6
CA,6075,San Francisco County,6075012602,6075012602,0.1019,6.7,189500.0,1.8,13.0,30.6,0.0,1.44,5.4,6.0,5.5,3.5
CA,6075,San Francisco County,6075012700,6075012700,0.0124,5.6,236158.0,4.4,12.6,13.0,2.53,0.0,3.2,2.6,0.0,0.9
CA,6075,San Francisco County,6075012801,6075012801,0.1147,2.2,250001.0,1.0,7.5,19.0,0.0,70.96,6.1,2.8,3.2,4.4
CA,6075,San Francisco County,6075012802,6075012802,0.0512,3.7,250001.0,0.0,6.1,19.6,0.1,61.72,8.2,1.6,2.1,0.0
CA,6075,San Francisco County,6075012901,6075012901,0.0331,5.3,220096.0,0.8,12.8,20.4,2.41,43.58,6.4,2.7,1.0,0.4
CA,6075,San Francisco County,6075012902,6075012902,0.0702,1.0,205463.0,0.8,8.1,36.5,0.0,87.12,10.0,1.1,9.5,0.2
CA,6075,San Francisco County,6075013001,6075013001,0.1082,6.4,191541.0,2.1,17.7,27.3,5.45,47.31,4.2,1.9,0.0,2.0
CA,6075,San Francisco County,6075013002,6075013002,0.0509,8.5,210637.0,0.0,9.3,33.9,0.73,100.0,1.5,1.5,3.3,0.0
CA,6075,San Francisco County,6075013101,6075013101,0.2717,5.1,219107.0,2.6,14.2,30.7,0.84,64.71,9.7,6.1,3.3,2.6
CA,6075,San Francisco County,6075013102,6075013102,0.2051,5.2,242969.0,2.1,13.5,29.6,3.03,34.43,10.2,4.2,10.0,0.9
CA,6075,San Francisco County,6075013200,6075013200,0.0502,5.7,201464.0,0.0,11.5,17.2,1.79,6.38,5.1,1.2,1.8,0.0
CA,6075,San Francisco County,6075013300,6075013300,0.3412,6.2,173851.0,1.0,18.2,30.8,4.91,5.01,8.3,0.3,7.1,7.1
CA,6075,San Francisco County,6075013401,6075013401,0.1881,7.3,197581.0,1.4,12.5,21.3,1.03,79.21,8.4,3.3,0.0,1.1
CA,6075,San Francisco County,6075013402,6075013402,0.0173,0.0,213607.0,0.0,13.6,17.0,0.0,34.21,3.4,1.8,4.8,0.0
CA,6075,San Francisco County,6075013500,6075013500,0.1465,4.4,175118.0,3.9,19.0,31.5,4.27,28.99,7.4,2.7,2.4,1.7
CA,6075,San Francisco County,6075015100,6075015100,0.3143,7.2,170583.0,0.8,14.8,47.2,0.36,100.0,17.9,4.5,14.4,3.0
CA,6075,San Francisco County,6075015201,6075015201,0.447,14.9,92254.0,9.2,20.2,52.1,3.61,98.29,24.3,5.8,25.9,7.8
CA,6075,San Francisco County,6075015202,6075015202,0.3722,7.7,146250.0,7.3,26.7,39.2,9.33,100.0,7.7,6.6,1.4,3.7
CA,6075,San Francisco County,6075015300,6075015300,0.2569,8.8,176090.0,2.3,14.8,33.5,3.41,98.82,10.4,1.3,4.7,2.4
CA,6075,San Francisco County,6075015401,6075015401,0.2217,7.2,133925.0,4.1,17.8,21.9,1.07,31.74,5.0,10.7,5.2,2.7
CA,6075,San Francisco County,6075015402,6075015402,0.0049,0.0,231313.0,0.8,13.3,8.9,5.13,49.62,3.4,2.8,4.1,0.0
CA,6075,San Francisco County,6075015500,6075015500,0.6826,18.0,92829.0,2.2,24.9,57.5,1.5,30.75,26.6,8.2,28.9,14.9
CA,6075,San Francisco County,6075015600,6075015600,0.4087,17.9,99028.0,0.3,30.5,28.5,6.05,30.48,11.8,2.6,12.5,12.4
CA,6075,San Francisco County,6075015701,6075015701,0.2866,15.0,148542.0,5.8,18.6,13.1,0.0,81.25,6.2,3.7,2.6,2.9
CA,6075,San Francisco County,6075015702,6075015702,0.058,3.8,209803.0,0.5,10.6,10.8,6.76,20.91,4.6,1.2,3.2,2.7
CA,6075,San Francisco County,6075015801,6075015801,0.6014,14.8,121058.0,4.9,19.7,22.8,3.42,63.78,11.7,6.0,7.2,7.1
CA,6075,San Francisco County,6075015802,6075015802,0.2749,15.9,158523.0,3.9,14.5,32.8,1.59,82.43,8.4,7.4,5.0,2.0
CA,6075,San Francisco County,6075015900,6075015900,0.6968,15.6,114323.0,3.6,28.7,40.3,5.86,41.15,10.9,2.9,3.6,7.5
CA,6075,San Francisco County,6075016000,6075016000,0.5812,21.2,135246.0,2.5,29.4,56.5,4.62,55.89,15.3,4.4,9.7,10.6
CA,6075,San Francisco County,6075016101,6075016101,0.6238,30.5,28522.0,4.9,27.0,56.7,2.9,12.66,44.6,4.1,24.6,23.6
CA,6075,San Francisco County,6075016102,6075016102,0.9288,37.4,90230.0,10.0,42.3,55.5,5.43,27.88,29.1,14.9,25.2,22.6
CA,6075,San Francisco County,6075016200,6075016200,0.3035,10.6,181425.0,3.3,17.1,51.1,1.26,41.98,16.3,2.5,7.6,4.7
CA,6075,San Francisco County,6075016300,6075016300,0.2961,11.9,129962.0,4.8,22.6,36.0,0.66,14.83,8.9,7.0,3.2,2.4
CA,6075,San Francisco County,6075016400,6075016400,0.1546,6.9,212667.0,5.5,11.3,35.0,7.52,37.34,8.5,2.0,0.8,1.2
CA,6075,San Francisco County,6075016500,6075016500,0.304,14.4,177159.0,3.9,11.6,28.8,5.27,87.17,8.8,4.2,5.7,3.0
CA,6075,San Francisco County,6075016601,6075016601,0.121,14.8,158854.0,2.6,15.3,39.4,2.23,34.88,5.5,2.9,7.0,0.6
CA,6075,San Francisco County,6075016602,6075016602,0.0079,2.6,207640.0,0.0,19.7,27.5,1.2,72.77,3.5,0.0,0.9,0.2
CA,6075,San Francisco County,6075016700,6075016700,0.0617,3.6,232895.0,1.0,5.7,41.2,3.71,20.84,7.0,3.3,1.6,0.2
CA,6075,San Francisco County,6075016801,6075016801,0.1445,6.7,182344.0,2.2,20.6,45.4,4.83,52.97,7.9,2.7,4.3,3.5
CA,6075,San Francisco County,6075016802,6075016802,0.2425,12.1,141518.0,3.0,24.5,46.1,1.88,41.69,11.0,1.2,3.3,1.4
CA,6075,San Francisco County,6075016900,6075016900,0.1954,11.5,150139.0,2.2,30.8,46.3,0.0,98.76,9.1,12.0,4.3,0.5
CA,6075,San Francisco County,6075017000,6075017000,0.0086,3.5,250001.0,0.0,13.8,14.0,2.47,40.73,4.3,2.2,0.5,0.4
CA,6075,San Francisco County,6075017101,6075017101,0.1046,5.4,199676.0,0.8,10.7,21.9,0.24,100.0,8.4,2.2,3.7,0.4
CA,6075,San Francisco County,6075017102,6075017102,0.0788,8.3,171205.0,1.2,12.7,27.9,8.45,7.48,3.7,2.5,1.8,1.5
CA,6075,San Francisco County,6075017602,6075017602,0.6421,19.8,69671.0,12.7,24.3,63.8,4.33,98.8,16.7,2.4,24.2,9.5
CA,6075,San Francisco County,6075017603,6075017603,0.6684,17.0,90590.0,3.4,30.3,67.1,0.77,90.32,12.9,6.1,3.8,17.5
CA,6075,San Francisco County,6075017604,6075017604,0.5822,15.8,100036.0,3.9,24.9,68.8,0.0,99.98,13.0,12.5,4.1,5.7
CA,6075,San Francisco County,6075017700,6075017700,0.4166,6.9,156806.0,5.7,27.9,30.8,4.19,41.55,6.5,1.1,2.0,8.0
CA,6075,San Francisco County,6075017801,6075017801,0.7534,23.8,25625.0,0.2,33.2,64.3,0.0,96.16,29.8,9.9,34.0,38.1
CA,6075,San Francisco County,6075017803,6075017803,0.4993,21.1,87132.0,1.4,35.6,56.6,0.81,100.0,12.6,3.9,21.6,10.2
CA,6075,San Francisco County,6075017804,6075017804,0.4929,20.4,124674.0,2.8,29.1,46.1,6.87,99.63,10.0,3.4,12.9,8.4
CA,6075,San Francisco County,6075017903,6075017903,0.8208,40.1,96000.0,13.6,30.4,15.0,6.65,99.15,19.4,12.7,6.2,7.3
CA,6075,San Francisco County,6075018000,6075018000,0.4955,20.3,183507.0,3.1,17.9,38.7,3.32,1.62,12.6,5.6,3.7,2.9
CA,6075,San Francisco County,6075020101,6075020101,0.5767,14.6,135223.0,3.9,16.0,47.6,3.97,98.55,14.3,4.4,8.7,11.7
CA,6075,San Francisco County,6075020102,6075020102,0.8123,20.0,116076.0,9.0,20.2,57.8,2.14,100.0,24.7,17.8,20.5,14.9
CA,6075,San Francisco County,6075020201,6075020201,0.516,12.6,116103.0,3.5,15.6,48.8,0.0,74.61,11.8,9.3,13.1,6.4
CA,6075,San Francisco County,6075020202,6075020202,0.34,20.1,164327.0,1.6,25.8,45.7,1.5,86.77,7.7,0.4,1.4,6.1
CA,6075,San Francisco County,6075020300,6075020300,0.1374,5.0,172151.0,3.4,16.3,37.8,1.77,0.0,9.9,2.7,3.6,1.2
CA,6075,San Francisco County,6075020401,6075020401,0.0409,5.3,157237.0,4.8,20.7,18.6,4.91,34.14,6.7,2.0,1.8,0.0
CA,6075,San Francisco County,6075020402,6075020402,0.1373,8.3,152138.0,1.1,12.6,13.6,0.0,57.85,11.0,4.7,4.7,0.0
CA,6075,San Francisco County,6075020500,6075020500,0.0908,3.3,250001.0,0.7,19.6,27.4,0.06,23.3,7.4,5.8,1.8,0.0
CA,6075,San Francisco County,6075020601,6075020601,0.2049,6.0,149781.0,1.0,25.9,37.2,3.36,82.34,18.2,3.6,9.2,4.4
CA,6075,San Francisco County,6075020602,6075020602,0.1133,6.6,196417.0,6.1,13.0,27.9,0.52,75.38,10.3,2.4,0.7,1.3
CA,6075,San Francisco County,6075020701,6075020701,0.2523,9.1,246500.0,2.7,11.8,26.2,7.13,38.03,7.5,10.5,4.7,3.5
CA,6075,San Francisco County,6075020702,6075020702,0.2705,16.5,144048.0,0.9,22.6,49.7,0.0,88.81,10.6,0.8,17.1,11.4
CA,6075,San Francisco County,6075020801,6075020801,0.5184,10.3,101696.0,2.8,22.4,39.0,6.52,55.39,11.6,3.5,12.4,14.3
CA,6075,San Francisco County,6075020802,6075020802,0.4777,7.4,119030.0,6.3,23.1,45.9,2.71,97.18,10.9,8.0,2.1,9.7
CA,6075,San Francisco County,6075020900,6075020900,0.6945,15.3,117813.0,4.6,22.9,38.9,3.96,82.04,18.2,5.5,7.2,16.2
CA,6075,San Francisco County,6075021000,6075021000,0.3144,9.9,151118.0,3.4,21.8,30.7,1.79,4.87,9.5,4.3,2.3,3.1
CA,6075,San Francisco County,6075021100,6075021100,0.0338,4.0,228125.0,2.5,13.8,20.1,2.86,36.35,4.1,2.8,5.1,0.0
CA,6075,San Francisco County,6075021200,6075021200,0.1298,1.3,191156.0,3.4,12.6,16.9,7.63,6.34,12.2,5.7,2.1,0.5
CA,6075,San Francisco County,6075021300,6075021300,0.0213,2.9,183417.0,4.3,8.8,10.6,0.0,24.21,4.8,2.7,0.7,1.1
CA,6075,San Francisco County,6075021400,6075021400,0.0507,6.5,217353.0,0.4,16.5,22.6,0.0,8.6,5.9,3.5,1.0,2.1
CA,6075,San Francisco County,6075021500,6075021500,0.0483,4.4,200938.0,2.9,12.1,8.1,5.77,30.79,3.8,0.6,0.0,1.3
CA,6075,San Francisco County,6075021600,6075021600,0.055,2.7,218988.0,1.5,6.9,14.9,11.32,13.21,8.0,0.5,0.8,2.6
CA,6075,San Francisco County,6075021700,6075021700,0.2708,6.3,141250.0,2.7,23.0,4.6,0.0,0.94,8.3,5.8,6.6,3.6
CA,6075,San Francisco County,6075021800,6075021800,0.0319,3.1,232500.0,1.9,5.1,9.6,1.66,35.69,5.7,1.6,3.3,0.4
CA,6075,San Francisco County,6075022600,6075022600,0.0893,1.2,239625.0,1.0,7.0,29.2,5.08,15.05,2.9,1.0,0.8,0.7
CA,6075,San Francisco County,6075022702,6075022702,0.1535,9.4,240922.0,2.1,22.0,16.1,1.55,27.59,5.6,3.2,1.7,0.0
CA,6075,San Francisco County,6075022704,6075022704,0.0229,6.5,250001.0,1.8,12.0,7.0,3.04,30.32,5.4,3.2,6.1,0.6
CA,6075,San Francisco County,6075022801,6075022801,0.532,11.3,164539.0,3.2,15.3,14.5,2.37,54.48,10.9,7.7,9.0,7.9
CA,6075,San Francisco County,6075022802,6075022802,0.5741,14.6,131042.0,3.3,20.2,30.6,4.03,32.36,13.4,4.4,5.2,11.6
CA,6075,San Francisco County,6075022803,6075022803,0.5022,14.9,153750.0,6.2,12.6,24.3,0.0,7.94,8.2,5.0,7.9,9.9
CA,6075,San Francisco County,6075022901,6075022901,0.706,13.5,96964.0,14.1,24.0,28.9,0.0,1.97,10.4,2.0,6.8,21.7
CA,6075,San Francisco County,6075022902,6075022902,0.5116,10.7,190875.0,4.5,10.2,27.3,1.33,20.73,13.6,6.9,6.0,12.0
CA,6075,San Francisco County,6075022903,6075022903,0.1023,4.8,209659.0,2.0,16.4,21.8,0.0,86.18,6.9,7.0,6.5,4.6
CA,6075,San Francisco County,6075023001,6075023001,0.6424,13.4,95052.0,7.8,24.8,5.0,0.0,5.1,8.5,14.8,6.4,25.1
CA,6075,San Francisco County,6075023003,6075023003,0.4437,6.2,103472.0,6.2,22.0,12.6,2.84,70.3,7.3,8.2,6.1,21.3
CA,6075,San Francisco County,6075023102,6075023102,0.8998,29.5,46786.0,3.4,41.1,21.3,3.27,7.47,15.8,9.3,15.6,14.7
CA,6075,San Francisco County,6075023103,6075023103,0.8767,32.2,29799.0,11.2,48.9,20.8,16.73,82.1,11.6,19.8,18.6,3.0
CA,6075,San Francisco County,6075023200,6075023200,0.5868,7.3,122803.0,2.0,14.1,8.2,4.04,17.79,14.8,12.5,6.0,16.5
CA,6075,San Francisco County,6075023300,6075023300,0.8442,18.6,74844.0,6.2,26.8,19.3,5.04,24.19,16.6,5.5,7.5,25.6
CA,6075,San Francisco County,6075023400,6075023400,0.8425,23.5,78664.0,2.0,41.2,16.8,1.37,9.64,14.8,4.7,5.4,19.5
CA,6075,San Francisco County,6075025100,6075025100,0.206,11.9,131801.0,8.2,8.3,5.2,5.01,41.36,11.4,1.9,4.1,3.8
CA,6075,San Francisco County,6075025200,6075025200,0.1404,11.3,147868.0,2.0,24.4,23.2,2.42,100.0,9.5,0.2,10.0,5.0
CA,6075,San Francisco County,6075025300,6075025300,0.2457,6.2,168720.0,4.2,12.1,15.2,0.0,23.55,8.0,2.7,4.4,4.5
CA,6075,San Francisco County,6075025401,6075025401,0.3596,2.0,165278.0,2.3,19.9,8.5,8.71,64.37,10.2,4.6,7.0,5.0
CA,6075,San Francisco County,6075025402,6075025402,0.591,4.6,166094.0,4.9,21.0,5.9,8.67,75.76,11.1,12.7,1.1,12.0
CA,6075,San Francisco County,6075025403,6075025403,0.5333,7.2,166935.0,6.4,24.2,9.8,5.77,35.51,8.2,5.1,3.9,13.0
CA,6075,San Francisco County,6075025501,6075025501,0.4494,13.7,150438.0,3.8,9.4,2.0,2.88,43.94,6.2,7.1,3.0,29.3
CA,6075,San Francisco County,6075025502,6075025502,0.4924,11.9,161400.0,1.6,6.5,12.5,1.2,60.96,13.0,10.0,5.6,11.5
CA,6075,San Francisco County,6075025600,6075025600,0.6356,3.4,115739.0,8.2,21.1,14.2,5.75,36.94,10.4,3.2,3.6,23.0
CA,6075,San Francisco County,6075025701,6075025701,0.5044,10.3,118443.0,6.1,13.9,9.6,0.0,4.77,7.9,7.8,6.9,22.8
CA,6075,San Francisco County,6075025702,6075025702,0.5804,9.3,91513.0,1.8,26.2,16.0,2.74,84.91,12.0,3.3,11.2,32.2
CA,6075,San Francisco County,6075025800,6075025800,0.6738,7.8,87614.0,2.4,37.0,23.8,5.02,17.5,12.4,5.1,7.4,25.2
CA,6075,San Francisco County,6075025900,6075025900,0.4906,8.0,147944.0,4.8,17.6,10.4,9.07,43.95,12.0,6.1,10.5,12.0
CA,6075,San Francisco County,6075026001,6075026001,0.6379,12.0,114563.0,7.6,24.9,10.3,2.25,11.25,6.8,7.8,4.7,21.4
CA,6075,San Francisco County,6075026002,6075026002,0.5244,8.2,136324.0,4.8,15.2,5.2,0.0,5.53,15.8,5.8,11.8,18.8
CA,6075,San Francisco County,6075026003,6075026003,0.4569,8.4,98177.0,7.4,13.5,13.3,4.33,19.05,6.2,4.7,3.5,18.4
CA,6075,San Francisco County,6075026004,6075026004,0.3329,7.8,111089.0,1.8,14.9,15.8,0.0,95.98,7.7,3.3,4.7,16.7
CA,6075,San Francisco County,6075026100,6075026100,0.6927,10.2,116444.0,10.0,20.2,18.5,6.29,23.31,10.4,7.8,7.0,24.4
CA,6075,San Francisco County,6075026201,6075026201,0.5939,12.3,124250.0,5.5,13.7,6.4,2.52,88.94,12.5,2.5,6.2,22.4
CA,6075,San Francisco County,6075026202,6075026202,0.6333,3.5,138545.0,5.1,14.7,13.8,0.54,34.59,13.4,5.1,11.6,29.3
CA,6075,San Francisco County,6075026301,6075026301,0.8332,16.4,95458.0,7.1,25.6,18.6,3.27,75.51,16.3,18.2,8.7,23.6
CA,6075,San Francisco County,6075026302,6075026302,0.6973,9.5,93370.0,5.7,23.4,11.5,0.0,62.73,13.8,9.6,2.8,17.0
CA,6075,San Francisco County,6075026303,6075026303,0.3802,2.9,110074.0,1.4,16.3,1.9,7.37,1.94,8.2,4.1,2.8,18.3
CA,6075,San Francisco County,6075026401,6075026401,0.6423,13.3,94093.0,2.4,18.6,20.3,6.37,49.3,10.7,5.9,6.2,22.9
CA,6075,San Francisco County,6075026402,6075026402,0.4473,11.3,118182.0,4.8,18.2,7.2,5.53,78.19,8.6,5.7,9.2,17.6
CA,6075,San Francisco County,6075026403,6075026403,0.6851,7.5,92788.0,1.1,31.5,17.3,0.0,0.0,8.9,5.3,8.9,43.5
CA,6075,San Francisco County,6075026404,6075026404,0.5752,12.3,91463.0,5.4,25.8,16.5,7.15,69.68,7.1,6.2,5.7,24.9
CA,6075,San Francisco County,6075030101,6075030101,0.1654,8.8,144753.0,1.4,18.0,29.5,0.0,1.14,8.7,3.1,8.3,4.0
CA,6075,San Francisco County,6075030102,6075030102,0.176,11.6,209167.0,2.2,14.8,14.6,2.36,42.67,6.8,4.0,3.1,0.8
CA,6075,San Francisco County,6075030201,6075030201,0.5403,11.9,127009.0,1.9,30.7,26.1,0.0,21.88,5.2,2.2,6.3,12.2
CA,6075,San Francisco County,6075030202,6075030202,0.2446,4.2,153412.0,0.6,14.4,32.2,2.88,87.03,5.1,4.4,4.9,2.6
CA,6075,San Francisco County,6075030301,6075030301,0.1656,5.7,179107.0,3.1,14.9,12.3,2.09,30.95,6.3,5.1,3.4,6.4
CA,6075,San Francisco County,6075030302,6075030302,0.0957,6.2,194625.0,2.0,10.0,2.1,0.07,45.75,8.5,5.5,6.5,8.9
CA,6075,San Francisco County,6075030400,6075030400,0.0873,3.9,137418.0,0.3,10.6,7.1,0.39,6.34,9.1,3.5,6.4,6.5
CA,6075,San Francisco County,6075030500,6075030500,0.5055,9.5,174797.0,4.2,4.4,12.1,3.81,45.18,12.1,1.7,15.7,7.6
CA,6075,San Francisco County,6075030600,6075030600,0.0448,2.4,229297.0,1.3,7.0,3.7,1.68,23.95,5.9,3.7,1.0,1.6
CA,6075,San Francisco County,6075030700,6075030700,0.0302,3.8,183388.0,1.2,13.9,1.6,0.0,0.0,12.3,2.8,6.9,1.7
CA,6075,San Francisco County,6075030800,6075030800,0.2081,5.0,208750.0,1.4,7.2,13.3,0.0,26.04,9.7,1.6,3.2,5.2
CA,6075,San Francisco County,6075030900,6075030900,0.3042,5.2,178516.0,1.9,17.5,6.0,0.0,35.53,11.5,3.7,6.6,5.8
CA,6075,San Francisco County,6075031000,6075031000,0.4225,7.7,190000.0,1.8,14.2,11.4,6.96,9.85,13.3,5.4,6.2,6.5
CA,6075,San Francisco County,6075031100,6075031100,0.1728,2.7,188591.0,2.1,14.3,8.8,3.42,84.51,6.0,6.1,4.8,6.2
CA,6075,San Francisco County,6075031201,6075031201,0.6802,9.1,101800.0,4.9,20.0,27.5,2.85,96.73,11.8,6.6,8.0,25.0
CA,6075,San Francisco County,6075031202,6075031202,0.529,9.4,120667.0,8.2,15.6,16.8,5.74,72.47,9.2,3.5,4.9,24.6
CA,6075,San Francisco County,6075031301,6075031301,0.4351,12.9,128571.0,1.3,25.4,4.6,5.57,36.3,10.2,8.8,3.6,17.5
CA,6075,San Francisco County,6075031302,6075031302,0.4848,7.8,117014.0,5.5,16.8,8.5,6.16,75.19,7.6,5.3,2.4,18.5
CA,6075,San Francisco County,6075031401,6075031401,0.6957,10.4,97143.0,6.5,28.6,12.0,0.0,2.46,13.5,2.8,10.7,27.3
CA,6075,San Francisco County,6075031402,6075031402,0.4743,9.6,139643.0,3.7,17.3,16.8,6.61,100.0,10.7,3.2,7.5,23.6
CA,6075,San Francisco County,6075032601,6075032601,0.3792,10.8,145903.0,2.2,18.8,17.2,0.0,100.0,14.3,4.9,3.4,13.2
CA,6075,San Francisco County,6075032602,6075032602,0.4862,5.8,154609.0,3.6,20.5,8.1,0.0,70.97,14.9,7.0,3.2,11.9
CA,6075,San Francisco County,6075032700,6075032700,0.4152,8.2,145147.0,4.3,20.0,9.0,3.86,75.77,8.9,4.8,14.0,15.0
CA,6075,San Francisco County,6075032801,6075032801,0.6165,6.0,136250.0,3.8,19.1,6.7,6.18,36.75,11.2,9.6,4.2,19.1
CA,6075,San Francisco County,6075032802,6075032802,0.3773,10.4,110926.0,4.0,21.2,14.1,0.92,12.99,12.9,2.8,5.2,14.0
CA,6075,San Francisco County,6075032901,6075032901,0.374,4.6,154291.0,2.0,13.7,11.3,8.22,54.26,9.4,3.8,8.1,11.7
CA,6075,San Francisco County,6075032902,6075032902,0.3265,4.9,107582.0,1.3,15.6,7.8,5.47,47.65,5.9,10.3,9.9,26.1
CA,6075,San Francisco County,6075033001,6075033001,0.2625,9.4,148239.0,4.4,25.4,1.7,0.0,73.58,6.7,4.7,18.0,8.7
CA,6075,San Francisco County,6075033002,6075033002,0.2552,6.9,173281.0,1.7,9.5,9.3,0.48,85.27,11.9,4.1,2.4,10.9
CA,6075,San Francisco County,6075033100,6075033100,0.2103,4.4,165592.0,2.5,17.7,7.4,1.78,22.16,9.7,1.5,5.1,7.3
CA,6075,San Francisco County,6075033201,6075033201,0.5934,41.6,53906.0,4.0,46.1,32.2,5.79,0.21,6.9,20.6,23.8,2.9
CA,6075,San Francisco County,6075033203,6075033203,0.5617,22.9,62813.0,3.3,43.3,20.0,25.14,91.67,10.4,10.5,10.7,5.4
CA,6075,San Francisco County,6075033204,6075033204,0.6656,26.2,69769.0,4.0,42.1,30.6,5.64,12.51,17.9,9.7,4.8,10.0
CA,6075,San Francisco County,6075035101,6075035101,0.4228,14.6,98580.0,2.7,16.0,15.9,0.0,8.64,14.3,15.7,8.4,6.6
CA,6075,San Francisco County,6075035102,6075035102,0.2738,4.3,162721.0,0.8,11.3,8.7,4.07,100.0,7.4,2.6,3.3,14.2
CA,6075,San Francisco County,6075035201,6075035201,0.434,7.3,132277.0,5.5,14.3,10.0,0.59,3.34,10.3,9.9,8.2,11.5
CA,6075,San Francisco County,6075035202,6075035202,0.5764,3.9,100701.0,4.1,29.2,7.4,33.4,30.1,13.0,4.4,7.8,14.4
CA,6075,San Francisco County,6075035300,6075035300,0.3007,6.3,146620.0,1.1,19.3,11.5,0.42,4.4,8.6,1.9,7.7,13.4
CA,6075,San Francisco County,6075035400,6075035400,0.5043,8.0,139477.0,4.7,12.1,19.7,0.0,0.0,10.8,11.7,6.5,10.9
CA,6075,San Francisco County,6075040100,6075040100,0.3704,7.8,136429.0,2.9,18.8,19.6,0.0,70.62,5.7,5.7,3.6,9.7
CA,6075,San Francisco County,6075040200,6075040200,0.3482,4.3,184617.0,2.9,10.4,30.5,1.24,68.09,10.3,2.3,9.8,12.4
CA,6075,San Francisco County,6075042601,6075042601,0.3673,9.9,124324.0,6.3,18.3,29.3,6.61,3.09,7.0,5.0,5.1,7.5
CA,6075,San Francisco County,6075042602,6075042602,0.1462,4.4,155750.0,1.5,16.5,18.4,17.86,100.0,9.1,4.2,8.4,3.0
CA,6075,San Francisco County,6075042700,6075042700,0.5733,8.7,104414.0,3.3,30.4,17.2,6.59,56.56,11.2,5.4,10.8,10.6
CA,6075,San Francisco County,6075042800,6075042800,0.0541,3.3,250001.0,0.6,13.4,3.1,0.0,3.15,8.6,1.3,0.0,2.7
CA,6075,San Francisco County,6075045100,6075045100,0.2372,6.3,190389.0,1.4,13.4,19.7,2.19,16.18,13.4,2.7,5.7,6.3
CA,6075,San Francisco County,6075045201,6075045201,0.2957,2.9,139659.0,0.0,14.0,24.5,2.71,23.23,13.6,2.2,4.7,12.2
CA,6075,San Francisco County,6075045202,6075045202,0.1903,10.0,154375.0,4.3,18.4,25.6,4.62,3.38,8.8,7.5,8.5,3.5
CA,6075,San Francisco County,6075047600,6075047600,0.1887,2.6,169563.0,5.1,10.8,15.5,0.0,5.16,5.1,2.5,10.5,4.4
CA,6075,San Francisco County,6075047701,6075047701,0.3836,12.1,125658.0,2.7,26.6,25.1,0.0,55.75,9.3,10.4,8.4,7.6
CA,6075,San Francisco County,6075047702,6075047702,0.3322,9.2,114892.0,3.4,17.7,19.5,2.48,91.98,9.6,3.2,8.2,11.2
CA,6075,San Francisco County,6075047801,6075047801,0.2777,5.6,163178.0,2.8,16.0,16.4,8.52,57.35,9.1,1.7,5.5,12.4
CA,6075,San Francisco County,6075047802,6075047802,0.5457,8.2,125682.0,4.0,18.3,13.4,15.45,94.12,14.4,5.8,8.6,15.2
CA,6075,San Francisco County,6075047902,6075047902,0.3138,5.8,126944.0,3.1,24.2,14.3,7.7,74.54,9.8,6.1,6.8,8.6
CA,6075,San Francisco County,6075047903,6075047903,0.5153,16.1,147768.0,0.5,21.0,10.0,0.0,27.28,9.0,5.6,5.5,14.7
CA,6075,San Francisco County,6075047904,6075047904,0.5419,15.7,84880.0,2.8,22.7,36.0,3.23,100.0,18.7,6.7,6.6,5.5
CA,6075,San Francisco County,6075060100,6075060100,0.0978,2.4,236445.0,2.0,15.1,4.2,2.18,87.26,4.2,2.7,4.3,0.0
CA,6075,San Francisco County,6075060400,6075060400,0.4773,6.5,99556.0,0.7,26.4,15.4,33.34,100.0,9.3,8.1,10.4,5.8
CA,6075,San Francisco County,6075060502,6075060502,0.848,29.0,37891.0,3.3,41.8,26.0,37.72,100.0,14.2,10.6,9.3,18.2
CA,6075,San Francisco County,6075060701,6075060701,0.3654,4.4,222692.0,3.1,16.6,25.4,0.97,98.33,6.5,3.2,9.1,7.7
CA,6075,San Francisco County,6075060702,6075060702,0.51,14.3,141333.0,0.6,33.0,33.2,2.39,98.09,12.2,5.2,3.7,6.3
CA,6075,San Francisco County,6075060703,6075060703,0.3093,6.8,235371.0,0.9,16.1,29.2,0.22,1.47,5.6,3.6,13.9,8.6
CA,6075,San Francisco County,6075061000,6075061000,0.6042,6.5,107882.0,1.8,21.4,7.8,8.45,53.82,10.4,4.9,1.4,22.3
CA,6075,San Francisco County,6075061101,6075061101,0.9517,35.4,19531.0,7.4,53.0,67.6,3.73,49.37,23.4,4.2,26.4,46.3
CA,6075,San Francisco County,6075061102,6075061102,0.9604,30.9,27450.0,6.2,47.3,69.2,3.71,66.74,17.0,10.3,31.9,52.9
CA,6075,San Francisco County,6075061200,6075061200,0.609,7.8,107652.0,1.6,20.6,22.2,0.45,0.0,8.2,1.2,8.3,23.8
CA,6075,San Francisco County,6075061401,6075061401,0.3902,9.5,139038.0,3.9,24.8,27.7,0.0,64.29,9.9,10.6,4.9,3.6
CA,6075,San Francisco County,6075061402,6075061402,0.0347,2.0,174675.0,1.0,13.1,7.8,5.69,26.95,6.0,1.4,1.8,0.0
CA,6075,San Francisco County,6075061501,6075061501,0.1108,13.1,239147.0,0.6,24.5,30.3,5.39,66.76,0.1,2.7,0.0,0.3
CA,6075,San Francisco County,6075061502,6075061502,0.6233,14.2,93403.0,3.3,38.7,44.6,0.8,75.3,23.5,10.0,3.9,5.0
CA,6075,San Francisco County,6075061503,6075061503,0.3534,6.9,221781.0,6.6,10.2,49.9,1.82,4.4,9.8,8.5,0.0,5.9
CA,6075,San Francisco County,6075061504,6075061504,0.24,0.9,247063.0,0.0,7.9,19.8,6.25,100.0,2.9,8.5,1.6,0.0
CA,6075,San Francisco County,6075061505,6075061505,0.0135,0.8,250001.0,0.0,18.3,3.2,0.0,93.87,4.1,0.0,13.7,5.0
CA,6075,San Francisco County,6075061506,6075061506,0.0228,3.9,250001.0,3.5,4.2,21.1,0.6,59.03,2.0,4.8,0.7,0.8
CA,6075,San Francisco County,6075061507,6075061507,0.3077,3.2,118370.0,0.0,22.1,65.6,13.76,56.55,0.0,0.0,0.0,14.4
CA,6075,San Francisco County,6075061508,6075061508,0.3837,11.4,171915.0,4.5,12.4,35.0,1.67,70.63,19.1,1.0,0.0,2.4
CA,6075,San Francisco County,6075980200,6075980200,0.4999,10.0,90230.0,5.8,28.3,4.5,11.4,100.0,10.5,5.8,7.2,23.1
CA,6075,San Francisco County,6075980300,6075980300,0.008,0.0,90230.0,0.0,0.0,21.4,0.0,11.66,0.0,10.5,0.0,0.0
CA,6075,San Francisco County,6075980401,6075980401,0.4999,10.0,90230.0,5.8,28.3,4.5,0.0,44.29,10.5,5.8,7.2,6.0
CA,6075,San Francisco County,6075980501,6075980501,0.4999,82.9,12169.0,0.0,78.8,95.8,52.03,91.1,48.8,5.8,70.3,100.0
CA,6075,San Francisco County,6075980600,6075980600,0.4202,5.6,136250.0,6.5,21.5,11.2,22.21,97.94,6.9,4.0,6.3,15.6
CA,6075,San Francisco County,6075980900,6075980900,0.4604,18.7,90230.0,12.4,46.8,18.6,10.43,63.79,5.1,0.0,10.9,5.4
CA,6077,San Joaquin County,6077000101,6077000101,0.9882,39.0,31694.0,14.6,45.8,36.1,7.27,91.47,16.2,8.3,56.3,31.8
CA,6077,San Joaquin County,6077000102,6077000102,0.944,44.1,19233.0,12.9,51.6,51.3,1.27,20.36,29.4,5.1,43.8,19.5
CA,6077,San Joaquin County,6077000300,6077000300,0.9569,44.6,24223.0,8.5,59.9,29.6,37.05,100.0,17.1,10.0,34.1,15.4
CA,6077,San Joaquin County,6077000401,6077000401,0.7347,21.0,57500.0,6.0,38.2,7.0,14.4,100.0,14.4,10.9,9.5,4.2
CA,6077,San Joaquin County,6077000402,6077000402,0.9058,30.2,27872.0,4.0,62.4,33.3,40.11,95.06,20.7,2.2,31.8,4.8
CA,6077,San Joaquin County,6077000500,6077000500,0.9982,27.1,40278.0,13.5,47.4,21.2,0.0,97.02,27.1,7.7,30.3,33.0
CA,6077,San Joaquin County,6077000600,6077000600,0.9382,35.6,31853.0,21.2,55.3,8.1,3.02,29.08,18.6,8.5,53.6,24.5
CA,6077,San Joaquin County,6077000700,6077000700,0.9835,39.2,41793.0,19.2,39.0,16.5,0.0,10.26,16.8,12.3,23.7,25.7
CA,6077,San Joaquin County,6077000802,6077000802,0.7508,19.5,66481.0,16.4,41.0,6.1,4.38,97.84,12.1,10.8,10.8,24.7
CA,6077,San Joaquin County,6077000803,6077000803,0.6699,11.9,83602.0,13.5,30.7,1.9,5.02,42.05,9.6,2.5,9.3,12.2
CA,6077,San Joaquin County,6077000900,6077000900,0.8469,14.7,65417.0,10.3,36.1,2.9,0.0,44.73,15.1,7.7,17.9,10.4
CA,6077,San Joaquin County,6077001000,6077001000,0.5246,13.7,75092.0,6.3,32.5,6.0,0.0,69.01,11.6,7.3,13.8,5.6
CA,6077,San Joaquin County,6077001101,6077001101,0.4444,12.7,83600.0,2.1,27.9,4.8,5.43,93.27,19.5,7.0,13.7,4.3
CA,6077,San Joaquin County,6077001102,6077001102,0.6088,13.7,54539.0,3.2,47.9,10.9,4.03,62.11,13.4,5.7,12.3,11.6
CA,6077,San Joaquin County,6077001200,6077001200,0.2167,4.8,87672.0,1.7,26.8,3.3,0.68,48.0,9.0,5.5,4.2,1.4
CA,6077,San Joaquin County,6077001300,6077001300,0.553,10.0,70761.0,5.3,32.4,4.6,5.39,10.76,9.5,3.0,19.3,3.0
CA,6077,San Joaquin County,6077001400,6077001400,0.8939,19.5,57468.0,4.2,39.6,12.1,9.27,55.18,25.3,13.6,17.2,10.3
CA,6077,San Joaquin County,6077001501,6077001501,0.8279,10.4,91538.0,17.1,33.9,1.0,6.54,9.0,11.9,2.8,18.9,27.2
CA,6077,San Joaquin County,6077001502,6077001502,0.9303,22.2,55010.0,15.0,29.0,5.6,0.0,100.0,14.1,14.1,21.9,26.7
CA,6077,San Joaquin County,6077001600,6077001600,0.7762,28.2,54653.0,7.3,42.4,7.1,5.24,21.62,12.2,4.7,30.1,16.4
CA,6077,San Joaquin County,6077001700,6077001700,0.9009,25.7,51083.0,4.5,44.4,5.6,10.5,56.94,12.0,6.8,18.5,26.8
CA,6077,San Joaquin County,6077001800,6077001800,0.7592,18.3,62988.0,10.8,24.9,3.3,3.76,43.46,10.2,5.9,14.3,16.7
CA,6077,San Joaquin County,6077001900,6077001900,0.9371,18.7,57461.0,13.7,36.7,6.2,0.97,6.35,15.6,7.8,23.1,26.6
CA,6077,San Joaquin County,6077002000,6077002000,0.9376,27.2,55515.0,7.2,36.4,16.2,0.0,3.61,18.7,4.5,23.7,15.7
CA,6077,San Joaquin County,6077002100,6077002100,0.9637,31.6,46113.0,7.2,48.3,6.6,6.95,11.74,11.5,10.5,20.0,22.6
CA,6077,San Joaquin County,6077002201,6077002201,0.9156,30.7,34588.0,5.4,41.2,18.7,15.84,91.88,9.0,10.7,27.2,21.3
CA,6077,San Joaquin County,6077002202,6077002202,0.9846,40.2,45000.0,10.2,45.4,10.8,18.72,100.0,11.8,10.9,14.2,25.1
CA,6077,San Joaquin County,6077002300,6077002300,0.9155,19.8,54185.0,17.9,37.3,8.2,0.0,0.0,16.4,4.6,31.3,31.6
CA,6077,San Joaquin County,6077002401,6077002401,0.8678,16.4,75849.0,16.2,35.3,3.2,0.0,26.17,9.4,5.6,29.3,27.8
CA,6077,San Joaquin County,6077002402,6077002402,0.8399,25.9,51996.0,12.8,37.6,2.9,0.0,90.19,18.1,3.0,11.9,26.4
CA,6077,San Joaquin County,6077002503,6077002503,0.849,28.4,46705.0,3.5,31.8,5.6,15.0,98.91,17.3,10.4,15.1,14.4
CA,6077,San Joaquin County,6077002504,6077002504,0.756,18.5,88030.0,9.8,27.4,0.9,8.06,100.0,15.3,3.7,0.4,11.3
CA,6077,San Joaquin County,6077002701,6077002701,0.8741,14.6,54338.0,12.8,35.8,4.4,3.28,75.07,14.7,10.8,32.4,29.0
CA,6077,San Joaquin County,6077002702,6077002702,0.8009,15.0,53690.0,13.2,34.0,0.0,7.64,100.0,18.7,15.5,29.4,35.7
CA,6077,San Joaquin County,6077002800,6077002800,0.7001,19.8,75417.0,6.9,32.5,1.0,7.79,97.31,11.6,5.1,12.7,14.7
CA,6077,San Joaquin County,6077003106,6077003106,0.4092,7.2,77469.0,2.3,24.7,4.8,0.0,37.23,12.8,6.0,4.3,3.3
CA,6077,San Joaquin County,6077003108,6077003108,0.4538,7.2,77215.0,4.4,32.8,1.3,1.0,37.41,12.6,5.2,3.5,2.1
CA,6077,San Joaquin County,6077003109,6077003109,0.6405,15.4,75424.0,7.6,30.7,5.4,7.45,79.35,15.5,7.9,11.1,4.9
CA,6077,San Joaquin County,6077003110,6077003110,0.805,13.4,59512.0,11.8,40.5,3.9,7.04,14.43,17.0,9.0,6.9,7.8
CA,6077,San Joaquin County,6077003111,6077003111,0.6437,10.9,70919.0,5.2,49.7,6.9,2.09,76.65,14.5,9.2,10.1,2.5
CA,6077,San Joaquin County,6077003112,6077003112,0.3129,10.1,101542.0,3.8,23.0,0.4,7.93,50.17,17.0,2.4,6.5,2.5
CA,6077,San Joaquin County,6077003115,6077003115,0.6084,11.0,72972.0,4.8,39.7,13.1,1.75,55.41,11.8,10.5,10.3,3.5
CA,6077,San Joaquin County,6077003116,6077003116,0.9431,38.6,33125.0,5.4,70.6,8.5,9.05,96.17,11.7,5.6,0.0,14.1
CA,6077,San Joaquin County,6077003117,6077003117,0.2332,0.2,142667.0,0.0,21.5,3.9,0.0,29.12,7.0,0.0,5.4,6.2
CA,6077,San Joaquin County,6077003118,6077003118,0.2213,4.1,113452.0,5.8,11.7,1.1,3.27,26.85,5.7,5.3,1.2,1.4
CA,6077,San Joaquin County,6077003119,6077003119,0.1951,1.8,155556.0,2.1,7.2,1.3,0.0,83.45,11.3,2.3,1.1,7.2
CA,6077,San Joaquin County,6077003203,6077003203,0.4171,6.5,87284.0,5.8,23.4,2.6,2.26,7.73,14.5,12.1,8.9,1.8
CA,6077,San Joaquin County,6077003205,6077003205,0.59,11.1,77694.0,6.3,32.7,0.9,3.59,23.52,13.1,12.8,5.7,2.0
CA,6077,San Joaquin County,6077003209,6077003209,0.3306,3.9,103656.0,1.6,16.8,3.5,0.0,42.82,12.0,18.9,7.2,4.8
CA,6077,San Joaquin County,6077003210,6077003210,0.8951,6.0,83750.0,6.8,39.0,12.1,9.68,96.49,21.0,8.2,12.1,3.6
CA,6077,San Joaquin County,6077003213,6077003213,0.911,20.8,64310.0,3.3,32.6,8.4,21.55,95.54,21.0,12.4,14.9,5.0
CA,6077,San Joaquin County,6077003214,6077003214,0.3627,11.4,97500.0,1.0,20.5,0.0,0.0,100.0,18.9,9.6,5.5,4.1
CA,6077,San Joaquin County,6077003215,6077003215,0.5917,11.8,81241.0,4.2,38.9,14.2,6.36,99.43,11.1,2.7,4.9,6.3
CA,6077,San Joaquin County,6077003216,6077003216,0.6408,11.2,93750.0,8.3,27.6,1.0,3.53,44.77,14.9,9.9,7.9,3.3
CA,6077,San Joaquin County,6077003217,6077003217,0.8713,27.5,46667.0,7.1,56.9,5.2,2.97,96.57,16.5,12.9,9.2,6.0
CA,6077,San Joaquin County,6077003218,6077003218,0.7675,10.6,68650.0,15.3,43.3,5.9,0.04,93.09,12.2,19.9,8.5,9.3
CA,6077,San Joaquin County,6077003219,6077003219,0.3438,3.3,124958.0,1.7,12.4,0.4,6.89,24.7,11.7,5.3,1.8,8.0
CA,6077,San Joaquin County,6077003305,6077003305,0.6213,9.7,75938.0,3.0,29.4,5.7,0.05,7.37,13.0,7.0,13.7,6.6
CA,6077,San Joaquin County,6077003306,6077003306,0.8882,24.0,60682.0,6.4,39.5,7.8,10.44,24.18,15.1,14.0,10.0,6.9
CA,6077,San Joaquin County,6077003307,6077003307,0.8608,18.1,50732.0,4.4,52.2,9.8,3.69,44.76,11.6,6.3,6.5,11.6
CA,6077,San Joaquin County,6077003308,6077003308,0.7316,17.9,42111.0,6.7,44.5,8.7,0.0,0.0,20.0,14.6,19.1,5.2
CA,6077,San Joaquin County,6077003310,6077003310,0.9112,20.6,52389.0,7.9,44.2,10.8,12.2,43.24,22.3,10.0,13.0,12.0
CA,6077,San Joaquin County,6077003311,6077003311,0.7993,20.3,65341.0,9.0,38.3,5.2,3.83,31.55,12.6,15.5,7.2,15.3
CA,6077,San Joaquin County,6077003312,6077003312,0.9814,31.6,32400.0,5.6,69.8,21.1,5.97,0.0,17.4,15.5,18.3,10.4
CA,6077,San Joaquin County,6077003313,6077003313,0.9206,20.6,58125.0,6.0,47.0,15.5,0.0,6.06,19.4,11.5,11.8,7.8
CA,6077,San Joaquin County,6077003403,6077003403,0.7382,17.7,72176.0,4.7,37.9,2.0,0.0,100.0,11.7,11.4,4.2,6.1
CA,6077,San Joaquin County,6077003404,6077003404,0.9665,25.4,53567.0,10.1,35.2,2.8,12.33,91.99,23.6,12.9,8.2,12.0
CA,6077,San Joaquin County,6077003405,6077003405,0.7721,22.1,63100.0,6.9,43.8,2.3,5.37,38.98,13.0,7.4,10.1,15.8
CA,6077,San Joaquin County,6077003406,6077003406,0.9527,25.5,38497.0,7.4,47.8,13.1,0.81,1.26,15.7,11.4,13.4,14.3
CA,6077,San Joaquin County,6077003407,6077003407,0.9458,25.8,50547.0,7.2,41.3,9.2,8.92,51.41,14.0,8.6,11.8,4.8
CA,6077,San Joaquin County,6077003409,6077003409,0.8363,5.4,61083.0,4.9,34.4,4.2,0.0,8.98,10.5,6.2,8.0,14.3
CA,6077,San Joaquin County,6077003410,6077003410,0.7392,18.1,64649.0,3.0,34.5,6.8,2.4,59.07,11.3,7.2,8.5,9.6
CA,6077,San Joaquin County,6077003501,6077003501,0.4094,4.4,90110.0,8.4,32.5,0.0,11.27,53.09,15.4,1.6,10.0,6.7
CA,6077,San Joaquin County,6077003502,6077003502,0.4683,18.2,86522.0,4.3,24.1,4.3,0.0,99.9,25.1,11.8,9.5,3.2
CA,6077,San Joaquin County,6077003503,6077003503,0.5137,4.6,109116.0,8.9,22.4,0.9,0.17,60.15,7.6,9.1,2.8,11.5
CA,6077,San Joaquin County,6077003504,6077003504,0.4968,2.0,116656.0,2.2,20.3,5.3,3.17,97.94,11.0,3.4,12.3,11.7
CA,6077,San Joaquin County,6077003601,6077003601,0.5657,11.7,66844.0,4.6,30.6,4.5,3.02,94.51,22.6,1.3,19.1,4.0
CA,6077,San Joaquin County,6077003602,6077003602,0.6987,26.2,71866.0,9.2,21.3,1.4,6.89,100.0,7.4,7.8,8.0,10.3
CA,6077,San Joaquin County,6077003700,6077003700,0.8825,33.0,52944.0,8.8,41.3,3.8,10.11,95.12,25.3,6.6,30.7,9.6
CA,6077,San Joaquin County,6077003803,6077003803,0.7727,14.3,88418.0,15.9,26.1,9.3,7.99,85.61,7.5,5.4,13.6,17.7
CA,6077,San Joaquin County,6077003804,6077003804,0.2731,4.6,101829.0,2.1,25.7,2.6,4.92,78.78,17.9,1.2,8.9,6.4
CA,6077,San Joaquin County,6077003805,6077003805,0.3463,19.1,123368.0,7.7,18.7,0.0,0.94,88.93,4.1,5.6,0.0,7.3
CA,6077,San Joaquin County,6077003806,6077003806,0.5008,13.8,97031.0,4.2,22.1,4.7,2.69,87.48,9.8,5.1,1.3,9.9
CA,6077,San Joaquin County,6077003807,6077003807,0.6,13.8,94732.0,4.4,20.9,8.7,3.19,3.34,10.8,9.8,3.1,8.7
CA,6077,San Joaquin County,6077003808,6077003808,0.4966,7.0,80033.0,4.4,32.1,0.2,14.05,0.12,14.7,4.7,6.5,8.3
CA,6077,San Joaquin County,6077003900,6077003900,0.9175,16.8,53482.0,14.3,32.2,20.7,4.37,98.88,17.6,10.9,33.6,21.6
CA,6077,San Joaquin County,6077004001,6077004001,0.8778,22.1,49609.0,12.7,32.8,2.9,1.76,100.0,14.6,10.9,13.1,20.6
CA,6077,San Joaquin County,6077004003,6077004003,0.4176,3.2,105096.0,4.9,16.9,3.3,16.58,80.89,5.9,8.3,8.8,5.9
CA,6077,San Joaquin County,6077004004,6077004004,0.3877,1.9,108278.0,1.4,22.1,0.0,5.11,42.62,13.3,5.4,1.9,6.4
CA,6077,San Joaquin County,6077004104,6077004104,0.0544,4.6,118192.0,5.0,20.1,0.0,3.85,67.75,8.8,0.9,0.9,2.3
CA,6077,San Joaquin County,6077004105,6077004105,0.2991,6.5,107625.0,4.1,18.9,0.0,0.0,98.99,9.9,7.9,9.9,3.6
CA,6077,San Joaquin County,6077004106,6077004106,0.4341,8.9,115329.0,4.3,13.6,0.0,0.0,92.61,8.6,5.0,9.9,9.7
CA,6077,San Joaquin County,6077004107,6077004107,0.6619,3.8,70793.0,1.8,30.7,5.5,2.18,87.95,9.2,6.5,2.4,9.8
CA,6077,San Joaquin County,6077004108,6077004108,0.2888,6.3,130583.0,0.7,17.0,4.3,0.0,81.85,6.5,3.6,3.0,8.6
CA,6077,San Joaquin County,6077004202,6077004202,0.417,6.7,141683.0,1.3,12.4,9.0,4.68,97.09,18.1,8.8,10.5,0.3
CA,6077,San Joaquin County,6077004203,6077004203,0.7842,9.2,75224.0,10.5,32.0,8.5,0.0,23.27,13.2,11.9,6.7,10.6
CA,6077,San Joaquin County,6077004204,6077004204,0.5128,9.0,75050.0,5.6,29.3,14.2,0.0,16.99,9.9,5.7,7.8,2.9
CA,6077,San Joaquin County,6077004205,6077004205,0.6013,11.3,62727.0,12.5,34.9,1.2,1.03,99.9,13.4,10.7,6.4,0.9
CA,6077,San Joaquin County,6077004206,6077004206,0.3906,13.0,75208.0,7.0,15.2,10.3,0.0,14.51,16.5,12.8,17.7,0.3
CA,6077,San Joaquin County,6077004302,6077004302,0.6938,26.8,58243.0,5.9,37.7,10.7,1.17,11.77,11.6,8.2,7.2,6.3
CA,6077,San Joaquin County,6077004305,6077004305,0.3896,4.1,122750.0,6.7,16.1,2.0,0.0,43.81,10.8,8.0,1.9,3.6
CA,6077,San Joaquin County,6077004307,6077004307,0.5835,8.7,75156.0,4.6,35.7,4.4,5.13,47.68,11.1,4.3,10.8,3.5
CA,6077,San Joaquin County,6077004308,6077004308,0.6378,10.3,76359.0,12.4,30.5,1.7,0.0,31.18,11.2,7.2,13.0,9.6
CA,6077,San Joaquin County,6077004309,6077004309,0.2848,6.6,81786.0,2.4,30.4,3.7,5.7,99.88,11.3,10.8,7.5,1.0
CA,6077,San Joaquin County,6077004310,6077004310,0.421,6.5,101953.0,1.2,32.2,16.4,6.19,0.0,14.8,8.1,17.8,1.2
CA,6077,San Joaquin County,6077004402,6077004402,0.7293,11.0,89167.0,7.5,24.7,3.6,4.41,99.25,10.9,11.8,6.5,10.8
CA,6077,San Joaquin County,6077004403,6077004403,0.9528,44.0,28992.0,17.7,61.1,19.5,3.8,20.63,11.9,12.6,10.6,27.7
CA,6077,San Joaquin County,6077004404,6077004404,0.9296,26.6,45357.0,8.7,44.4,3.1,1.5,0.0,12.6,10.6,4.5,16.2
CA,6077,San Joaquin County,6077004501,6077004501,0.7574,10.5,63182.0,7.8,28.2,6.3,0.59,85.24,19.4,10.7,13.2,6.3
CA,6077,San Joaquin County,6077004502,6077004502,0.9582,28.0,45976.0,11.0,47.1,10.0,0.0,10.67,10.4,20.0,17.3,32.7
CA,6077,San Joaquin County,6077004600,6077004600,0.5631,5.7,82260.0,10.4,27.5,1.4,6.41,100.0,10.9,7.8,6.0,10.6
CA,6077,San Joaquin County,6077004701,6077004701,0.5584,9.5,105870.0,8.6,19.6,1.6,5.06,66.17,7.7,7.0,10.4,5.9
CA,6077,San Joaquin County,6077004703,6077004703,0.2677,8.0,132969.0,7.9,17.9,0.0,4.75,100.0,13.1,4.3,9.2,4.9
CA,6077,San Joaquin County,6077004704,6077004704,0.4702,4.3,94866.0,4.9,22.5,2.4,0.0,95.82,11.7,2.7,10.9,3.8
CA,6077,San Joaquin County,6077004800,6077004800,0.606,11.3,89120.0,3.2,23.3,3.0,1.92,90.34,9.4,8.8,6.5,7.5
CA,6077,San Joaquin County,6077004903,6077004903,0.309,8.7,64768.0,7.3,16.1,2.5,0.25,85.59,7.5,8.5,1.5,8.9
CA,6077,San Joaquin County,6077004904,6077004904,0.2573,12.6,88656.0,3.2,23.6,1.6,1.1,66.14,10.3,7.7,6.6,3.3
CA,6077,San Joaquin County,6077004905,6077004905,0.5316,6.2,105726.0,4.5,29.1,4.4,2.31,91.84,10.9,12.0,3.9,4.0
CA,6077,San Joaquin County,6077004906,6077004906,0.5228,14.3,74531.0,4.2,17.6,2.3,3.46,45.89,5.8,8.4,2.2,8.4
CA,6077,San Joaquin County,6077005001,6077005001,0.3441,1.6,89862.0,6.7,23.4,1.8,4.56,97.8,17.4,2.8,8.7,2.2
CA,6077,San Joaquin County,6077005003,6077005003,0.1939,13.4,126964.0,3.9,16.3,1.2,2.59,79.38,8.7,3.9,6.3,1.4
CA,6077,San Joaquin County,6077005004,6077005004,0.4298,14.1,97179.0,4.1,32.6,2.1,4.28,90.95,9.0,3.0,5.7,4.2
CA,6077,San Joaquin County,6077005106,6077005106,0.3973,5.1,119515.0,3.3,22.3,0.9,6.87,100.0,7.5,5.6,7.0,7.5
CA,6077,San Joaquin County,6077005108,6077005108,0.6384,28.6,62350.0,5.1,45.7,2.5,0.0,48.52,11.0,5.5,10.0,5.6
CA,6077,San Joaquin County,6077005109,6077005109,0.773,20.6,53542.0,10.0,48.7,6.9,0.21,33.67,15.0,2.9,7.9,2.8
CA,6077,San Joaquin County,6077005119,6077005119,0.49,10.3,121429.0,3.7,28.2,0.6,2.83,67.45,7.7,11.2,3.1,7.9
CA,6077,San Joaquin County,6077005122,6077005122,0.4116,8.3,122906.0,5.9,26.5,1.4,1.93,65.64,8.7,6.2,7.3,6.0
CA,6077,San Joaquin County,6077005123,6077005123,0.4982,5.2,90833.0,3.2,39.9,5.1,3.37,65.98,12.8,4.8,7.0,2.7
CA,6077,San Joaquin County,6077005124,6077005124,0.7906,10.3,65515.0,6.9,44.9,6.9,8.24,85.47,18.2,3.4,17.7,2.4
CA,6077,San Joaquin County,6077005125,6077005125,0.6046,20.2,80208.0,7.1,33.8,12.2,4.94,60.62,10.8,15.6,10.0,1.5
CA,6077,San Joaquin County,6077005126,6077005126,0.761,5.5,69413.0,7.2,37.3,6.3,0.0,8.66,13.5,8.8,12.2,5.7
CA,6077,San Joaquin County,6077005127,6077005127,0.4502,9.2,102440.0,4.9,23.4,1.1,4.51,77.59,15.5,6.4,7.8,6.7
CA,6077,San Joaquin County,6077005129,6077005129,0.6444,9.3,76875.0,7.3,18.4,2.6,4.34,44.31,7.4,10.2,8.2,11.4
CA,6077,San Joaquin County,6077005130,6077005130,0.5396,6.3,95208.0,4.1,21.3,2.7,4.7,13.08,11.7,9.5,12.7,10.7
CA,6077,San Joaquin County,6077005131,6077005131,0.6446,4.9,80833.0,12.1,18.9,1.5,1.03,94.39,14.6,9.6,9.8,11.0
CA,6077,San Joaquin County,6077005132,6077005132,0.9469,11.4,58254.0,9.9,41.3,6.1,1.91,83.74,17.8,4.1,19.9,11.7
CA,6077,San Joaquin County,6077005133,6077005133,0.7032,25.2,80063.0,10.1,27.4,2.0,3.58,59.17,14.6,3.9,8.9,8.6
CA,6077,San Joaquin County,6077005134,6077005134,0.3198,2.8,105272.0,5.3,19.8,2.7,0.0,63.4,12.8,12.6,1.6,0.4
CA,6077,San Joaquin County,6077005135,6077005135,0.403,6.7,111301.0,1.6,19.7,5.1,3.61,78.16,11.3,4.3,8.8,4.3
CA,6077,San Joaquin County,6077005136,6077005136,0.2147,22.1,135350.0,2.4,21.4,4.0,4.42,15.8,12.5,5.4,5.2,4.6
CA,6077,San Joaquin County,6077005137,6077005137,0.2418,2.7,110518.0,5.3,25.5,0.9,0.0,29.25,8.3,6.0,1.5,9.4
CA,6077,San Joaquin County,6077005138,6077005138,0.6363,3.8,50000.0,5.3,29.6,0.9,2.74,24.16,24.9,18.0,16.4,4.5
CA,6077,San Joaquin County,6077005139,6077005139,0.3863,6.8,139583.0,2.1,26.0,6.9,4.12,100.0,18.3,8.3,7.5,1.1
CA,6077,San Joaquin County,6077005140,6077005140,0.369,9.8,78011.0,5.6,32.4,3.0,0.82,71.43,12.0,2.7,6.9,7.0
CA,6077,San Joaquin County,6077005141,6077005141,0.2955,6.1,84844.0,5.7,17.1,1.8,3.24,41.01,10.1,2.9,6.6,5.7
CA,6077,San Joaquin County,6077005208,6077005208,0.2426,3.8,99036.0,3.9,19.0,2.6,0.0,19.65,12.3,5.5,7.4,6.4
CA,6077,San Joaquin County,6077005211,6077005211,0.2027,19.7,132837.0,4.8,23.9,0.9,5.97,95.54,3.8,2.4,3.7,2.8
CA,6077,San Joaquin County,6077005212,6077005212,0.1503,0.6,170420.0,1.9,5.1,3.3,3.83,15.03,7.4,6.2,0.6,8.0
CA,6077,San Joaquin County,6077005213,6077005213,0.089,1.0,137163.0,1.3,12.0,0.0,0.0,58.9,11.0,4.2,6.0,1.7
CA,6077,San Joaquin County,6077005214,6077005214,0.268,3.7,108140.0,6.6,24.8,0.9,9.69,0.0,7.7,5.5,2.8,3.1
CA,6077,San Joaquin County,6077005215,6077005215,0.081,4.8,175526.0,3.4,9.5,1.6,3.39,2.09,7.0,2.0,4.9,4.7
CA,6077,San Joaquin County,6077005216,6077005216,0.0991,4.7,164176.0,2.7,11.4,1.4,0.0,69.18,7.5,5.3,4.5,3.9
CA,6077,San Joaquin County,6077005217,6077005217,0.1796,9.2,116094.0,3.0,22.5,1.2,4.43,97.22,6.2,7.1,0.9,8.6
CA,6077,San Joaquin County,6077005218,6077005218,0.3145,7.9,166056.0,2.2,17.6,1.2,3.59,75.33,9.3,8.0,0.0,10.9
CA,6077,San Joaquin County,6077005219,6077005219,0.215,4.4,158643.0,9.4,9.1,6.3,0.83,84.05,9.6,5.8,4.0,9.4
CA,6077,San Joaquin County,6077005220,6077005220,0.2835,5.8,105208.0,6.2,20.9,2.0,0.0,99.91,6.4,3.2,3.6,5.3
CA,6077,San Joaquin County,6077005221,6077005221,0.0073,1.7,165369.0,1.5,5.1,0.0,0.0,57.32,7.4,4.3,3.3,2.2
CA,6077,San Joaquin County,6077005222,6077005222,0.3248,0.0,172758.0,8.2,4.4,0.9,1.6,96.6,10.0,4.8,18.5,5.1
CA,6077,San Joaquin County,6077005223,6077005223,0.2392,7.3,178854.0,3.6,13.1,6.7,0.0,100.0,1.4,2.2,0.0,3.4
CA,6077,San Joaquin County,6077005224,6077005224,0.1602,11.0,106491.0,2.1,16.7,1.6,0.08,22.94,6.0,1.0,6.6,10.5
CA,6077,San Joaquin County,6077005225,6077005225,0.3303,1.5,97959.0,12.1,12.3,0.0,3.38,94.0,6.0,15.2,6.4,2.0
CA,6077,San Joaquin County,6077005303,6077005303,0.6052,24.5,81889.0,8.9,27.3,4.1,1.9,2.86,4.1,4.5,5.9,6.9
CA,6077,San Joaquin County,6077005307,6077005307,0.4847,6.8,94297.0,7.1,25.9,3.6,4.79,69.24,8.6,3.8,6.9,6.3
CA,6077,San Joaquin County,6077005308,6077005308,0.5067,8.1,96630.0,6.2,22.2,5.9,0.0,22.49,9.6,11.1,4.8,10.1
CA,6077,San Joaquin County,6077005309,6077005309,0.4666,8.4,98611.0,2.0,19.8,7.8,0.0,66.28,18.8,3.6,14.1,9.7
CA,6077,San Joaquin County,6077005310,6077005310,0.5774,4.3,99886.0,5.2,24.1,2.9,3.01,72.51,8.6,8.5,10.1,12.9
CA,6077,San Joaquin County,6077005311,6077005311,0.9103,24.4,58765.0,15.0,51.7,8.3,1.41,62.29,7.4,4.8,21.8,18.6
CA,6077,San Joaquin County,6077005312,6077005312,0.4301,9.2,104111.0,3.1,25.4,0.4,1.69,100.0,18.7,5.4,1.5,6.5
CA,6077,San Joaquin County,6077005403,6077005403,0.4049,10.5,122857.0,6.2,23.2,1.9,0.52,46.22,12.9,3.7,5.6,3.5
CA,6077,San Joaquin County,6077005405,6077005405,0.5655,7.9,85714.0,5.6,27.6,5.0,0.0,41.78,9.7,5.6,12.4,8.2
CA,6077,San Joaquin County,6077005406,6077005406,0.8035,11.1,64318.0,5.3,37.6,9.0,0.0,7.56,15.4,7.6,12.9,11.2
CA,6077,San Joaquin County,6077005502,6077005502,0.3188,11.6,162500.0,7.3,14.0,0.0,6.48,94.51,6.9,10.9,3.9,8.7
CA,6077,San Joaquin County,6077005503,6077005503,0.5681,16.2,52463.0,11.9,26.8,8.2,0.0,27.39,16.3,9.9,5.9,3.7
CA,6077,San Joaquin County,6077980000,6077980000,0.4999,10.0,90230.0,5.8,28.3,4.5,4.6,79.13,10.5,5.8,7.2,2.8
CA,6079,San Luis Obispo County,6079010016,6079010016,0.6025,19.2,78179.0,14.6,29.4,4.2,0.0,100.0,8.8,3.6,12.0,13.4
CA,6079,San Luis Obispo County,6079010017,6079010017,0.3584,6.4,79400.0,7.4,27.1,0.6,1.71,28.94,12.9,4.4,6.3,0.4
CA,6079,San Luis Obispo County,6079010101,6079010101,0.1709,7.1,119375.0,4.3,15.2,1.0,3.2,79.02,12.2,3.8,1.6,0.6
CA,6079,San Luis Obispo County,6079010103,6079010103,0.6383,10.5,60383.0,17.6,44.4,1.9,0.62,6.33,13.6,9.4,17.6,13.4
CA,6079,San Luis Obispo County,6079010104,6079010104,0.8063,25.0,51585.0,28.1,32.7,1.8,4.2,94.37,15.5,1.1,5.6,12.1
CA,6079,San Luis Obispo County,6079010202,6079010202,0.5838,5.1,82885.0,9.1,29.3,5.0,3.95,81.77,16.5,3.9,9.0,7.9
CA,6079,San Luis Obispo County,6079010204,6079010204,0.5723,9.2,87885.0,6.0,33.4,3.2,0.0,68.66,12.0,1.6,2.7,8.6
CA,6079,San Luis Obispo County,6079010205,6079010205,0.44,14.0,91467.0,9.6,25.5,5.7,0.43,35.63,7.6,7.4,9.0,5.1
CA,6079,San Luis Obispo County,6079010206,6079010206,0.239,10.5,116923.0,1.3,13.4,1.4,7.22,99.11,14.9,9.6,1.3,1.0
CA,6079,San Luis Obispo County,6079010207,6079010207,0.2902,8.0,94551.0,2.9,27.1,0.0,2.12,98.24,11.5,2.9,7.3,0.3
CA,6079,San Luis Obispo County,6079010301,6079010301,0.4883,9.5,85417.0,6.2,36.8,2.9,8.24,15.39,9.4,5.3,14.8,4.6
CA,6079,San Luis Obispo County,6079010302,6079010302,0.259,3.5,163125.0,5.5,10.2,3.5,0.0,40.76,14.7,3.3,8.3,0.0
CA,6079,San Luis Obispo County,6079010303,6079010303,0.1741,4.9,97969.0,2.3,26.6,0.0,0.39,71.53,11.6,5.1,11.0,1.9
CA,6079,San Luis Obispo County,6079010403,6079010403,0.2316,9.1,96385.0,11.6,29.2,2.3,4.72,94.99,14.9,6.2,6.4,6.4
CA,6079,San Luis Obispo County,6079010404,6079010404,0.3283,7.6,87000.0,2.7,33.1,2.4,3.02,38.89,22.5,6.7,7.3,1.4
CA,6079,San Luis Obispo County,6079010504,6079010504,0.1306,10.0,81366.0,2.1,32.2,1.8,0.81,98.09,18.0,2.0,6.3,1.8
CA,6079,San Luis Obispo County,6079010505,6079010505,0.3415,8.9,90649.0,2.2,23.5,3.5,0.0,100.0,21.2,4.0,13.3,1.4
CA,6079,San Luis Obispo County,6079010506,6079010506,0.2011,11.6,107773.0,2.4,29.9,0.0,11.07,20.23,10.6,21.1,3.4,0.0
CA,6079,San Luis Obispo County,6079010602,6079010602,0.4022,10.4,85345.0,2.5,29.4,2.7,1.37,48.71,14.9,7.9,4.6,1.4
CA,6079,San Luis Obispo County,6079010603,6079010603,0.3574,11.6,71136.0,2.5,39.6,5.8,3.26,22.67,15.0,2.3,10.4,0.8
CA,6079,San Luis Obispo County,6079010701,6079010701,0.3951,6.3,88932.0,6.9,31.6,2.7,9.62,97.12,13.8,4.6,9.0,1.5
CA,6079,San Luis Obispo County,6079010703,6079010703,0.5168,17.0,83393.0,5.6,35.3,3.4,0.0,58.19,12.6,4.6,7.1,4.5
CA,6079,San Luis Obispo County,6079010707,6079010707,0.356,7.4,102203.0,7.6,21.5,0.9,4.95,76.28,15.6,6.1,7.0,0.1
CA,6079,San Luis Obispo County,6079010902,6079010902,0.4122,70.9,28411.0,5.7,78.7,6.1,8.88,65.47,3.7,14.6,4.1,0.4
CA,6079,San Luis Obispo County,6079010903,6079010903,0.4118,83.2,9893.0,2.1,85.1,14.7,1.01,29.45,4.7,19.4,26.3,0.1
CA,6079,San Luis Obispo County,6079010904,6079010904,0.4999,10.0,90230.0,0.9,28.3,4.5,0.85,98.35,3.9,7.5,7.2,0.0
CA,6079,San Luis Obispo County,6079011001,6079011001,0.4636,11.2,100396.0,5.3,25.6,5.0,0.0,73.23,13.4,2.5,11.7,3.4
CA,6079,San Luis Obispo County,6079011002,6079011002,0.4115,26.5,73590.0,9.4,41.0,5.8,6.03,41.68,11.5,9.3,10.2,2.2
CA,6079,San Luis Obispo County,6079011101,6079011101,0.4541,29.4,58279.0,4.3,44.2,12.2,2.33,29.97,11.0,3.1,9.1,1.4
CA,6079,San Luis Obispo County,6079011103,6079011103,0.4723,8.9,70795.0,6.2,30.4,6.5,1.13,69.94,14.4,0.6,12.2,2.1
CA,6079,San Luis Obispo County,6079011104,6079011104,0.3336,14.4,81391.0,5.0,19.2,15.4,1.84,47.69,8.8,3.7,10.6,4.9
CA,6079,San Luis Obispo County,6079011105,6079011105,0.1502,14.6,93370.0,8.2,30.7,6.7,2.13,100.0,4.4,2.1,6.4,1.4
CA,6079,San Luis Obispo County,6079011201,6079011201,0.2417,48.5,47961.0,2.7,61.7,2.5,7.74,94.72,9.4,2.9,4.1,1.8
CA,6079,San Luis Obispo County,6079011202,6079011202,0.3537,47.9,58412.0,2.0,51.0,15.4,6.93,6.02,10.1,13.8,10.8,0.0
CA,6079,San Luis Obispo County,6079011300,6079011300,0.4389,18.3,87167.0,4.4,26.7,2.1,0.84,47.31,10.5,8.5,6.1,2.7
CA,6079,San Luis Obispo County,6079011400,6079011400,0.4999,10.0,90230.0,5.8,28.3,4.5,4.59,100.0,10.5,5.8,7.2,7.2
CA,6079,San Luis Obispo County,6079011501,6079011501,0.6616,15.6,69310.0,6.7,39.3,2.3,0.0,4.3,15.9,6.1,5.5,3.0
CA,6079,San Luis Obispo County,6079011505,6079011505,0.2029,6.1,122554.0,3.8,20.0,0.5,2.25,95.92,9.5,3.7,2.4,1.2
CA,6079,San Luis Obispo County,6079011600,6079011600,0.1088,7.3,136020.0,2.4,20.0,3.1,0.43,98.38,12.0,1.8,2.4,0.0
CA,6079,San Luis Obispo County,6079011704,6079011704,0.1069,9.2,110435.0,4.1,26.0,2.6,1.4,100.0,10.9,2.4,5.8,0.7
CA,6079,San Luis Obispo County,6079011705,6079011705,0.1788,6.9,107765.0,10.5,21.1,2.6,2.63,44.44,16.1,1.1,9.8,4.2
CA,6079,San Luis Obispo County,6079011706,6079011706,0.065,7.1,119407.0,3.2,23.3,1.0,2.27,100.0,9.3,4.3,2.0,0.3
CA,6079,San Luis Obispo County,6079011800,6079011800,0.1772,4.5,116607.0,4.8,19.2,2.9,0.0,89.68,17.2,2.0,5.2,0.1
CA,6079,San Luis Obispo County,6079011901,6079011901,0.3352,2.9,88295.0,5.5,16.9,2.4,0.0,93.83,21.3,4.7,12.5,0.3
CA,6079,San Luis Obispo County,6079011903,6079011903,0.3343,3.6,78795.0,1.2,28.6,0.8,2.8,39.53,9.2,2.3,14.5,0.6
CA,6079,San Luis Obispo County,6079011904,6079011904,0.5793,8.9,95445.0,4.1,36.2,6.8,2.02,69.18,15.0,1.6,12.3,1.8
CA,6079,San Luis Obispo County,6079012001,6079012001,0.2631,12.6,73750.0,6.8,39.0,1.3,0.0,74.56,27.0,3.0,11.5,2.6
CA,6079,San Luis Obispo County,6079012002,6079012002,0.5235,13.4,83472.0,10.1,35.8,1.6,0.0,86.35,15.7,2.0,9.0,4.6
CA,6079,San Luis Obispo County,6079012102,6079012102,0.551,7.3,83750.0,11.0,38.4,1.7,7.6,90.29,16.3,4.0,4.1,7.8
CA,6079,San Luis Obispo County,6079012201,6079012201,0.6595,25.1,74129.0,15.2,29.2,5.4,5.15,61.19,15.8,0.8,28.9,11.6
CA,6079,San Luis Obispo County,6079012202,6079012202,0.5023,4.1,58009.0,3.2,23.7,6.2,6.71,37.18,19.7,6.7,17.5,3.7
CA,6079,San Luis Obispo County,6079012302,6079012302,0.1959,9.7,117256.0,6.4,15.5,0.3,3.62,99.75,7.0,3.6,4.4,0.0
CA,6079,San Luis Obispo County,6079012305,6079012305,0.2034,4.7,103992.0,3.7,30.0,0.6,0.0,96.5,17.3,4.4,4.4,0.0
CA,6079,San Luis Obispo County,6079012306,6079012306,0.1223,5.0,153551.0,7.7,9.1,4.8,3.95,16.95,15.1,1.1,7.7,0.3
CA,6079,San Luis Obispo County,6079012403,6079012403,0.4466,3.2,99155.0,6.9,22.0,5.6,5.98,46.17,14.2,3.2,10.0,6.4
CA,6079,San Luis Obispo County,6079012404,6079012404,0.5415,14.5,95202.0,2.7,33.2,6.2,0.0,69.5,13.1,5.7,3.5,4.1
CA,6079,San Luis Obispo County,6079012405,6079012405,0.4321,2.2,99554.0,4.0,30.1,3.5,0.92,14.59,16.8,4.8,8.1,9.7
CA,6079,San Luis Obispo County,6079012406,6079012406,0.3852,4.3,89940.0,4.0,22.3,5.6,4.07,42.14,8.2,0.8,13.9,8.2
CA,6079,San Luis Obispo County,6079012502,6079012502,0.2527,10.8,76389.0,4.9,37.1,1.7,5.79,68.95,11.8,5.4,2.1,1.6
CA,6079,San Luis Obispo County,6079012503,6079012503,0.636,14.1,76042.0,11.3,31.3,2.9,3.8,83.72,11.4,6.0,10.2,9.1
CA,6079,San Luis Obispo County,6079012505,6079012505,0.4044,9.6,84333.0,3.6,18.4,6.6,7.47,58.42,16.8,1.7,13.3,1.4
CA,6079,San Luis Obispo County,6079012601,6079012601,0.4334,7.0,120698.0,3.3,22.9,6.5,1.57,17.72,13.3,3.3,10.5,0.2
CA,6079,San Luis Obispo County,6079012602,6079012602,0.173,4.3,124688.0,4.6,6.8,0.0,3.29,100.0,12.2,1.9,3.6,2.7
CA,6079,San Luis Obispo County,6079012705,6079012705,0.367,3.2,93704.0,1.4,27.1,8.7,3.91,40.22,20.4,5.3,20.3,0.2
CA,6079,San Luis Obispo County,6079012706,6079012706,0.1942,2.9,120833.0,5.0,19.6,0.6,2.84,64.94,20.1,5.1,5.9,2.0
CA,6079,San Luis Obispo County,6079012707,6079012707,0.1792,8.9,121635.0,0.7,19.7,1.6,1.2,70.3,12.9,0.0,4.7,0.4
CA,6079,San Luis Obispo County,6079012708,6079012708,0.1704,13.7,150593.0,10.8,11.5,0.0,0.0,72.16,10.5,5.1,6.1,2.8
CA,6079,San Luis Obispo County,6079013000,6079013000,0.4054,7.3,83526.0,8.8,21.6,0.0,6.56,100.0,11.1,10.0,12.4,3.3
CA,6079,San Luis Obispo County,6079013100,6079013100,0.2992,2.1,111142.0,3.7,11.8,4.1,0.0,65.95,9.7,7.8,2.9,0.0
CA,6081,San Mateo County,6081600100,6081600100,0.4708,4.9,148724.0,3.0,21.5,1.5,3.93,86.05,11.2,9.2,3.3,7.2
CA,6081,San Mateo County,6081600200,6081600200,0.6334,10.2,111000.0,2.8,21.7,9.0,7.01,85.98,9.2,8.6,8.9,19.2
CA,6081,San Mateo County,6081600300,6081600300,0.2052,7.7,175139.0,1.3,6.6,0.0,3.4,94.87,6.3,8.6,8.2,8.6
CA,6081,San Mateo County,6081600401,6081600401,0.2247,5.2,152611.0,4.6,18.2,1.3,0.0,16.62,10.3,3.8,3.2,12.1
CA,6081,San Mateo County,6081600402,6081600402,0.6167,6.1,134704.0,10.2,16.3,4.5,1.67,10.13,9.3,14.1,2.7,20.7
CA,6081,San Mateo County,6081600501,6081600501,0.5326,1.5,96696.0,0.6,22.9,6.1,3.88,86.18,12.6,3.5,7.1,13.1
CA,6081,San Mateo County,6081600502,6081600502,0.379,11.4,126805.0,3.4,22.7,0.0,2.81,40.62,7.7,5.7,0.0,16.6
CA,6081,San Mateo County,6081600600,6081600600,0.4354,8.3,103567.0,3.0,28.8,11.0,0.0,99.0,7.2,3.7,4.7,12.7
CA,6081,San Mateo County,6081600701,6081600701,0.7688,17.6,70290.0,16.3,40.0,14.2,0.13,26.88,11.0,10.5,18.0,12.4
CA,6081,San Mateo County,6081600702,6081600702,0.3388,5.4,143843.0,0.8,19.7,5.7,1.54,100.0,7.1,6.3,0.6,3.2
CA,6081,San Mateo County,6081600800,6081600800,0.7337,16.5,86671.0,15.2,40.3,16.9,0.0,0.0,4.4,7.0,7.6,12.1
CA,6081,San Mateo County,6081600900,6081600900,0.3358,10.1,138929.0,1.7,21.9,14.1,6.76,32.27,11.7,5.4,9.2,9.8
CA,6081,San Mateo County,6081601000,6081601000,0.1927,3.8,136445.0,5.0,12.7,2.2,5.89,55.14,8.2,5.7,4.8,2.9
CA,6081,San Mateo County,6081601100,6081601100,0.1251,2.2,148381.0,3.3,11.7,2.6,0.0,13.3,7.9,2.8,3.7,6.0
CA,6081,San Mateo County,6081601200,6081601200,0.4267,3.5,133873.0,3.7,18.2,4.7,0.47,97.89,10.7,3.6,6.8,6.8
CA,6081,San Mateo County,6081601301,6081601301,0.629,6.2,77453.0,4.0,27.9,34.1,0.0,95.76,6.8,3.2,21.3,22.9
CA,6081,San Mateo County,6081601302,6081601302,0.8331,2.7,91397.0,2.4,38.6,10.5,0.0,20.67,11.6,2.3,6.2,11.0
CA,6081,San Mateo County,6081601400,6081601400,0.5157,4.5,117143.0,2.4,22.2,7.2,0.0,0.0,13.5,5.9,6.6,9.8
CA,6081,San Mateo County,6081601501,6081601501,0.2427,5.4,169583.0,1.7,18.9,4.7,4.11,42.49,6.7,2.3,3.6,11.6
CA,6081,San Mateo County,6081601502,6081601502,0.7219,9.0,92208.0,8.4,35.7,9.8,4.84,32.26,9.6,5.7,9.2,14.7
CA,6081,San Mateo County,6081601601,6081601601,0.5608,5.3,101103.0,3.8,24.4,4.3,0.0,62.34,13.6,5.3,9.0,7.0
CA,6081,San Mateo County,6081601603,6081601603,0.6054,12.0,100772.0,3.8,26.8,13.8,1.52,12.69,15.9,1.9,12.9,8.7
CA,6081,San Mateo County,6081601604,6081601604,0.1263,2.3,117875.0,0.0,18.9,4.8,1.95,96.42,4.3,3.9,1.4,5.7
CA,6081,San Mateo County,6081601605,6081601605,0.2102,6.6,144250.0,3.9,14.9,6.0,9.28,100.0,8.3,3.3,1.5,9.8
CA,6081,San Mateo County,6081601700,6081601700,0.2987,5.5,173333.0,0.6,5.3,5.2,0.0,0.3,13.2,1.7,5.9,6.4
CA,6081,San Mateo County,6081601800,6081601800,0.0937,5.9,124196.0,4.2,21.7,4.5,4.54,42.84,5.2,1.1,4.2,2.9
CA,6081,San Mateo County,6081601901,6081601901,0.4337,10.8,104596.0,4.1,27.3,3.3,5.28,76.39,8.0,5.5,3.3,5.5
CA,6081,San Mateo County,6081601902,6081601902,0.3387,2.5,125585.0,7.9,16.3,3.0,0.04,18.97,9.4,3.4,9.0,6.4
CA,6081,San Mateo County,6081602001,6081602001,0.3163,3.9,141995.0,0.6,16.7,6.7,0.0,29.9,11.5,0.3,4.3,6.3
CA,6081,San Mateo County,6081602002,6081602002,0.0665,0.4,146786.0,3.2,5.7,0.1,8.9,17.3,4.0,1.0,2.1,11.3
CA,6081,San Mateo County,6081602100,6081602100,0.6571,12.7,87853.0,7.3,38.6,6.8,0.51,16.43,8.9,6.1,10.5,17.0
CA,6081,San Mateo County,6081602201,6081602201,0.4893,11.3,82015.0,1.4,33.8,9.5,2.52,62.94,7.4,3.6,9.0,7.3
CA,6081,San Mateo County,6081602202,6081602202,0.6373,13.6,86491.0,11.6,34.7,12.6,1.46,100.0,9.5,2.1,8.8,27.5
CA,6081,San Mateo County,6081602300,6081602300,0.4096,11.1,155345.0,1.8,18.4,4.4,1.24,32.92,7.3,5.3,5.4,6.5
CA,6081,San Mateo County,6081602400,6081602400,0.4853,5.8,128750.0,1.8,20.8,10.6,0.75,15.56,13.2,0.3,12.1,4.9
CA,6081,San Mateo County,6081602500,6081602500,0.227,4.9,159712.0,1.2,16.6,2.2,0.0,12.97,15.2,1.0,1.2,5.7
CA,6081,San Mateo County,6081602601,6081602601,0.3132,5.0,156595.0,0.9,20.1,6.3,0.93,80.33,10.0,3.0,7.5,3.7
CA,6081,San Mateo County,6081602602,6081602602,0.3544,5.9,163828.0,5.4,18.7,5.1,2.66,51.6,12.6,1.7,3.9,7.5
CA,6081,San Mateo County,6081602700,6081602700,0.1997,4.0,152454.0,3.8,21.9,1.9,0.0,19.37,5.9,3.1,5.0,3.8
CA,6081,San Mateo County,6081602800,6081602800,0.1566,7.3,151676.0,1.7,18.5,0.5,0.0,11.11,8.9,6.9,3.9,2.8
CA,6081,San Mateo County,6081602900,6081602900,0.1171,3.3,154348.0,1.0,15.4,2.6,0.0,11.68,5.5,4.1,3.0,2.2
CA,6081,San Mateo County,6081603000,6081603000,0.4211,8.1,142134.0,6.6,20.7,6.0,3.79,24.6,8.9,4.5,1.2,1.9
CA,6081,San Mateo County,6081603100,6081603100,0.0261,5.0,196447.0,3.3,13.3,1.1,3.88,100.0,4.1,1.8,4.8,4.2
CA,6081,San Mateo County,6081603200,6081603200,0.0929,6.1,147059.0,3.6,23.3,0.9,0.0,8.67,10.1,2.5,3.8,0.2
CA,6081,San Mateo County,6081603300,6081603300,0.1064,6.2,147589.0,2.9,8.7,4.1,0.54,84.62,11.5,2.1,0.9,2.3
CA,6081,San Mateo County,6081603400,6081603400,0.0605,4.3,145809.0,0.8,19.6,0.7,0.0,100.0,8.4,5.4,3.6,0.8
CA,6081,San Mateo County,6081603700,6081603700,0.3477,7.5,122337.0,2.4,19.7,5.0,2.21,74.06,14.1,4.8,13.2,4.5
CA,6081,San Mateo County,6081603801,6081603801,0.5345,5.7,95573.0,3.3,25.3,4.7,0.0,8.6,11.3,6.9,2.1,8.9
CA,6081,San Mateo County,6081603802,6081603802,0.2524,7.0,155924.0,2.9,11.6,3.8,0.0,36.35,8.5,6.2,6.7,2.7
CA,6081,San Mateo County,6081603900,6081603900,0.4388,5.7,126188.0,1.7,21.3,2.2,0.0,63.62,6.1,5.8,3.6,4.0
CA,6081,San Mateo County,6081604000,6081604000,0.0461,2.5,150750.0,1.4,10.1,5.8,3.35,4.63,7.8,1.9,4.9,3.4
CA,6081,San Mateo County,6081604102,6081604102,0.3564,8.5,113750.0,4.2,26.0,15.1,4.76,46.73,8.8,4.8,5.7,8.9
CA,6081,San Mateo County,6081604103,6081604103,0.6342,7.7,102899.0,13.1,35.6,16.9,0.0,37.93,8.7,3.5,15.0,12.6
CA,6081,San Mateo County,6081604104,6081604104,0.5636,8.6,115781.0,8.1,27.9,4.3,9.88,10.21,9.7,6.8,2.7,18.5
CA,6081,San Mateo County,6081604200,6081604200,0.3072,0.6,139350.0,4.2,7.1,6.1,0.0,16.32,6.3,4.3,11.5,9.6
CA,6081,San Mateo County,6081604400,6081604400,0.549,7.3,121471.0,4.2,26.4,4.2,0.0,29.74,9.7,10.2,7.4,10.1
CA,6081,San Mateo County,6081604500,6081604500,0.3037,4.9,149427.0,0.0,21.0,8.7,0.07,64.67,10.3,4.2,9.0,3.5
CA,6081,San Mateo County,6081604600,6081604600,0.0558,3.4,158516.0,2.4,8.5,2.4,0.76,98.47,8.5,5.3,3.3,5.1
CA,6081,San Mateo County,6081604700,6081604700,0.1929,3.2,208625.0,1.0,18.9,4.8,1.46,100.0,6.1,2.7,6.8,4.7
CA,6081,San Mateo County,6081604800,6081604800,0.422,8.3,144283.0,4.3,25.5,17.4,8.01,7.02,12.4,3.5,13.4,7.3
CA,6081,San Mateo County,6081604900,6081604900,0.3824,8.5,101667.0,2.8,21.6,4.3,6.8,68.1,10.0,2.3,5.5,10.9
CA,6081,San Mateo County,6081605000,6081605000,0.2441,3.1,200893.0,0.8,14.8,3.0,3.77,74.67,5.5,3.2,10.5,5.6
CA,6081,San Mateo County,6081605100,6081605100,0.2071,5.1,138667.0,4.3,21.4,7.2,11.29,83.01,3.8,3.6,10.5,3.6
CA,6081,San Mateo County,6081605200,6081605200,0.0643,2.2,184107.0,1.4,12.6,0.7,0.0,100.0,6.6,5.0,0.5,1.5
CA,6081,San Mateo County,6081605300,6081605300,0.368,8.3,174464.0,3.1,15.6,0.8,6.05,74.03,8.8,6.1,2.4,5.4
CA,6081,San Mateo County,6081605400,6081605400,0.1971,2.8,167067.0,5.0,17.8,4.4,0.99,49.41,7.7,4.3,4.4,3.6
CA,6081,San Mateo County,6081605501,6081605501,0.3478,11.8,85313.0,6.7,45.7,5.2,2.55,89.37,8.4,6.2,2.9,8.8
CA,6081,San Mateo County,6081605502,6081605502,0.2338,4.7,200350.0,1.6,9.8,5.8,0.0,28.37,7.1,5.9,3.2,4.7
CA,6081,San Mateo County,6081605600,6081605600,0.0632,7.0,250001.0,1.5,10.3,2.2,1.51,90.85,4.4,5.1,0.7,1.3
CA,6081,San Mateo County,6081605700,6081605700,0.0116,0.6,250001.0,0.9,5.4,1.7,1.84,74.73,5.2,5.7,1.4,3.2
CA,6081,San Mateo County,6081605800,6081605800,0.0782,6.1,190673.0,1.0,14.2,2.5,3.48,75.56,7.6,6.9,1.0,0.7
CA,6081,San Mateo County,6081605901,6081605901,0.4147,13.0,138934.0,1.9,26.6,7.6,0.27,12.01,11.4,7.0,10.1,4.9
CA,6081,San Mateo County,6081605902,6081605902,0.5271,8.9,103075.0,12.6,30.6,7.1,7.34,74.12,7.3,3.6,5.6,16.2
CA,6081,San Mateo County,6081606000,6081606000,0.4895,6.4,103813.0,4.9,30.3,2.8,0.78,27.01,8.3,5.0,3.5,12.2
CA,6081,San Mateo County,6081606100,6081606100,0.5812,8.4,138108.0,6.1,25.8,4.7,0.0,4.21,7.7,6.6,5.4,17.7
CA,6081,San Mateo County,6081606201,6081606201,0.8822,22.5,60703.0,15.0,49.4,11.2,4.15,100.0,11.1,2.6,4.2,23.8
CA,6081,San Mateo County,6081606202,6081606202,0.4233,4.0,184326.0,1.0,13.7,10.7,3.14,92.11,6.7,4.9,3.6,12.4
CA,6081,San Mateo County,6081606300,6081606300,0.521,10.1,119102.0,2.9,22.3,18.3,0.0,98.3,17.1,3.8,5.6,4.4
CA,6081,San Mateo County,6081606400,6081606400,0.3485,7.7,147546.0,0.1,27.8,9.8,0.0,14.79,12.7,1.6,5.2,2.6
CA,6081,San Mateo County,6081606500,6081606500,0.048,1.8,226875.0,0.1,13.3,1.3,0.0,44.62,9.7,3.6,2.9,0.6
CA,6081,San Mateo County,6081606600,6081606600,0.1166,3.5,209224.0,2.1,11.2,1.4,0.0,14.2,6.3,1.7,9.1,0.9
CA,6081,San Mateo County,6081606700,6081606700,0.0362,4.2,172420.0,1.5,13.6,4.6,3.27,69.03,5.2,2.1,2.3,3.4
CA,6081,San Mateo County,6081606800,6081606800,0.1054,1.7,195313.0,4.4,14.7,1.1,0.74,75.0,7.2,5.1,1.1,2.5
CA,6081,San Mateo County,6081606900,6081606900,0.0862,5.2,250001.0,2.8,8.5,1.0,3.82,99.84,8.3,5.0,0.8,0.8
CA,6081,San Mateo County,6081607000,6081607000,0.0749,4.0,160341.0,0.4,20.5,0.7,2.14,61.36,9.5,2.6,2.1,2.2
CA,6081,San Mateo County,6081607100,6081607100,0.0335,1.1,250001.0,1.8,6.6,2.8,4.09,59.64,8.5,7.5,11.3,2.5
CA,6081,San Mateo County,6081607200,6081607200,0.5658,14.6,118848.0,3.3,23.1,9.1,4.34,25.99,12.3,2.6,5.3,10.1
CA,6081,San Mateo County,6081607300,6081607300,0.13,5.9,237321.0,3.0,9.0,1.9,2.28,42.34,10.3,4.2,1.8,3.6
CA,6081,San Mateo County,6081607400,6081607400,0.5548,4.7,149028.0,3.2,29.2,10.9,1.89,10.18,9.4,10.9,7.4,10.8
CA,6081,San Mateo County,6081607500,6081607500,0.1991,4.7,202120.0,2.1,15.9,7.6,0.8,53.83,4.0,3.7,1.8,3.3
CA,6081,San Mateo County,6081607600,6081607600,0.4375,12.0,119357.0,4.3,16.6,7.3,0.0,30.6,11.2,6.5,10.6,2.3
CA,6081,San Mateo County,6081607701,6081607701,0.6164,5.4,149333.0,3.5,25.3,2.3,0.26,7.22,11.6,6.0,7.2,12.0
CA,6081,San Mateo County,6081607702,6081607702,0.5149,14.6,152875.0,5.2,20.4,3.4,5.59,30.38,15.1,5.0,7.6,6.9
CA,6081,San Mateo County,6081607800,6081607800,0.1666,6.0,177014.0,2.1,11.1,1.3,2.12,29.5,11.7,4.2,7.2,3.4
CA,6081,San Mateo County,6081607900,6081607900,0.1577,5.2,133802.0,2.5,18.5,5.7,0.0,11.01,8.2,2.8,5.3,6.8
CA,6081,San Mateo County,6081608001,6081608001,0.1944,6.7,180000.0,4.9,16.0,2.6,5.23,17.14,6.6,4.0,0.8,9.6
CA,6081,San Mateo County,6081608002,6081608002,0.0445,1.4,210179.0,1.4,16.2,0.8,3.22,41.18,8.4,3.1,3.6,4.2
CA,6081,San Mateo County,6081608013,6081608013,0.2605,7.0,160833.0,3.3,14.2,5.9,4.31,100.0,5.8,4.6,0.5,5.0
CA,6081,San Mateo County,6081608023,6081608023,0.0787,1.6,234659.0,2.1,8.2,1.2,0.0,59.42,7.6,5.0,0.6,5.8
CA,6081,San Mateo County,6081608024,6081608024,0.119,1.3,214719.0,1.3,11.0,7.1,5.44,100.0,5.3,3.2,4.0,3.1
CA,6081,San Mateo County,6081608025,6081608025,0.4767,6.3,181314.0,2.2,16.2,14.8,5.89,15.78,12.0,2.6,2.9,6.6
CA,6081,San Mateo County,6081608100,6081608100,0.146,1.0,209313.0,0.5,9.0,0.5,3.82,45.37,6.6,5.2,1.0,4.4
CA,6081,San Mateo County,6081608200,6081608200,0.3699,2.6,166250.0,1.8,14.1,3.1,0.0,98.41,10.1,5.6,7.5,2.8
CA,6081,San Mateo County,6081608300,6081608300,0.215,3.3,188594.0,0.4,12.7,5.4,0.0,0.0,9.7,6.6,1.2,2.7
CA,6081,San Mateo County,6081608400,6081608400,0.3183,6.8,150350.0,0.7,18.0,9.5,6.74,0.54,14.6,6.7,2.8,1.0
CA,6081,San Mateo County,6081608501,6081608501,0.2092,4.1,168050.0,4.9,15.4,3.8,0.8,19.61,6.2,3.0,2.1,4.5
CA,6081,San Mateo County,6081608502,6081608502,0.1522,9.1,152667.0,1.5,17.3,3.1,0.52,60.23,7.2,5.8,4.3,6.6
CA,6081,San Mateo County,6081608600,6081608600,0.5288,11.9,138967.0,2.5,24.6,12.9,3.46,38.64,13.1,10.9,5.7,3.9
CA,6081,San Mateo County,6081608700,6081608700,0.1296,3.1,210804.0,2.7,10.5,2.1,4.45,21.37,9.2,2.6,6.4,2.5
CA,6081,San Mateo County,6081608800,6081608800,0.0226,0.8,250001.0,0.9,2.9,2.2,0.14,80.88,5.9,2.8,3.1,0.6
CA,6081,San Mateo County,6081608900,6081608900,0.4227,13.0,148988.0,2.5,22.2,8.7,4.56,45.79,5.6,10.9,5.4,3.4
CA,6081,San Mateo County,6081609000,6081609000,0.3455,6.4,166181.0,3.3,14.3,6.7,0.0,13.54,10.2,5.3,10.2,2.8
CA,6081,San Mateo County,6081609100,6081609100,0.1949,1.9,214038.0,1.3,15.9,0.7,6.85,48.07,11.4,3.8,7.8,3.5
CA,6081,San Mateo County,6081609201,6081609201,0.1852,1.5,165288.0,2.2,12.1,8.5,0.73,3.55,7.9,1.9,4.4,1.1
CA,6081,San Mateo County,6081609202,6081609202,0.3137,5.2,142500.0,1.8,13.3,6.2,2.18,30.84,10.7,2.5,3.7,3.5
CA,6081,San Mateo County,6081609300,6081609300,0.0685,0.6,243750.0,0.8,15.7,3.1,0.04,34.73,5.7,6.1,5.2,0.9
CA,6081,San Mateo County,6081609400,6081609400,0.0108,1.5,250001.0,0.7,5.6,0.7,0.0,75.88,5.2,4.1,3.4,0.4
CA,6081,San Mateo County,6081609500,6081609500,0.0382,1.7,250001.0,0.4,10.8,4.2,4.35,85.92,7.5,4.7,1.8,3.0
CA,6081,San Mateo County,6081609601,6081609601,0.0355,7.9,229167.0,0.3,12.7,2.7,0.0,94.17,5.7,9.7,2.4,0.1
CA,6081,San Mateo County,6081609602,6081609602,0.011,2.0,250001.0,1.2,9.2,1.1,9.46,100.0,7.3,3.3,2.2,1.8
CA,6081,San Mateo County,6081609603,6081609603,0.0545,5.3,250001.0,1.5,9.7,1.6,0.0,100.0,8.3,3.3,0.8,0.4
CA,6081,San Mateo County,6081609700,6081609700,0.0063,2.2,250001.0,3.2,7.4,0.0,0.93,100.0,3.8,2.4,0.7,0.2
CA,6081,San Mateo County,6081609800,6081609800,0.0979,4.2,208239.0,2.2,13.3,0.0,0.0,70.08,8.9,6.7,2.1,1.5
CA,6081,San Mateo County,6081609900,6081609900,0.0133,2.6,227614.0,0.9,17.9,2.1,5.52,97.23,10.0,1.4,4.0,0.3
CA,6081,San Mateo County,6081610000,6081610000,0.2253,7.1,153303.0,2.3,10.9,5.5,1.24,21.03,10.0,1.4,4.4,0.5
CA,6081,San Mateo County,6081610100,6081610100,0.2925,8.6,122250.0,8.1,27.8,3.7,0.0,0.0,5.4,6.0,7.2,5.3
CA,6081,San Mateo County,6081610201,6081610201,0.778,12.2,75184.0,13.6,44.0,15.4,0.0,0.0,9.2,0.4,20.1,21.6
CA,6081,San Mateo County,6081610202,6081610202,0.2722,8.4,173125.0,1.5,19.5,17.3,0.0,0.0,8.5,2.9,2.9,4.6
CA,6081,San Mateo County,6081610203,6081610203,0.892,8.8,75597.0,13.1,43.8,10.6,0.09,14.11,7.9,4.5,9.8,18.2
CA,6081,San Mateo County,6081610302,6081610302,0.57,7.4,134924.0,6.5,17.2,2.8,0.0,46.59,5.9,3.8,6.1,5.8
CA,6081,San Mateo County,6081610303,6081610303,0.073,4.4,202632.0,1.2,14.9,5.9,5.67,93.81,4.2,4.8,3.6,2.7
CA,6081,San Mateo County,6081610304,6081610304,0.1751,4.0,188802.0,2.8,7.9,4.9,5.61,67.15,6.3,3.8,2.6,2.0
CA,6081,San Mateo County,6081610400,6081610400,0.6032,11.7,94861.0,6.3,31.4,3.4,0.02,3.48,7.5,2.7,3.0,13.4
CA,6081,San Mateo County,6081610500,6081610500,0.8163,16.1,95708.0,8.1,22.3,3.0,0.9,27.97,11.0,7.1,9.2,16.8
CA,6081,San Mateo County,6081610601,6081610601,0.7181,9.2,96042.0,12.9,41.2,4.9,0.0,1.85,7.1,7.5,9.6,16.5
CA,6081,San Mateo County,6081610602,6081610602,0.2028,8.8,162188.0,7.6,16.6,0.0,2.82,0.0,7.3,7.7,6.7,5.7
CA,6081,San Mateo County,6081610700,6081610700,0.6838,5.9,111467.0,4.7,34.0,8.8,0.28,20.63,13.1,7.5,14.2,7.3
CA,6081,San Mateo County,6081610800,6081610800,0.8017,9.6,89178.0,10.8,38.7,8.5,8.77,39.35,5.7,4.5,8.0,25.1
CA,6081,San Mateo County,6081610901,6081610901,0.5607,6.0,112059.0,7.0,35.0,7.8,0.0,68.55,9.6,0.8,5.1,6.8
CA,6081,San Mateo County,6081610902,6081610902,0.416,6.7,125541.0,1.2,35.1,4.6,1.46,14.32,9.3,11.0,8.9,10.4
CA,6081,San Mateo County,6081611000,6081611000,0.3762,3.5,156595.0,5.8,26.4,0.9,2.6,0.0,5.3,4.1,9.2,3.9
CA,6081,San Mateo County,6081611100,6081611100,0.05,2.7,220644.0,1.1,6.9,0.6,0.18,74.92,10.8,3.0,0.7,0.8
CA,6081,San Mateo County,6081611200,6081611200,0.0129,3.7,205917.0,1.6,8.3,0.0,0.25,10.55,7.1,1.5,2.4,1.3
CA,6081,San Mateo County,6081611300,6081611300,0.2545,4.3,213641.0,5.9,16.3,2.5,0.0,22.09,6.7,9.0,2.1,1.8
CA,6081,San Mateo County,6081611400,6081611400,0.0324,5.0,250001.0,1.5,12.4,1.7,4.67,85.52,8.8,1.5,2.9,0.4
CA,6081,San Mateo County,6081611500,6081611500,0.0023,2.6,250001.0,0.5,8.4,0.9,0.0,66.9,6.8,3.2,4.7,1.1
CA,6081,San Mateo County,6081611600,6081611600,0.1259,3.7,250001.0,0.0,10.3,1.5,4.34,73.81,8.9,6.2,3.5,0.9
CA,6081,San Mateo County,6081611700,6081611700,0.5187,4.9,114934.0,6.7,23.3,5.7,2.43,14.01,8.5,6.8,5.8,10.0
CA,6081,San Mateo County,6081611800,6081611800,0.5971,9.4,116548.0,6.0,20.7,2.2,0.0,33.66,9.7,11.3,6.7,11.2
CA,6081,San Mateo County,6081611901,6081611901,0.6171,7.1,135368.0,5.2,17.1,5.1,2.45,97.14,9.7,7.6,17.5,9.6
CA,6081,San Mateo County,6081611902,6081611902,0.5256,14.4,136287.0,7.4,22.3,2.5,5.92,76.35,10.1,2.2,8.5,6.4
CA,6081,San Mateo County,6081612001,6081612001,0.4521,4.5,112118.0,12.6,16.0,1.6,0.0,58.94,9.4,6.2,5.7,10.8
CA,6081,San Mateo County,6081612002,6081612002,0.776,28.1,91127.0,8.2,37.3,14.0,0.0,42.62,18.7,0.3,19.7,17.7
CA,6081,San Mateo County,6081612101,6081612101,0.6577,3.9,115109.0,6.4,27.6,9.1,2.39,68.51,5.5,0.0,15.5,7.5
CA,6081,San Mateo County,6081612102,6081612102,0.6915,17.2,58618.0,9.8,56.5,8.1,21.64,83.07,7.1,5.0,10.5,14.1
CA,6081,San Mateo County,6081612500,6081612500,0.1728,4.6,175865.0,0.8,16.0,11.1,9.58,30.21,4.6,3.8,0.0,0.8
CA,6081,San Mateo County,6081612600,6081612600,0.2129,4.5,160962.0,1.0,12.8,16.3,2.01,4.53,5.8,1.9,4.3,3.0
CA,6081,San Mateo County,6081612700,6081612700,0.0519,3.3,250001.0,3.1,7.7,0.9,0.0,68.99,6.9,4.6,2.7,0.5
CA,6081,San Mateo County,6081612800,6081612800,0.0315,6.7,250001.0,1.2,12.0,0.2,4.11,92.95,5.6,2.5,0.6,1.9
CA,6081,San Mateo County,6081612900,6081612900,0.1137,3.3,250001.0,0.4,11.0,2.2,0.0,59.82,6.6,5.6,3.1,2.0
CA,6081,San Mateo County,6081613000,6081613000,0.1512,6.2,249479.0,0.8,16.6,4.4,0.0,54.63,9.5,1.8,8.4,2.0
CA,6081,San Mateo County,6081613200,6081613200,0.2398,3.1,248269.0,3.9,9.2,4.6,7.47,73.45,9.7,4.4,3.1,4.4
CA,6081,San Mateo County,6081613300,6081613300,0.0058,4.0,250001.0,1.7,14.9,0.6,0.0,85.15,8.7,1.9,1.5,0.9
CA,6081,San Mateo County,6081613400,6081613400,0.0375,5.8,250001.0,0.2,16.3,1.2,1.91,94.54,2.9,7.6,0.6,1.3
CA,6081,San Mateo County,6081613501,6081613501,0.3602,7.8,149327.0,2.2,14.4,0.8,0.0,52.76,9.6,2.6,0.8,13.2
CA,6081,San Mateo County,6081613502,6081613502,0.0548,4.2,215336.0,1.9,12.2,0.9,6.93,95.71,4.3,7.5,1.3,1.1
CA,6081,San Mateo County,6081613600,6081613600,0.2832,4.7,165913.0,1.1,10.8,2.1,7.18,100.0,16.0,5.6,6.4,3.4
CA,6081,San Mateo County,6081613701,6081613701,0.0364,4.4,180216.0,1.9,13.2,0.8,0.0,43.95,9.5,1.0,2.4,1.4
CA,6081,San Mateo County,6081613702,6081613702,0.509,8.6,120557.0,3.3,18.3,8.8,3.9,39.15,10.0,1.7,7.7,10.1
CA,6081,San Mateo County,6081613800,6081613800,0.3252,11.8,208703.0,7.7,7.3,2.4,0.0,97.67,6.3,1.1,7.5,9.1
CA,6081,San Mateo County,6081613900,6081613900,0.3122,10.1,224223.0,3.6,12.9,9.3,0.68,16.87,11.8,4.8,5.1,1.7
CA,6081,San Mateo County,6081614000,6081614000,0.2326,2.6,195082.0,3.7,10.4,2.1,5.41,94.12,9.4,1.7,3.1,5.4
CA,6081,San Mateo County,6081984300,6081984300,0.4999,10.0,90230.0,5.8,28.3,4.5,0.0,61.46,10.5,5.8,7.2,6.0
CA,6083,Santa Barbara County,6083000101,6083000101,0.5652,11.0,83219.0,5.3,20.7,9.6,8.73,97.3,13.7,4.2,12.6,4.3
CA,6083,Santa Barbara County,6083000102,6083000102,0.626,9.5,102969.0,4.1,26.3,7.4,5.14,43.74,13.9,1.5,5.0,4.3
CA,6083,Santa Barbara County,6083000103,6083000103,0.0989,2.9,250001.0,3.0,7.7,1.2,5.22,100.0,4.3,5.3,8.0,0.5
CA,6083,Santa Barbara County,6083000201,6083000201,0.2111,9.5,94219.0,0.2,27.9,7.6,0.45,31.06,9.8,10.0,10.7,0.4
CA,6083,Santa Barbara County,6083000202,6083000202,0.4762,3.5,123252.0,8.8,18.8,8.3,4.5,90.42,12.3,3.3,6.8,11.9
CA,6083,Santa Barbara County,6083000301,6083000301,0.8794,28.8,74519.0,14.5,40.4,13.0,5.47,29.36,13.6,7.3,10.3,11.0
CA,6083,Santa Barbara County,6083000302,6083000302,0.444,13.9,92328.0,10.6,27.5,5.5,7.3,44.57,8.7,3.0,5.4,6.0
CA,6083,Santa Barbara County,6083000400,6083000400,0.1463,7.8,134349.0,3.3,22.3,3.9,4.56,76.81,8.0,4.9,4.1,1.0
CA,6083,Santa Barbara County,6083000501,6083000501,0.056,3.3,217143.0,3.0,7.3,2.7,2.98,97.71,6.0,3.3,4.2,0.0
CA,6083,Santa Barbara County,6083000502,6083000502,0.0698,9.0,154545.0,2.7,12.0,3.1,0.0,33.03,7.9,2.6,1.8,0.0
CA,6083,Santa Barbara County,6083000600,6083000600,0.0923,4.4,152790.0,2.1,15.3,1.7,7.15,74.86,10.0,2.9,3.2,1.4
CA,6083,Santa Barbara County,6083000700,6083000700,0.1471,5.4,142857.0,5.1,21.6,0.0,0.0,88.98,9.4,3.7,3.7,1.5
CA,6083,Santa Barbara County,6083000801,6083000801,0.679,10.6,76314.0,9.1,31.8,6.3,0.09,4.63,8.0,3.2,12.3,14.6
CA,6083,Santa Barbara County,6083000805,6083000805,0.314,13.1,137889.0,9.7,11.4,2.4,1.23,43.95,14.1,4.0,15.3,2.2
CA,6083,Santa Barbara County,6083000806,6083000806,0.9462,21.4,52265.0,27.4,50.8,6.7,2.03,96.91,12.5,6.3,8.5,27.4
CA,6083,Santa Barbara County,6083000900,6083000900,0.6758,13.4,49765.0,4.3,44.0,19.1,6.4,100.0,14.6,2.3,12.5,5.4
CA,6083,Santa Barbara County,6083001001,6083001001,0.6933,26.1,67500.0,7.3,43.5,21.9,11.93,51.22,15.8,1.3,17.6,3.0
CA,6083,Santa Barbara County,6083001002,6083001002,0.7699,20.8,64477.0,16.5,48.0,18.3,9.58,24.51,16.6,9.5,8.8,12.5
CA,6083,Santa Barbara County,6083001101,6083001101,0.5371,7.4,96490.0,15.6,36.4,5.7,0.0,4.22,5.9,1.5,4.6,17.3
CA,6083,Santa Barbara County,6083001102,6083001102,0.8061,16.6,75188.0,29.6,36.6,11.0,3.67,5.25,7.9,2.8,6.1,20.8
CA,6083,Santa Barbara County,6083001203,6083001203,0.4533,23.4,105909.0,7.1,39.1,5.2,3.4,75.39,17.0,5.3,5.5,4.5
CA,6083,Santa Barbara County,6083001206,6083001206,0.715,18.7,75759.0,24.2,43.5,13.0,0.0,6.18,6.7,5.0,12.3,12.7
CA,6083,Santa Barbara County,6083001208,6083001208,0.3617,23.4,110671.0,5.1,25.9,4.6,6.1,41.97,12.6,4.1,4.0,2.2
CA,6083,Santa Barbara County,6083001306,6083001306,0.3483,9.6,129167.0,3.4,19.2,5.2,8.23,100.0,11.2,10.4,7.4,2.0
CA,6083,Santa Barbara County,6083001307,6083001307,0.3721,9.5,117750.0,5.5,22.0,4.5,0.0,78.14,11.2,4.6,3.7,5.0
CA,6083,Santa Barbara County,6083001308,6083001308,0.1823,1.9,147101.0,6.4,17.5,6.3,0.0,2.17,8.9,8.6,2.8,2.6
CA,6083,Santa Barbara County,6083001403,6083001403,0.0076,8.6,165250.0,0.0,20.5,1.0,2.18,85.27,7.5,0.8,8.3,1.0
CA,6083,Santa Barbara County,6083001404,6083001404,0.2732,4.8,199091.0,1.1,22.9,9.2,0.0,87.99,14.2,3.6,17.6,0.4
CA,6083,Santa Barbara County,6083001500,6083001500,0.1011,10.8,216845.0,1.7,9.4,4.7,0.0,84.26,10.6,4.6,5.2,2.4
CA,6083,Santa Barbara County,6083001601,6083001601,0.392,7.3,136771.0,7.8,17.8,3.0,0.0,36.28,8.6,2.6,6.6,10.3
CA,6083,Santa Barbara County,6083001604,6083001604,0.6308,2.8,106225.0,6.7,32.5,5.3,0.0,16.6,9.0,7.8,3.8,7.7
CA,6083,Santa Barbara County,6083001704,6083001704,0.5565,4.1,84082.0,6.0,29.0,4.6,4.93,91.42,8.5,2.7,6.8,11.9
CA,6083,Santa Barbara County,6083001706,6083001706,0.2985,7.3,145066.0,2.8,23.3,4.2,5.83,100.0,8.8,7.7,3.6,0.0
CA,6083,Santa Barbara County,6083001800,6083001800,0.436,17.3,61250.0,4.9,24.8,5.1,5.57,100.0,13.1,8.3,21.3,9.0
CA,6083,Santa Barbara County,6083001905,6083001905,0.3635,10.2,152206.0,3.7,18.2,4.1,3.6,97.11,13.4,7.2,4.2,2.8
CA,6083,Santa Barbara County,6083001907,6083001907,0.3278,9.0,86944.0,4.8,32.7,11.0,2.08,0.0,8.6,3.1,21.2,4.7
CA,6083,Santa Barbara County,6083001908,6083001908,0.4947,12.0,142708.0,9.4,22.4,5.2,3.52,23.88,14.2,0.9,7.2,6.2
CA,6083,Santa Barbara County,6083001909,6083001909,0.5326,3.7,106923.0,10.5,18.5,4.6,10.23,38.29,10.2,8.9,1.5,2.0
CA,6083,Santa Barbara County,6083001910,6083001910,0.2822,9.2,127109.0,6.6,17.4,0.9,0.61,49.24,7.1,2.4,1.8,6.0
CA,6083,Santa Barbara County,6083001911,6083001911,0.3127,12.0,54844.0,5.3,34.4,0.0,0.0,29.45,13.5,4.0,13.2,1.2
CA,6083,Santa Barbara County,6083001912,6083001912,0.3105,2.0,102361.0,3.7,22.4,1.3,2.36,57.36,9.5,2.9,2.5,5.7
CA,6083,Santa Barbara County,6083002005,6083002005,0.3562,8.8,112438.0,3.8,23.8,6.0,2.61,72.36,11.5,6.9,8.1,0.5
CA,6083,Santa Barbara County,6083002006,6083002006,0.2235,6.2,117173.0,4.3,11.9,1.1,0.0,100.0,10.6,3.6,9.7,3.9
CA,6083,Santa Barbara County,6083002008,6083002008,0.3573,3.1,108280.0,5.3,29.9,2.8,0.0,89.9,9.5,3.1,2.6,5.7
CA,6083,Santa Barbara County,6083002009,6083002009,0.4764,13.9,103137.0,4.1,27.0,4.5,5.48,88.05,17.3,5.6,3.5,1.5
CA,6083,Santa Barbara County,6083002010,6083002010,0.3781,5.2,113967.0,6.4,22.9,5.7,0.0,73.61,15.8,5.9,7.2,1.4
CA,6083,Santa Barbara County,6083002011,6083002011,0.7931,9.2,94711.0,6.6,27.9,7.6,4.65,66.6,18.0,4.0,11.3,11.8
CA,6083,Santa Barbara County,6083002012,6083002012,0.1994,4.6,104661.0,2.9,24.1,2.2,0.0,100.0,13.3,2.5,7.4,0.0
CA,6083,Santa Barbara County,6083002013,6083002013,0.3591,2.1,95469.0,14.9,22.6,0.0,0.0,100.0,12.0,2.2,8.6,2.2
CA,6083,Santa Barbara County,6083002014,6083002014,0.2948,6.6,107017.0,5.4,14.3,0.0,3.82,6.31,6.0,4.8,1.2,4.1
CA,6083,Santa Barbara County,6083002015,6083002015,0.2463,2.5,78444.0,4.2,22.4,2.3,3.71,37.47,17.1,0.7,4.6,0.5
CA,6083,Santa Barbara County,6083002101,6083002101,0.7158,10.9,80724.0,10.5,30.6,8.7,2.65,39.63,7.9,2.7,5.8,16.3
CA,6083,Santa Barbara County,6083002102,6083002102,0.5539,5.5,75658.0,11.6,32.5,2.9,2.37,42.93,10.1,4.1,4.5,13.8
CA,6083,Santa Barbara County,6083002103,6083002103,0.985,9.9,60542.0,14.9,37.0,15.2,0.0,3.8,17.4,6.0,15.3,18.5
CA,6083,Santa Barbara County,6083002205,6083002205,0.9676,19.5,57929.0,24.8,47.1,7.6,6.52,34.74,16.9,6.2,19.4,28.1
CA,6083,Santa Barbara County,6083002206,6083002206,0.8986,17.5,72381.0,20.6,32.3,8.6,4.84,5.34,10.3,7.6,12.4,23.7
CA,6083,Santa Barbara County,6083002209,6083002209,0.6632,12.6,76726.0,14.2,37.7,0.5,0.0,12.21,10.6,5.1,3.4,17.8
CA,6083,Santa Barbara County,6083002210,6083002210,0.6277,8.7,96745.0,7.0,19.9,1.3,0.0,94.3,11.2,4.1,5.5,15.2
CA,6083,Santa Barbara County,6083002211,6083002211,0.6763,6.2,85349.0,1.4,30.2,12.6,5.53,87.44,22.3,3.7,18.8,3.3
CA,6083,Santa Barbara County,6083002303,6083002303,0.8081,11.6,84696.0,13.7,37.2,4.4,0.97,40.33,9.7,5.8,4.3,29.9
CA,6083,Santa Barbara County,6083002304,6083002304,0.9152,19.7,56957.0,22.2,47.8,1.7,0.94,4.03,7.9,8.7,9.6,34.5
CA,6083,Santa Barbara County,6083002307,6083002307,0.6034,1.4,104662.0,15.2,12.2,1.0,4.27,100.0,8.3,7.9,4.8,21.5
CA,6083,Santa Barbara County,6083002308,6083002308,0.5559,7.0,88516.0,13.4,27.2,1.5,3.05,74.1,16.7,6.8,12.1,9.2
CA,6083,Santa Barbara County,6083002309,6083002309,0.7423,5.9,98311.0,16.4,27.5,0.0,5.51,76.53,7.6,10.0,1.9,35.4
CA,6083,Santa Barbara County,6083002310,6083002310,0.702,6.6,104038.0,33.3,26.0,4.7,0.0,89.36,9.8,3.2,5.5,35.9
CA,6083,Santa Barbara County,6083002405,6083002405,0.924,22.2,67321.0,26.4,34.0,10.9,1.18,0.0,7.6,7.7,7.5,35.6
CA,6083,Santa Barbara County,6083002406,6083002406,0.9987,34.3,49399.0,26.9,57.9,9.6,3.24,100.0,10.7,4.7,16.5,42.3
CA,6083,Santa Barbara County,6083002407,6083002407,0.9709,36.9,44656.0,25.9,49.5,13.5,6.31,98.11,3.4,9.0,12.1,38.9
CA,6083,Santa Barbara County,6083002408,6083002408,0.8617,24.3,62992.0,26.9,41.7,4.3,2.97,18.9,4.6,7.2,19.3,33.8
CA,6083,Santa Barbara County,6083002409,6083002409,0.8607,12.8,89484.0,10.8,34.7,6.6,2.71,52.37,12.7,9.5,7.4,16.9
CA,6083,Santa Barbara County,6083002410,6083002410,0.8782,14.2,67805.0,19.4,25.7,4.7,2.05,76.99,8.3,9.9,12.2,35.1
CA,6083,Santa Barbara County,6083002503,6083002503,0.7248,7.5,55156.0,13.8,52.6,2.2,7.52,53.13,6.0,6.6,2.2,24.7
CA,6083,Santa Barbara County,6083002504,6083002504,0.8007,31.6,68238.0,18.4,33.2,4.3,0.0,33.73,10.1,9.9,12.5,22.4
CA,6083,Santa Barbara County,6083002703,6083002703,0.8552,21.1,60202.0,11.4,42.2,13.1,0.0,39.38,15.3,3.2,16.5,9.0
CA,6083,Santa Barbara County,6083002705,6083002705,0.9944,25.7,36648.0,10.2,43.7,25.8,6.52,51.04,15.6,10.1,24.0,13.6
CA,6083,Santa Barbara County,6083002706,6083002706,0.9675,21.0,55766.0,19.2,47.9,10.6,0.0,38.03,11.4,10.5,13.3,18.6
CA,6083,Santa Barbara County,6083002707,6083002707,0.6921,11.6,67895.0,12.4,31.3,6.0,5.0,92.17,16.0,10.0,10.0,2.8
CA,6083,Santa Barbara County,6083002708,6083002708,0.5306,11.0,66719.0,7.3,26.3,6.1,6.18,22.48,14.3,7.4,18.7,2.9
CA,6083,Santa Barbara County,6083002709,6083002709,0.7878,20.1,44578.0,5.8,52.4,12.9,6.34,27.97,12.3,1.5,29.0,8.5
CA,6083,Santa Barbara County,6083002710,6083002710,0.9773,20.7,63405.0,15.9,43.5,10.5,2.85,60.63,13.0,11.7,9.6,18.3
CA,6083,Santa Barbara County,6083002802,6083002802,0.6314,19.2,87652.0,5.0,30.2,1.9,0.0,39.28,11.9,10.0,2.4,8.4
CA,6083,Santa Barbara County,6083002806,6083002806,0.5855,4.4,93125.0,5.3,15.6,3.6,6.88,95.26,18.0,5.4,4.7,6.1
CA,6083,Santa Barbara County,6083002808,6083002808,0.2775,5.4,93817.0,4.6,26.1,3.3,0.0,66.12,15.9,7.1,8.7,2.9
CA,6083,Santa Barbara County,6083002809,6083002809,0.4565,2.2,107220.0,6.3,18.8,1.1,3.83,100.0,17.2,4.3,3.6,6.2
CA,6083,Santa Barbara County,6083002906,6083002906,0.1123,3.6,160500.0,5.4,12.7,0.7,0.0,49.31,8.6,5.1,4.4,4.4
CA,6083,Santa Barbara County,6083002907,6083002907,0.0902,5.3,193313.0,7.7,11.4,0.7,3.36,97.79,7.7,2.7,2.9,1.6
CA,6083,Santa Barbara County,6083002909,6083002909,0.3233,4.9,123625.0,3.3,16.0,1.0,0.0,71.14,6.9,3.6,3.0,2.4
CA,6083,Santa Barbara County,6083002913,6083002913,0.4373,7.3,134479.0,2.9,21.0,9.6,14.1,100.0,19.2,1.2,6.0,1.3
CA,6083,Santa Barbara County,6083002914,6083002914,0.2472,5.2,125250.0,2.2,20.1,3.1,2.55,45.1,8.6,7.5,8.6,1.2
CA,6083,Santa Barbara County,6083002924,6083002924,0.5675,74.3,24209.0,5.7,83.2,16.7,10.58,48.06,6.0,21.4,13.1,1.8
CA,6083,Santa Barbara County,6083002926,6083002926,0.632,74.9,19167.0,6.2,83.2,18.5,0.92,36.25,7.1,12.6,12.7,1.9
CA,6083,Santa Barbara County,6083002932,6083002932,0.3748,8.4,118594.0,6.7,10.2,0.0,2.41,96.16,6.1,4.2,6.3,5.6
CA,6083,Santa Barbara County,6083002933,6083002933,0.3096,12.6,126557.0,1.5,24.7,1.7,0.0,56.75,9.9,6.5,16.5,1.8
CA,6083,Santa Barbara County,6083002934,6083002934,0.4417,16.8,132426.0,5.3,21.7,13.8,0.0,39.38,5.2,4.5,6.0,5.4
CA,6083,Santa Barbara County,6083002935,6083002935,0.5095,8.5,86676.0,6.8,39.1,2.9,11.11,16.95,6.7,4.3,3.4,7.7
CA,6083,Santa Barbara County,6083002936,6083002936,0.5581,65.8,33325.0,7.1,64.4,15.8,0.0,51.36,6.5,16.0,8.4,1.9
CA,6083,Santa Barbara County,6083002937,6083002937,0.1569,7.0,113835.0,0.9,27.5,3.4,0.0,65.32,3.8,1.0,16.0,4.1
CA,6083,Santa Barbara County,6083003001,6083003001,0.9396,26.9,70407.0,18.0,40.4,9.1,2.08,15.97,13.4,3.0,16.7,15.2
CA,6083,Santa Barbara County,6083003004,6083003004,0.2981,5.1,130857.0,4.5,13.1,4.8,0.0,14.45,11.8,3.4,6.6,3.6
CA,6083,Santa Barbara County,6083003005,6083003005,0.5316,10.9,123648.0,5.9,15.3,3.2,0.56,36.96,9.4,8.7,2.6,7.8
CA,6083,Santa Barbara County,6083003007,6083003007,0.3425,3.7,151293.0,2.7,15.7,11.3,4.33,86.79,12.0,3.1,7.6,5.0
CA,6083,Santa Barbara County,6083003102,6083003102,0.3622,4.2,96280.0,11.8,21.2,1.8,0.86,97.89,7.5,4.9,9.0,11.6
CA,6083,Santa Barbara County,6083980000,6083980000,0.4999,10.0,90230.0,5.8,28.3,4.5,0.0,66.99,10.5,5.8,7.2,6.0
CA,6083,Santa Barbara County,6083980100,6083980100,0.4999,85.7,90230.0,0.0,28.3,4.5,0.0,97.66,50.0,66.7,7.2,0.0
CA,6083,Santa Barbara County,6083980200,6083980200,0.1761,1.8,68929.0,0.0,48.7,0.0,3.18,77.48,2.4,11.5,0.0,0.7
CA,6083,Santa Barbara County,6083980300,6083980300,0.1131,0.0,90230.0,1.6,79.2,0.0,1.04,84.19,9.1,20.3,0.0,0.6
CA,6083,Santa Barbara County,6083980400,6083980400,0.0958,0.0,121694.0,2.2,4.9,0.0,5.66,71.81,2.2,3.0,0.0,9.4
CA,6083,Santa Barbara County,6083980500,6083980500,0.0004,0.0,90230.0,0.0,0.0,0.0,5.71,83.14,0.0,0.0,0.0,0.0
CA,6085,Santa Clara County,6085500100,6085500100,0.4794,8.9,154868.0,4.4,20.9,3.1,4.67,28.56,8.7,1.1,10.2,14.2
CA,6085,Santa Clara County,6085500200,6085500200,0.2488,9.4,155536.0,2.3,15.5,2.5,0.07,43.29,4.0,5.3,2.8,3.3
CA,6085,Santa Clara County,6085500300,6085500300,0.5354,13.9,116172.0,4.1,20.3,3.0,5.09,12.26,8.9,7.7,2.5,6.4
CA,6085,Santa Clara County,6085500400,6085500400,0.2181,4.8,146607.0,3.1,11.6,9.8,18.61,60.6,9.0,3.9,10.5,2.9
CA,6085,Santa Clara County,6085500500,6085500500,0.1892,8.5,171885.0,2.7,10.9,11.2,0.0,0.86,5.5,7.5,0.6,3.2
CA,6085,Santa Clara County,6085500600,6085500600,0.5992,14.3,119675.0,4.5,25.7,13.0,1.14,18.13,10.3,5.2,10.1,6.8
CA,6085,Santa Clara County,6085500800,6085500800,0.5236,11.7,152112.0,4.4,24.7,21.4,3.18,36.16,14.7,2.8,10.6,8.7
CA,6085,Santa Clara County,6085500901,6085500901,0.5463,35.4,73750.0,3.1,38.4,25.1,3.33,35.1,7.4,7.6,7.5,5.3
CA,6085,Santa Clara County,6085500902,6085500902,0.7633,47.8,41250.0,7.8,64.4,7.5,0.0,0.0,6.1,12.5,2.2,6.1
CA,6085,Santa Clara County,6085501000,6085501000,0.7956,14.6,54588.0,7.4,35.4,23.0,0.0,0.0,14.9,5.5,25.4,16.2
CA,6085,Santa Clara County,6085501101,6085501101,0.5785,14.9,88583.0,2.3,27.4,15.2,3.4,23.66,17.0,4.4,8.9,9.2
CA,6085,Santa Clara County,6085501102,6085501102,0.328,4.9,134250.0,8.8,15.5,4.0,2.0,27.78,10.7,3.2,2.1,4.6
CA,6085,Santa Clara County,6085501200,6085501200,0.391,13.3,106500.0,10.2,27.7,1.7,3.66,25.83,10.6,2.3,8.8,6.5
CA,6085,Santa Clara County,6085501300,6085501300,0.5383,20.8,127188.0,10.2,31.6,13.2,0.0,19.01,14.7,3.9,9.1,2.7
CA,6085,Santa Clara County,6085501401,6085501401,0.9,13.8,74167.0,11.2,39.3,12.4,0.0,6.39,13.2,3.1,9.9,18.4
CA,6085,Santa Clara County,6085501402,6085501402,0.6816,11.7,105771.0,7.5,27.3,5.1,5.07,83.46,13.9,3.9,16.1,23.3
CA,6085,Santa Clara County,6085501501,6085501501,0.8971,6.4,75179.0,9.3,41.0,8.8,10.85,100.0,13.0,14.7,6.3,25.1
CA,6085,Santa Clara County,6085501502,6085501502,0.7888,12.0,101094.0,11.0,24.5,9.5,0.78,83.18,17.8,3.4,16.7,15.2
CA,6085,Santa Clara County,6085501601,6085501601,0.4613,21.5,112793.0,8.5,27.9,6.6,8.04,99.34,7.2,1.7,0.0,9.1
CA,6085,Santa Clara County,6085501602,6085501602,0.7451,36.2,47000.0,10.4,45.2,17.0,6.47,91.69,14.8,11.5,10.5,3.2
CA,6085,Santa Clara County,6085501700,6085501700,0.7475,13.8,86995.0,7.1,35.3,6.7,0.86,0.21,11.4,2.1,10.8,12.9
CA,6085,Santa Clara County,6085501800,6085501800,0.3789,2.1,137708.0,8.2,22.5,2.3,0.58,41.88,8.9,2.2,17.0,8.7
CA,6085,Santa Clara County,6085501901,6085501901,0.2697,7.6,126917.0,3.4,24.5,10.9,0.0,99.54,8.8,1.3,9.4,8.1
CA,6085,Santa Clara County,6085501902,6085501902,0.1448,1.5,142981.0,1.7,19.3,4.6,2.25,100.0,4.4,3.7,0.0,2.2
CA,6085,Santa Clara County,6085502001,6085502001,0.3572,6.5,106477.0,1.6,23.5,10.9,1.1,32.97,13.5,2.6,9.5,12.5
CA,6085,Santa Clara County,6085502002,6085502002,0.6217,8.2,106813.0,15.4,22.6,6.2,0.28,2.98,8.0,1.3,6.0,14.9
CA,6085,Santa Clara County,6085502101,6085502101,0.4685,8.2,129258.0,4.9,22.2,5.1,5.91,84.78,8.9,1.7,4.2,5.2
CA,6085,Santa Clara County,6085502103,6085502103,0.6735,18.0,81283.0,10.1,42.4,3.9,4.06,83.42,11.9,2.2,12.8,18.8
CA,6085,Santa Clara County,6085502104,6085502104,0.4529,5.3,121875.0,14.2,29.2,0.5,1.45,35.32,2.3,3.1,5.1,10.4
CA,6085,Santa Clara County,6085502202,6085502202,0.45,9.5,104107.0,3.9,23.9,5.3,5.22,56.44,7.9,2.1,8.1,6.3
CA,6085,Santa Clara County,6085502203,6085502203,0.3948,8.7,132125.0,3.7,23.2,11.0,0.07,84.22,11.0,2.1,5.1,10.8
CA,6085,Santa Clara County,6085502204,6085502204,0.8086,27.9,67552.0,4.4,51.7,12.0,3.98,97.03,15.8,8.9,6.6,12.7
CA,6085,Santa Clara County,6085502301,6085502301,0.2231,1.5,166833.0,1.4,17.2,3.4,9.39,43.72,6.1,4.6,2.5,5.9
CA,6085,Santa Clara County,6085502302,6085502302,0.2704,2.6,120821.0,4.4,19.0,4.1,0.0,8.32,8.3,0.9,3.8,11.1
CA,6085,Santa Clara County,6085502400,6085502400,0.1716,5.4,200324.0,2.9,17.4,4.0,0.0,23.38,6.8,2.2,3.4,4.2
CA,6085,Santa Clara County,6085502500,6085502500,0.1288,4.4,212722.0,3.0,9.9,1.7,6.04,94.31,5.6,4.3,1.6,5.7
CA,6085,Santa Clara County,6085502601,6085502601,0.4686,2.8,148417.0,5.6,15.9,14.7,4.58,18.91,14.4,6.6,9.6,1.3
CA,6085,Santa Clara County,6085502603,6085502603,0.1956,9.3,175592.0,4.6,21.9,5.5,3.83,22.6,10.7,4.1,5.9,1.3
CA,6085,Santa Clara County,6085502604,6085502604,0.1965,4.0,110395.0,1.6,21.7,2.9,0.0,5.39,8.8,2.7,2.6,0.8
CA,6085,Santa Clara County,6085502701,6085502701,0.3816,6.3,136691.0,3.2,27.6,3.6,0.0,12.14,6.2,5.2,7.4,3.2
CA,6085,Santa Clara County,6085502703,6085502703,0.2502,2.5,139702.0,2.8,11.2,1.2,0.58,13.56,9.1,5.9,1.3,2.6
CA,6085,Santa Clara County,6085502704,6085502704,0.1198,3.2,199167.0,0.0,13.6,8.3,24.4,87.2,6.1,2.4,9.4,5.9
CA,6085,Santa Clara County,6085502800,6085502800,0.1025,11.1,181528.0,2.2,16.4,1.9,3.98,34.78,5.6,2.5,6.9,3.6
CA,6085,Santa Clara County,6085502901,6085502901,0.2907,7.4,151010.0,0.4,20.9,5.3,0.0,18.01,5.7,7.0,3.6,6.7
CA,6085,Santa Clara County,6085502902,6085502902,0.1588,3.1,178375.0,2.7,8.8,4.2,5.02,34.89,8.0,3.4,3.8,1.6
CA,6085,Santa Clara County,6085502903,6085502903,0.0845,2.0,219107.0,4.2,8.3,1.3,0.0,38.49,9.0,6.2,6.4,1.8
CA,6085,Santa Clara County,6085502906,6085502906,0.1763,7.1,122356.0,6.0,15.9,1.5,4.97,26.09,7.4,2.3,6.0,3.3
CA,6085,Santa Clara County,6085502907,6085502907,0.0867,7.8,170270.0,2.3,9.2,0.4,0.0,35.33,8.8,6.9,3.9,3.0
CA,6085,Santa Clara County,6085502908,6085502908,0.336,5.5,129412.0,6.8,26.4,2.7,6.25,9.57,7.5,3.0,5.5,8.3
CA,6085,Santa Clara County,6085502909,6085502909,0.2836,3.0,116596.0,6.9,23.4,3.3,0.0,9.2,8.5,5.0,2.0,4.4
CA,6085,Santa Clara County,6085502910,6085502910,0.3325,5.6,123994.0,3.7,13.5,3.2,5.99,27.44,12.0,3.1,7.6,4.4
CA,6085,Santa Clara County,6085503001,6085503001,0.0992,3.8,144254.0,0.8,11.8,0.5,6.37,82.72,8.5,1.0,2.0,0.8
CA,6085,Santa Clara County,6085503002,6085503002,0.317,2.9,127028.0,0.7,15.8,7.8,0.0,34.94,10.4,2.1,7.5,6.1
CA,6085,Santa Clara County,6085503003,6085503003,0.0858,3.9,172917.0,1.8,10.6,2.5,0.0,35.12,9.6,9.2,3.6,2.6
CA,6085,Santa Clara County,6085503105,6085503105,0.8664,16.0,58162.0,5.1,49.5,16.5,2.49,38.48,17.3,2.6,21.1,31.8
CA,6085,Santa Clara County,6085503110,6085503110,0.8779,13.3,82750.0,16.2,31.0,4.5,3.03,6.43,8.3,7.4,4.4,34.9
CA,6085,Santa Clara County,6085503111,6085503111,0.4629,5.2,118864.0,3.6,13.6,1.7,3.85,92.58,10.6,4.7,2.0,26.9
CA,6085,Santa Clara County,6085503112,6085503112,0.8704,16.3,72064.0,6.9,37.5,16.0,0.27,80.86,9.3,11.9,8.3,23.3
CA,6085,Santa Clara County,6085503113,6085503113,0.7692,10.1,90188.0,10.4,37.0,13.6,0.0,0.38,7.8,5.1,8.4,23.1
CA,6085,Santa Clara County,6085503116,6085503116,0.7614,8.6,103972.0,5.4,27.4,6.6,0.0,11.25,14.1,6.4,5.0,15.8
CA,6085,Santa Clara County,6085503117,6085503117,0.8402,10.5,89583.0,5.3,37.0,8.8,5.16,7.1,12.1,11.3,10.0,43.5
CA,6085,Santa Clara County,6085503118,6085503118,0.6058,5.8,92656.0,11.4,36.1,2.1,6.63,100.0,8.2,7.8,3.2,15.0
CA,6085,Santa Clara County,6085503121,6085503121,0.9765,16.6,74063.0,7.3,37.8,8.9,7.81,46.78,15.6,6.4,13.8,14.3
CA,6085,Santa Clara County,6085503122,6085503122,0.9684,8.6,54344.0,6.9,44.0,16.8,4.14,49.84,20.0,5.7,11.2,33.3
CA,6085,Santa Clara County,6085503123,6085503123,0.9585,12.3,57772.0,7.6,53.7,15.9,5.8,99.16,17.9,2.9,11.3,11.3
CA,6085,Santa Clara County,6085503124,6085503124,0.7108,15.2,100742.0,4.6,32.7,1.2,4.86,83.21,7.8,4.0,6.5,18.0
CA,6085,Santa Clara County,6085503125,6085503125,0.0897,4.0,159792.0,0.8,26.8,0.7,2.68,85.72,6.5,2.3,1.2,5.9
CA,6085,Santa Clara County,6085503126,6085503126,0.5179,8.5,136865.0,5.4,17.8,2.7,0.0,78.99,6.6,1.8,2.9,8.5
CA,6085,Santa Clara County,6085503127,6085503127,0.236,4.1,159375.0,3.5,18.9,4.1,2.63,44.35,7.1,0.8,3.3,7.5
CA,6085,Santa Clara County,6085503207,6085503207,0.6002,11.1,131250.0,1.8,26.8,3.3,0.0,40.52,15.3,10.5,5.1,15.4
CA,6085,Santa Clara County,6085503208,6085503208,0.4056,9.9,136328.0,6.4,21.8,2.1,0.0,46.04,9.0,1.7,4.8,21.6
CA,6085,Santa Clara County,6085503210,6085503210,0.4012,2.7,113113.0,7.2,18.9,7.9,5.41,10.33,8.9,1.5,5.4,21.6
CA,6085,Santa Clara County,6085503211,6085503211,0.5085,8.5,96500.0,5.9,15.9,2.2,1.04,76.41,16.0,4.3,1.0,23.6
CA,6085,Santa Clara County,6085503212,6085503212,0.5844,5.2,116375.0,3.3,26.4,7.1,0.76,37.82,9.5,8.2,2.4,20.5
CA,6085,Santa Clara County,6085503213,6085503213,0.8597,10.7,73790.0,8.0,41.7,7.1,1.95,22.92,15.2,3.8,2.9,25.1
CA,6085,Santa Clara County,6085503217,6085503217,0.6319,2.9,81696.0,8.4,39.0,1.3,0.39,21.68,8.5,2.5,8.7,22.7
CA,6085,Santa Clara County,6085503218,6085503218,0.9138,11.8,66958.0,13.9,50.9,15.3,0.74,49.3,10.5,11.6,9.2,27.6
CA,6085,Santa Clara County,6085503219,6085503219,0.8539,6.1,57723.0,5.3,37.5,6.4,0.0,57.84,10.9,13.0,5.9,22.3
CA,6085,Santa Clara County,6085503220,6085503220,0.7015,2.9,91650.0,11.6,36.7,3.4,1.46,71.24,10.9,6.8,4.4,14.9
CA,6085,Santa Clara County,6085503221,6085503221,0.9341,18.0,57396.0,3.5,42.4,21.8,0.32,32.56,11.0,5.6,17.3,43.2
CA,6085,Santa Clara County,6085503222,6085503222,0.8702,5.1,95912.0,20.6,22.4,14.7,1.77,46.3,8.3,6.6,6.9,33.5
CA,6085,Santa Clara County,6085503304,6085503304,0.9007,12.4,94539.0,2.1,31.1,8.4,0.0,33.6,16.4,4.2,4.8,30.4
CA,6085,Santa Clara County,6085503305,6085503305,0.9385,16.5,86629.0,7.3,28.5,17.4,2.15,86.3,13.9,8.8,8.2,23.2
CA,6085,Santa Clara County,6085503306,6085503306,0.6895,6.9,118214.0,2.0,18.6,8.3,0.0,11.44,9.2,9.0,2.6,28.4
CA,6085,Santa Clara County,6085503312,6085503312,0.2434,2.4,175927.0,1.5,12.1,2.8,0.7,97.33,9.1,6.3,3.3,6.5
CA,6085,Santa Clara County,6085503313,6085503313,0.1425,15.1,197159.0,0.6,7.0,1.8,0.0,100.0,5.2,6.3,0.0,8.9
CA,6085,Santa Clara County,6085503315,6085503315,0.6771,4.3,150192.0,4.9,15.6,5.6,3.26,65.34,10.7,5.2,4.5,17.6
CA,6085,Santa Clara County,6085503321,6085503321,0.3886,4.2,159375.0,4.3,8.8,9.5,4.01,7.75,15.3,1.9,1.4,16.2
CA,6085,Santa Clara County,6085503322,6085503322,0.6259,9.6,108973.0,4.7,23.7,3.2,0.29,100.0,11.6,6.4,3.0,18.5
CA,6085,Santa Clara County,6085503323,6085503323,0.5072,4.9,156186.0,6.8,20.7,7.3,0.0,66.1,11.5,5.2,7.3,11.6
CA,6085,Santa Clara County,6085503324,6085503324,0.2699,8.1,158404.0,4.2,16.5,1.1,1.24,45.3,9.4,3.8,2.5,11.2
CA,6085,Santa Clara County,6085503325,6085503325,0.3439,7.1,172955.0,5.2,10.8,1.0,0.0,30.29,10.8,5.9,0.6,15.3
CA,6085,Santa Clara County,6085503326,6085503326,0.17,2.3,189612.0,6.9,10.1,0.8,1.9,57.9,8.1,7.5,2.9,4.6
CA,6085,Santa Clara County,6085503327,6085503327,0.5851,6.7,144688.0,5.0,20.6,16.9,6.63,36.25,18.5,3.6,17.0,7.9
CA,6085,Santa Clara County,6085503329,6085503329,0.1015,2.7,232098.0,0.8,5.3,3.3,0.22,3.51,5.5,2.8,0.2,4.5
CA,6085,Santa Clara County,6085503330,6085503330,0.0836,0.8,250001.0,0.3,1.9,0.6,3.14,77.42,4.9,2.7,0.7,4.6
CA,6085,Santa Clara County,6085503331,6085503331,0.2335,3.5,119663.0,1.1,28.0,6.5,11.93,100.0,21.8,2.3,4.1,2.6
CA,6085,Santa Clara County,6085503332,6085503332,0.066,3.3,133872.0,0.6,27.6,1.9,2.1,100.0,16.2,5.5,4.7,1.9
CA,6085,Santa Clara County,6085503333,6085503333,0.2498,5.8,176354.0,8.0,16.3,0.4,6.2,97.02,8.7,7.3,0.0,6.3
CA,6085,Santa Clara County,6085503336,6085503336,0.4985,9.3,144000.0,1.8,21.0,8.2,1.96,0.0,11.5,4.6,4.6,11.3
CA,6085,Santa Clara County,6085503337,6085503337,0.5991,7.9,130568.0,3.0,19.7,1.9,0.3,26.22,10.2,6.6,2.1,21.0
CA,6085,Santa Clara County,6085503338,6085503338,0.0429,0.4,250001.0,0.0,4.7,1.5,0.14,78.37,5.6,5.6,3.5,7.6
CA,6085,Santa Clara County,6085503339,6085503339,0.0658,1.0,250001.0,0.3,5.6,1.1,4.28,48.8,4.5,2.8,0.0,2.1
CA,6085,Santa Clara County,6085503401,6085503401,0.6871,11.2,89321.0,10.6,20.4,3.0,1.53,19.3,8.8,7.8,5.6,20.0
CA,6085,Santa Clara County,6085503402,6085503402,0.9914,22.0,66538.0,8.3,40.9,12.3,3.69,31.65,15.1,12.9,11.3,16.3
CA,6085,Santa Clara County,6085503504,6085503504,0.3832,10.2,146016.0,6.6,12.1,4.0,0.0,31.05,7.3,3.5,9.6,26.9
CA,6085,Santa Clara County,6085503506,6085503506,0.7455,6.8,102350.0,5.1,13.6,2.8,0.0,63.59,9.7,8.3,8.6,23.0
CA,6085,Santa Clara County,6085503507,6085503507,0.6575,8.0,135329.0,9.0,15.1,3.5,0.0,8.75,11.2,6.9,14.6,34.0
CA,6085,Santa Clara County,6085503508,6085503508,0.6673,8.1,123168.0,7.5,15.9,2.9,0.0,47.26,15.4,7.3,5.2,18.8
CA,6085,Santa Clara County,6085503509,6085503509,0.431,4.7,139130.0,3.1,18.1,1.1,0.0,100.0,9.2,8.5,0.0,23.3
CA,6085,Santa Clara County,6085503510,6085503510,0.7376,6.2,101607.0,7.4,27.8,3.5,0.0,44.49,7.9,5.3,6.1,15.2
CA,6085,Santa Clara County,6085503511,6085503511,0.5124,10.8,114167.0,5.6,25.4,6.8,0.0,100.0,11.7,7.4,2.3,17.3
CA,6085,Santa Clara County,6085503601,6085503601,0.7253,13.1,90750.0,12.3,22.3,8.5,0.0,0.0,9.2,4.7,9.2,16.4
CA,6085,Santa Clara County,6085503602,6085503602,0.9242,9.6,88235.0,9.4,28.4,10.9,0.0,75.74,8.3,8.1,16.2,25.9
CA,6085,Santa Clara County,6085503703,6085503703,0.7462,9.1,78750.0,11.4,43.3,1.4,3.22,12.31,7.5,1.1,10.5,28.2
CA,6085,Santa Clara County,6085503707,6085503707,0.8059,6.3,100375.0,5.2,34.6,4.7,2.29,35.33,13.2,4.7,3.2,19.7
CA,6085,Santa Clara County,6085503708,6085503708,0.7012,10.9,108281.0,4.2,32.1,8.1,1.98,24.01,13.3,7.6,7.2,20.6
CA,6085,Santa Clara County,6085503709,6085503709,0.9713,26.9,59926.0,5.0,40.3,16.0,10.24,52.59,20.0,9.9,11.7,27.1
CA,6085,Santa Clara County,6085503710,6085503710,0.9101,9.6,56582.0,6.2,23.2,23.7,28.2,84.8,18.3,4.5,7.6,24.9
CA,6085,Santa Clara County,6085503711,6085503711,0.7178,15.5,96650.0,7.1,29.1,1.4,1.41,25.72,4.5,5.7,4.8,19.9
CA,6085,Santa Clara County,6085503712,6085503712,0.9091,22.1,70285.0,4.8,46.1,12.1,0.0,37.03,10.4,4.3,11.5,27.7
CA,6085,Santa Clara County,6085503713,6085503713,0.7795,18.2,64753.0,8.7,37.3,12.3,9.78,0.0,12.9,2.7,21.2,22.6
CA,6085,Santa Clara County,6085503802,6085503802,0.466,4.6,124659.0,3.0,18.4,3.6,0.0,35.76,8.7,2.9,3.8,14.0
CA,6085,Santa Clara County,6085503803,6085503803,0.6822,4.9,162500.0,7.7,16.3,3.5,3.5,69.68,9.4,12.1,4.9,18.5
CA,6085,Santa Clara County,6085503804,6085503804,0.8046,7.7,102483.0,12.0,28.9,5.8,0.0,15.6,10.3,8.2,7.5,17.2
CA,6085,Santa Clara County,6085503902,6085503902,0.6372,13.3,94883.0,6.0,28.5,0.7,8.51,18.43,8.2,3.4,12.3,22.2
CA,6085,Santa Clara County,6085503903,6085503903,0.6137,10.3,119548.0,3.8,24.9,2.7,0.95,52.13,8.9,8.0,7.3,15.1
CA,6085,Santa Clara County,6085504001,6085504001,0.7098,10.5,75000.0,7.2,35.6,8.6,1.49,65.41,10.1,7.1,11.3,20.0
CA,6085,Santa Clara County,6085504002,6085504002,0.7278,9.6,90153.0,8.6,34.5,2.9,1.74,17.28,12.7,3.5,2.2,29.3
CA,6085,Santa Clara County,6085504101,6085504101,0.7457,8.1,107250.0,10.3,30.7,1.2,4.69,83.57,10.1,7.6,11.5,17.1
CA,6085,Santa Clara County,6085504102,6085504102,0.7743,14.3,104489.0,7.3,27.2,5.9,0.0,41.26,10.9,8.2,11.2,15.6
CA,6085,Santa Clara County,6085504201,6085504201,0.1808,2.5,184539.0,3.3,8.6,2.1,2.99,78.59,6.2,2.2,3.6,1.9
CA,6085,Santa Clara County,6085504202,6085504202,0.1718,6.2,172115.0,3.5,3.8,0.0,0.0,100.0,12.2,4.4,3.7,4.6
CA,6085,Santa Clara County,6085504307,6085504307,0.5162,6.6,144604.0,8.0,12.0,5.9,0.0,31.12,9.8,7.4,6.3,14.9
CA,6085,Santa Clara County,6085504308,6085504308,0.3239,10.7,179875.0,1.5,18.6,3.4,11.55,100.0,10.5,8.5,7.0,9.1
CA,6085,Santa Clara County,6085504311,6085504311,0.1392,9.6,167277.0,3.1,10.0,2.0,4.24,57.57,4.5,6.4,1.6,4.1
CA,6085,Santa Clara County,6085504314,6085504314,0.1305,5.2,165714.0,2.0,11.3,1.8,1.15,70.26,7.1,5.4,8.7,7.5
CA,6085,Santa Clara County,6085504315,6085504315,0.0916,6.4,166042.0,1.7,7.4,0.0,4.77,85.62,6.6,3.4,2.2,9.8
CA,6085,Santa Clara County,6085504316,6085504316,0.2809,3.2,174706.0,3.2,13.8,1.5,0.0,73.31,9.3,4.3,4.5,19.5
CA,6085,Santa Clara County,6085504317,6085504317,0.3169,2.6,157610.0,1.9,6.1,8.2,0.0,45.25,8.2,1.9,1.7,12.2
CA,6085,Santa Clara County,6085504318,6085504318,0.6107,7.9,112367.0,4.6,12.8,2.4,0.35,100.0,9.5,5.0,3.8,20.4
CA,6085,Santa Clara County,6085504319,6085504319,0.3175,6.4,175625.0,2.9,18.0,2.0,4.87,98.86,8.3,3.7,2.0,8.6
CA,6085,Santa Clara County,6085504320,6085504320,0.4273,15.9,176500.0,4.3,14.5,5.6,2.86,12.39,9.9,5.6,0.0,10.4
CA,6085,Santa Clara County,6085504321,6085504321,0.3854,5.9,172857.0,3.8,21.6,2.1,0.0,0.74,9.3,5.2,7.1,11.6
CA,6085,Santa Clara County,6085504322,6085504322,0.2735,10.0,174318.0,1.0,11.8,2.6,1.91,3.82,10.0,5.7,2.9,11.5
CA,6085,Santa Clara County,6085504323,6085504323,0.494,7.0,146667.0,4.4,14.1,8.1,1.52,40.95,7.2,6.8,1.6,14.4
CA,6085,Santa Clara County,6085504410,6085504410,0.5278,13.2,143173.0,5.2,16.3,10.0,5.6,17.37,13.9,4.7,13.8,23.9
CA,6085,Santa Clara County,6085504411,6085504411,0.3742,7.5,178333.0,5.7,15.3,0.6,3.64,77.29,10.2,6.6,5.4,15.6
CA,6085,Santa Clara County,6085504412,6085504412,0.3756,6.7,135993.0,4.6,20.2,2.1,0.0,48.8,6.3,4.3,1.4,19.2
CA,6085,Santa Clara County,6085504413,6085504413,0.4919,9.6,148438.0,2.1,32.1,19.4,0.0,6.05,12.9,6.5,4.0,12.1
CA,6085,Santa Clara County,6085504414,6085504414,0.2271,10.6,167772.0,1.9,15.5,1.0,0.0,20.73,8.4,3.2,3.2,12.9
CA,6085,Santa Clara County,6085504415,6085504415,0.223,4.2,176094.0,1.6,16.8,1.9,3.34,100.0,9.6,4.7,0.0,7.1
CA,6085,Santa Clara County,6085504416,6085504416,0.1665,5.9,178813.0,0.1,14.0,4.8,2.05,19.55,6.6,3.7,3.6,10.3
CA,6085,Santa Clara County,6085504418,6085504418,0.6416,6.3,127870.0,2.6,22.9,5.7,0.0,5.24,13.2,6.0,9.1,22.0
CA,6085,Santa Clara County,6085504421,6085504421,0.3004,7.0,195417.0,2.0,11.6,1.1,2.61,12.86,7.8,9.9,1.7,5.9
CA,6085,Santa Clara County,6085504422,6085504422,0.6103,9.1,114417.0,4.0,17.5,6.9,2.53,3.18,10.2,4.1,6.0,16.3
CA,6085,Santa Clara County,6085504423,6085504423,0.2462,3.0,176528.0,1.5,9.5,0.5,0.98,97.99,12.4,4.9,3.9,11.3
CA,6085,Santa Clara County,6085504424,6085504424,0.3246,4.6,151302.0,0.7,17.0,6.5,0.0,53.05,11.7,3.3,8.5,9.5
CA,6085,Santa Clara County,6085504505,6085504505,0.2259,5.0,209439.0,3.4,9.5,6.3,4.17,98.11,5.2,5.9,2.1,6.7
CA,6085,Santa Clara County,6085504506,6085504506,0.3738,7.0,152898.0,2.6,14.1,6.0,0.0,30.6,5.2,2.0,4.8,10.4
CA,6085,Santa Clara County,6085504507,6085504507,0.4654,7.0,154671.0,2.9,17.9,5.4,0.0,20.75,12.2,5.6,1.9,9.6
CA,6085,Santa Clara County,6085504508,6085504508,0.2077,0.2,214412.0,5.8,2.1,0.0,0.0,4.19,4.8,0.0,0.0,8.3
CA,6085,Santa Clara County,6085504509,6085504509,0.0847,2.3,184063.0,0.4,10.0,4.1,0.68,98.22,3.0,4.8,4.4,3.0
CA,6085,Santa Clara County,6085504510,6085504510,0.3514,4.0,139957.0,5.5,15.3,12.3,0.0,39.4,3.4,0.4,0.0,4.7
CA,6085,Santa Clara County,6085504601,6085504601,0.5205,5.4,65625.0,3.5,41.1,2.7,7.58,95.1,6.8,8.0,1.1,7.7
CA,6085,Santa Clara County,6085504602,6085504602,0.5127,4.1,107438.0,4.8,21.4,1.8,0.49,98.44,7.6,4.9,9.1,12.5
CA,6085,Santa Clara County,6085504700,6085504700,0.1857,5.0,118438.0,5.5,12.3,7.0,7.37,99.75,2.4,0.0,4.7,1.8
CA,6085,Santa Clara County,6085504802,6085504802,0.558,6.8,123750.0,4.1,9.9,7.9,0.0,6.05,11.1,3.5,4.5,9.7
CA,6085,Santa Clara County,6085504805,6085504805,0.359,6.5,130078.0,4.3,18.9,5.0,4.04,18.07,10.4,5.6,2.6,4.3
CA,6085,Santa Clara County,6085504806,6085504806,0.4571,4.7,133846.0,3.9,13.9,13.6,2.77,24.37,17.7,7.1,11.2,10.5
CA,6085,Santa Clara County,6085504807,6085504807,0.1419,4.5,222917.0,4.8,7.1,3.2,6.7,92.93,3.3,2.7,0.8,4.2
CA,6085,Santa Clara County,6085504808,6085504808,0.4753,3.6,131276.0,2.1,14.6,20.4,3.31,17.28,4.8,2.3,0.6,20.0
CA,6085,Santa Clara County,6085504902,6085504902,0.3487,9.2,218750.0,3.9,20.5,13.0,4.67,99.1,9.8,3.1,2.2,4.1
CA,6085,Santa Clara County,6085504903,6085504903,0.1653,3.8,177569.0,2.5,14.6,2.9,3.82,27.6,2.1,8.1,0.9,7.1
CA,6085,Santa Clara County,6085505006,6085505006,0.0903,8.8,205610.0,1.6,10.5,6.0,6.01,96.56,4.2,2.7,0.0,1.9
CA,6085,Santa Clara County,6085505007,6085505007,0.5241,13.5,142500.0,7.1,17.9,0.0,0.0,51.35,11.5,8.6,1.7,7.6
CA,6085,Santa Clara County,6085505010,6085505010,0.3739,9.2,191326.0,2.5,16.5,7.2,0.13,3.86,4.5,9.6,0.0,5.5
CA,6085,Santa Clara County,6085505011,6085505011,0.0892,6.3,196131.0,2.0,11.3,7.7,8.42,98.03,9.7,4.7,2.6,2.3
CA,6085,Santa Clara County,6085505012,6085505012,0.0236,2.2,201190.0,0.7,5.3,6.2,11.18,19.34,2.2,2.3,1.2,3.4
CA,6085,Santa Clara County,6085505013,6085505013,0.0997,7.2,185227.0,2.2,12.8,11.5,0.0,23.14,3.6,1.9,3.3,1.8
CA,6085,Santa Clara County,6085505014,6085505014,0.3113,5.5,137273.0,4.3,19.2,1.8,2.6,81.49,7.1,3.1,0.0,6.9
CA,6085,Santa Clara County,6085505015,6085505015,0.3194,1.6,173345.0,6.1,9.4,5.0,0.0,55.76,5.0,1.0,5.8,11.4
CA,6085,Santa Clara County,6085505100,6085505100,0.6543,13.4,103378.0,6.2,27.3,22.4,7.41,100.0,9.5,4.8,7.5,10.6
CA,6085,Santa Clara County,6085505202,6085505202,0.4162,10.6,121944.0,6.2,23.7,9.3,0.0,24.28,6.9,1.6,7.1,5.8
CA,6085,Santa Clara County,6085505203,6085505203,0.3569,29.2,117000.0,3.0,35.1,8.6,0.0,17.66,5.5,4.4,9.4,0.7
CA,6085,Santa Clara County,6085505301,6085505301,0.2131,3.3,171071.0,2.5,12.2,10.3,0.0,65.38,6.4,4.1,5.3,3.8
CA,6085,Santa Clara County,6085505302,6085505302,0.2267,7.2,170827.0,3.6,12.8,6.7,4.9,83.75,7.3,3.5,3.3,2.6
CA,6085,Santa Clara County,6085505303,6085505303,0.3025,6.8,128933.0,5.5,23.6,2.9,0.0,7.81,4.9,1.5,5.3,12.9
CA,6085,Santa Clara County,6085505304,6085505304,0.1926,5.8,224435.0,6.2,6.2,3.5,6.57,60.23,13.2,5.4,2.8,8.9
CA,6085,Santa Clara County,6085505305,6085505305,0.1178,2.9,190595.0,2.6,10.9,3.5,1.51,17.33,6.5,4.5,4.8,3.9
CA,6085,Santa Clara County,6085505401,6085505401,0.2499,10.3,164598.0,5.5,20.4,4.9,0.09,90.09,9.7,4.0,6.3,4.9
CA,6085,Santa Clara County,6085505402,6085505402,0.3528,5.5,173582.0,2.3,18.6,8.7,4.15,33.69,13.3,4.5,4.7,7.2
CA,6085,Santa Clara County,6085505403,6085505403,0.2837,7.7,175735.0,1.8,10.5,4.6,0.0,50.77,6.6,2.9,5.5,5.6
CA,6085,Santa Clara County,6085505500,6085505500,0.2066,6.8,146602.0,5.2,19.5,0.4,0.0,12.23,7.2,4.7,3.4,7.7
CA,6085,Santa Clara County,6085505600,6085505600,0.4107,12.9,117125.0,3.1,30.3,10.2,8.49,46.72,8.3,5.4,10.9,1.6
CA,6085,Santa Clara County,6085505700,6085505700,0.2301,21.7,107431.0,1.9,28.0,5.2,0.0,60.61,7.0,5.9,5.0,1.0
CA,6085,Santa Clara County,6085505800,6085505800,0.0792,4.8,165750.0,7.4,12.1,1.5,0.33,81.16,8.4,3.6,6.0,1.0
CA,6085,Santa Clara County,6085505901,6085505901,0.1692,5.2,169421.0,2.7,24.1,18.2,0.0,88.26,4.9,3.2,3.1,2.9
CA,6085,Santa Clara County,6085505902,6085505902,0.5861,5.1,105542.0,5.9,36.0,12.2,6.16,45.5,14.8,2.2,10.2,7.1
CA,6085,Santa Clara County,6085506000,6085506000,0.1643,6.7,173750.0,0.7,16.1,0.4,0.0,53.99,10.2,3.5,1.5,5.6
CA,6085,Santa Clara County,6085506101,6085506101,0.1875,3.3,163750.0,0.8,15.4,2.6,6.23,32.52,8.0,4.1,2.7,3.0
CA,6085,Santa Clara County,6085506102,6085506102,0.1358,5.1,174929.0,1.4,8.0,4.8,0.0,2.56,5.8,2.7,4.2,4.3
CA,6085,Santa Clara County,6085506103,6085506103,0.3216,6.4,188946.0,1.3,10.7,7.9,0.0,33.98,8.3,2.7,7.7,5.4
CA,6085,Santa Clara County,6085506202,6085506202,0.3593,1.5,175179.0,8.3,7.5,2.4,0.96,51.63,8.5,2.9,4.9,10.0
CA,6085,Santa Clara County,6085506203,6085506203,0.3168,9.2,130735.0,5.7,18.1,1.7,2.27,84.21,7.0,3.9,2.2,13.9
CA,6085,Santa Clara County,6085506204,6085506204,0.1217,3.5,188047.0,2.1,16.0,1.3,0.0,20.35,7.3,2.8,2.9,6.3
CA,6085,Santa Clara County,6085506301,6085506301,0.4045,6.8,121667.0,6.1,20.0,4.3,0.88,16.33,6.1,1.0,6.0,7.1
CA,6085,Santa Clara County,6085506302,6085506302,0.1256,3.1,180155.0,2.7,14.9,2.7,0.0,31.73,8.0,7.6,2.2,6.5
CA,6085,Santa Clara County,6085506304,6085506304,0.4434,12.3,120889.0,3.3,31.8,8.6,0.21,42.37,7.1,5.8,3.8,10.6
CA,6085,Santa Clara County,6085506305,6085506305,0.5999,13.7,94777.0,8.5,30.3,7.8,7.42,97.45,7.7,5.5,9.6,11.8
CA,6085,Santa Clara County,6085506401,6085506401,0.5463,7.1,142793.0,7.6,15.8,14.1,2.55,11.8,10.1,2.5,6.5,7.9
CA,6085,Santa Clara County,6085506402,6085506402,0.732,5.7,116783.0,7.1,26.4,12.4,0.0,7.49,11.8,5.6,13.4,4.9
CA,6085,Santa Clara County,6085506502,6085506502,0.1977,5.4,143075.0,3.4,24.4,1.1,0.0,33.57,5.9,1.4,6.1,1.0
CA,6085,Santa Clara County,6085506503,6085506503,0.5865,7.1,100139.0,4.4,35.3,20.9,2.36,26.68,11.5,2.5,11.2,13.5
CA,6085,Santa Clara County,6085506504,6085506504,0.7289,7.0,85278.0,6.9,27.3,13.1,4.32,98.48,10.5,5.2,14.5,14.9
CA,6085,Santa Clara County,6085506505,6085506505,0.6386,11.9,132950.0,9.2,20.8,5.6,9.76,66.11,8.3,7.4,10.1,11.6
CA,6085,Santa Clara County,6085506601,6085506601,0.2872,3.1,125208.0,3.4,17.2,6.4,6.78,39.42,8.5,5.1,10.8,4.9
CA,6085,Santa Clara County,6085506603,6085506603,0.118,6.9,250001.0,4.4,9.6,5.4,0.0,73.04,7.6,3.5,6.6,4.8
CA,6085,Santa Clara County,6085506604,6085506604,0.1572,1.0,216054.0,4.3,10.1,1.5,0.0,49.47,9.1,0.7,5.1,2.8
CA,6085,Santa Clara County,6085506605,6085506605,0.3655,7.2,122917.0,4.7,19.9,5.7,0.56,8.56,11.8,3.4,5.4,8.9
CA,6085,Santa Clara County,6085506606,6085506606,0.3091,7.6,114574.0,4.2,23.9,3.1,0.0,8.81,8.0,4.0,2.6,7.3
CA,6085,Santa Clara County,6085506701,6085506701,0.0626,3.1,212679.0,0.1,7.0,0.5,3.43,61.83,8.1,3.4,3.0,5.2
CA,6085,Santa Clara County,6085506702,6085506702,0.3878,6.2,140670.0,2.7,23.4,3.3,0.0,100.0,5.7,9.5,7.2,8.0
CA,6085,Santa Clara County,6085506703,6085506703,0.3825,4.9,144412.0,1.7,14.0,7.2,1.45,82.56,8.8,10.0,14.5,5.9
CA,6085,Santa Clara County,6085506801,6085506801,0.2531,3.0,222938.0,2.2,9.7,4.9,0.42,20.26,7.9,5.7,7.8,2.6
CA,6085,Santa Clara County,6085506802,6085506802,0.2563,3.0,193981.0,3.2,16.5,3.0,0.0,54.09,8.2,2.8,3.5,5.0
CA,6085,Santa Clara County,6085506803,6085506803,0.2165,6.0,175938.0,4.2,23.0,0.7,6.33,90.33,9.2,2.4,1.7,2.7
CA,6085,Santa Clara County,6085506804,6085506804,0.0117,3.0,216938.0,2.3,8.3,3.1,0.0,19.88,7.0,7.0,7.0,1.1
CA,6085,Santa Clara County,6085506900,6085506900,0.167,2.3,206951.0,1.0,12.6,4.6,0.0,84.82,5.1,3.9,9.7,0.8
CA,6085,Santa Clara County,6085507002,6085507002,0.0405,12.1,250001.0,0.2,14.3,0.0,4.3,100.0,7.4,4.9,1.2,1.8
CA,6085,Santa Clara County,6085507003,6085507003,0.0595,1.7,240179.0,0.3,20.5,4.8,0.02,82.56,8.3,0.0,1.8,0.0
CA,6085,Santa Clara County,6085507004,6085507004,0.0313,7.0,198306.0,0.3,18.8,1.5,3.26,54.15,5.5,5.3,3.5,3.0
CA,6085,Santa Clara County,6085507100,6085507100,0.1475,3.9,173006.0,6.0,15.3,4.8,3.75,3.69,9.2,3.6,4.0,2.2
CA,6085,Santa Clara County,6085507203,6085507203,0.2938,2.2,192917.0,1.2,17.5,0.9,2.77,67.14,5.8,2.5,5.4,2.2
CA,6085,Santa Clara County,6085507205,6085507205,0.0456,4.0,211711.0,0.3,10.5,1.0,0.0,49.31,8.1,7.3,4.6,1.5
CA,6085,Santa Clara County,6085507206,6085507206,0.0038,0.8,250001.0,3.9,9.3,0.0,1.01,84.1,6.6,1.3,0.7,1.2
CA,6085,Santa Clara County,6085507301,6085507301,0.229,1.9,250001.0,0.0,12.0,3.5,12.37,94.16,8.7,4.7,6.4,3.8
CA,6085,Santa Clara County,6085507302,6085507302,0.0399,3.7,250001.0,0.6,18.5,0.0,0.0,98.0,7.1,1.9,0.0,4.4
CA,6085,Santa Clara County,6085507401,6085507401,0.1051,2.5,226500.0,0.4,14.4,2.8,2.75,93.27,13.0,0.8,2.8,7.7
CA,6085,Santa Clara County,6085507402,6085507402,0.0822,3.3,236161.0,2.2,14.7,2.1,7.41,75.14,6.2,3.0,1.5,4.1
CA,6085,Santa Clara County,6085507500,6085507500,0.0462,2.5,188375.0,0.5,13.6,0.7,0.59,66.64,8.0,4.1,2.5,3.6
CA,6085,Santa Clara County,6085507600,6085507600,0.0805,5.9,250001.0,0.4,10.5,2.8,0.0,83.33,5.0,3.6,1.7,3.8
CA,6085,Santa Clara County,6085507701,6085507701,0.0852,3.3,211371.0,2.5,11.0,4.3,4.64,68.96,6.0,0.9,5.0,5.5
CA,6085,Santa Clara County,6085507702,6085507702,0.0468,4.4,250001.0,1.0,8.4,1.4,0.39,98.84,7.2,2.8,3.5,5.7
CA,6085,Santa Clara County,6085507704,6085507704,0.4712,4.1,219286.0,5.8,9.2,9.8,4.06,100.0,12.6,2.0,9.4,6.8
CA,6085,Santa Clara County,6085507705,6085507705,0.2632,6.2,250001.0,1.4,17.8,1.1,0.0,14.53,8.0,6.1,3.0,4.0
CA,6085,Santa Clara County,6085507805,6085507805,0.2367,11.5,194000.0,2.3,12.0,4.8,4.02,47.26,5.2,5.4,1.7,6.3
CA,6085,Santa Clara County,6085507806,6085507806,0.2304,7.7,188468.0,3.1,17.1,2.7,0.0,12.87,4.0,4.7,1.9,4.8
CA,6085,Santa Clara County,6085507807,6085507807,0.0684,0.6,250001.0,2.2,6.4,1.0,0.0,60.89,4.5,3.1,1.0,2.5
CA,6085,Santa Clara County,6085507808,6085507808,0.132,3.6,250001.0,2.1,8.8,4.2,0.0,25.37,4.6,3.1,0.8,2.8
CA,6085,Santa Clara County,6085507903,6085507903,0.0369,1.6,210813.0,2.9,6.6,2.9,3.96,59.39,6.0,1.8,1.1,6.7
CA,6085,Santa Clara County,6085507904,6085507904,0.03,0.3,250001.0,2.4,6.2,1.4,0.0,87.66,6.9,1.2,0.6,5.1
CA,6085,Santa Clara County,6085507905,6085507905,0.2694,9.0,137813.0,5.2,21.4,8.9,0.0,20.65,6.2,2.3,3.4,6.4
CA,6085,Santa Clara County,6085507906,6085507906,0.0305,2.4,250001.0,2.7,7.1,0.0,0.0,74.11,4.2,4.9,2.5,3.2
CA,6085,Santa Clara County,6085508003,6085508003,0.2759,9.0,181771.0,0.6,11.8,2.8,12.49,21.4,10.2,2.3,3.1,4.5
CA,6085,Santa Clara County,6085508004,6085508004,0.0869,3.4,232563.0,0.6,9.5,3.0,0.0,29.38,4.0,2.0,2.8,4.3
CA,6085,Santa Clara County,6085508005,6085508005,0.293,4.0,162535.0,1.5,18.7,12.1,4.04,54.78,7.9,6.0,3.9,3.2
CA,6085,Santa Clara County,6085508006,6085508006,0.133,3.4,203750.0,0.4,11.0,0.8,12.61,77.52,8.3,2.4,6.5,7.3
CA,6085,Santa Clara County,6085508101,6085508101,0.0908,0.5,250001.0,1.2,9.3,0.6,1.21,8.91,2.4,1.4,1.7,1.4
CA,6085,Santa Clara County,6085508102,6085508102,0.0841,3.6,206563.0,1.1,6.0,5.1,0.71,56.85,4.2,1.6,4.3,4.7
CA,6085,Santa Clara County,6085508203,6085508203,0.1301,2.0,239318.0,1.1,8.3,3.7,3.18,56.97,5.4,4.0,4.5,6.4
CA,6085,Santa Clara County,6085508204,6085508204,0.2587,5.8,231860.0,2.3,11.5,6.0,0.64,43.03,6.4,6.7,1.9,3.8
CA,6085,Santa Clara County,6085508205,6085508205,0.282,3.2,193292.0,3.1,14.5,2.7,2.24,7.33,11.7,4.1,4.1,3.3
CA,6085,Santa Clara County,6085508206,6085508206,0.0534,2.8,204750.0,0.0,7.7,1.3,4.26,44.22,5.4,2.1,0.0,6.4
CA,6085,Santa Clara County,6085508301,6085508301,0.1279,0.6,250001.0,0.5,5.8,2.1,7.33,43.9,6.7,5.1,0.0,2.4
CA,6085,Santa Clara County,6085508303,6085508303,0.1441,2.4,208250.0,2.3,10.7,0.7,1.35,45.75,10.2,6.3,1.8,6.4
CA,6085,Santa Clara County,6085508305,6085508305,0.4257,11.6,113040.0,1.9,27.9,6.4,0.0,97.07,5.4,3.0,4.4,8.6
CA,6085,Santa Clara County,6085508306,6085508306,0.2341,3.4,221250.0,3.1,13.0,5.1,2.19,68.38,11.3,6.6,4.0,7.8
CA,6085,Santa Clara County,6085508401,6085508401,0.2847,2.0,204662.0,2.5,8.0,3.1,4.43,22.43,4.1,8.6,2.5,2.3
CA,6085,Santa Clara County,6085508403,6085508403,0.1294,4.3,249500.0,2.5,6.1,0.0,0.0,37.2,7.6,3.1,0.9,4.5
CA,6085,Santa Clara County,6085508404,6085508404,0.2325,6.0,194303.0,1.3,14.3,3.9,8.33,14.78,8.3,6.2,3.0,5.7
CA,6085,Santa Clara County,6085508503,6085508503,0.2662,3.3,178263.0,0.3,17.1,13.8,4.0,46.45,5.8,1.8,7.2,4.8
CA,6085,Santa Clara County,6085508505,6085508505,0.2833,6.7,205625.0,2.5,13.4,7.2,0.0,10.66,8.6,7.9,3.6,5.8
CA,6085,Santa Clara County,6085508507,6085508507,0.0928,5.8,172426.0,2.1,13.0,1.0,0.12,98.13,5.1,3.5,0.0,11.7
CA,6085,Santa Clara County,6085508508,6085508508,0.46,7.3,136625.0,4.1,18.5,4.2,0.0,6.32,4.5,3.9,7.5,12.0
CA,6085,Santa Clara County,6085508509,6085508509,0.2242,7.4,155813.0,3.0,12.5,10.8,4.1,96.94,5.1,0.0,3.0,4.7
CA,6085,Santa Clara County,6085508510,6085508510,0.5092,9.1,110288.0,7.4,33.0,12.6,2.05,47.92,3.3,4.3,6.0,3.0
CA,6085,Santa Clara County,6085508601,6085508601,0.1314,5.2,196731.0,6.4,13.1,4.9,9.29,26.4,8.0,1.0,7.5,7.5
CA,6085,Santa Clara County,6085508602,6085508602,0.1242,5.2,179087.0,2.3,12.7,8.2,3.41,31.92,6.4,4.4,7.0,3.5
CA,6085,Santa Clara County,6085508705,6085508705,0.0763,1.3,177301.0,1.5,12.1,6.5,0.26,54.32,6.7,0.7,0.7,6.5
CA,6085,Santa Clara County,6085508706,6085508706,0.0607,1.6,198250.0,1.2,4.1,7.5,3.39,21.8,4.0,3.2,3.4,3.9
CA,6085,Santa Clara County,6085508707,6085508707,0.3972,4.3,191439.0,4.7,16.0,14.5,0.0,30.69,10.2,4.3,5.2,5.6
CA,6085,Santa Clara County,6085508708,6085508708,0.1559,8.3,245007.0,3.6,3.6,18.0,0.0,1.24,5.4,5.1,1.2,5.5
CA,6085,Santa Clara County,6085508800,6085508800,0.305,8.4,133684.0,4.7,21.5,4.3,3.3,4.54,6.3,0.9,9.3,8.4
CA,6085,Santa Clara County,6085508900,6085508900,0.3956,10.2,129762.0,7.6,28.0,3.9,0.0,0.0,7.2,9.1,5.4,7.0
CA,6085,Santa Clara County,6085509001,6085509001,0.5886,4.3,106389.0,8.3,31.7,1.6,0.0,37.19,14.2,1.2,3.8,21.8
CA,6085,Santa Clara County,6085509002,6085509002,0.5259,8.6,121964.0,10.3,20.4,2.9,4.06,75.68,10.2,0.7,8.0,8.0
CA,6085,Santa Clara County,6085509102,6085509102,0.1639,7.2,192237.0,1.6,8.6,6.2,0.0,100.0,5.0,3.3,7.0,4.8
CA,6085,Santa Clara County,6085509106,6085509106,0.3179,11.3,142727.0,3.9,21.5,6.7,1.18,36.55,8.1,4.3,7.7,8.5
CA,6085,Santa Clara County,6085509107,6085509107,0.1836,2.3,152361.0,1.4,25.4,9.9,8.38,51.49,1.8,1.7,3.7,3.3
CA,6085,Santa Clara County,6085509108,6085509108,0.0846,5.9,179028.0,4.7,16.3,5.8,5.01,99.18,4.6,2.5,3.8,3.2
CA,6085,Santa Clara County,6085509109,6085509109,0.1866,4.7,218105.0,4.8,16.1,7.1,0.0,100.0,5.4,2.5,3.6,3.7
CA,6085,Santa Clara County,6085509110,6085509110,0.0917,0.7,199821.0,0.7,8.9,2.1,9.29,70.35,3.4,6.8,3.8,1.6
CA,6085,Santa Clara County,6085509111,6085509111,0.6566,8.4,157311.0,2.5,22.1,5.9,8.13,73.11,6.2,5.9,4.7,7.3
CA,6085,Santa Clara County,6085509201,6085509201,0.231,1.4,155404.0,0.8,11.8,9.2,4.34,46.42,6.9,4.0,2.3,2.5
CA,6085,Santa Clara County,6085509202,6085509202,0.1768,3.5,190579.0,0.9,17.9,7.1,3.86,5.67,7.9,2.4,7.5,6.7
CA,6085,Santa Clara County,6085509302,6085509302,0.1829,3.9,185625.0,3.6,8.1,7.1,0.0,1.99,9.1,5.9,4.5,2.7
CA,6085,Santa Clara County,6085509303,6085509303,0.3377,4.3,177692.0,1.4,23.7,16.8,0.0,6.92,8.5,0.0,4.3,8.3
CA,6085,Santa Clara County,6085509304,6085509304,0.192,4.0,160859.0,3.5,16.9,1.0,0.0,9.66,3.2,3.9,5.1,9.6
CA,6085,Santa Clara County,6085509401,6085509401,0.2215,9.4,147823.0,3.5,22.4,11.4,1.19,56.79,5.5,1.7,8.7,8.0
CA,6085,Santa Clara County,6085509403,6085509403,0.3917,14.7,138750.0,6.8,27.0,6.5,4.73,47.2,3.6,0.4,9.4,11.1
CA,6085,Santa Clara County,6085509404,6085509404,0.3941,6.0,165250.0,1.9,21.9,9.3,0.0,1.87,8.0,5.4,7.4,8.2
CA,6085,Santa Clara County,6085509500,6085509500,0.325,5.1,146587.0,3.0,23.6,8.0,4.31,46.18,7.8,4.3,6.6,5.4
CA,6085,Santa Clara County,6085509600,6085509600,0.1732,9.5,190556.0,3.6,17.3,6.1,1.22,30.69,6.2,1.4,5.0,5.6
CA,6085,Santa Clara County,6085509700,6085509700,0.0271,6.8,192125.0,1.2,17.3,4.2,3.84,64.88,6.1,1.7,4.4,1.7
CA,6085,Santa Clara County,6085509801,6085509801,0.1558,1.4,180903.0,2.6,21.2,7.1,0.0,33.37,5.4,4.0,1.9,3.2
CA,6085,Santa Clara County,6085509802,6085509802,0.199,4.5,204632.0,0.7,5.8,3.4,0.0,57.94,7.8,5.0,3.4,4.2
CA,6085,Santa Clara County,6085509901,6085509901,0.0372,0.8,250001.0,1.4,5.3,1.7,2.35,19.88,3.1,4.7,1.7,1.0
CA,6085,Santa Clara County,6085509902,6085509902,0.3978,6.0,245521.0,0.4,13.8,11.7,1.13,57.23,9.9,3.0,5.9,4.9
CA,6085,Santa Clara County,6085510001,6085510001,0.0233,2.9,250001.0,1.0,7.9,0.8,2.94,67.65,6.1,3.3,3.2,1.2
CA,6085,Santa Clara County,6085510002,6085510002,0.0137,1.6,250001.0,0.9,6.5,0.5,0.8,37.75,6.9,2.0,1.7,1.1
CA,6085,Santa Clara County,6085510100,6085510100,0.0287,9.9,250001.0,1.9,17.7,0.0,0.0,60.18,7.6,3.0,2.3,2.7
CA,6085,Santa Clara County,6085510200,6085510200,0.0249,0.8,250001.0,0.5,11.1,2.5,2.2,88.47,10.5,3.6,2.3,1.7
CA,6085,Santa Clara County,6085510300,6085510300,0.0485,3.2,243854.0,1.7,11.7,0.7,0.0,48.52,4.7,4.8,3.3,0.4
CA,6085,Santa Clara County,6085510400,6085510400,0.0498,2.0,250001.0,0.9,9.1,1.6,3.28,41.85,2.7,4.4,0.0,2.1
CA,6085,Santa Clara County,6085510500,6085510500,0.2041,2.8,250001.0,1.9,12.4,5.4,1.75,48.01,9.1,2.8,5.0,2.3
CA,6085,Santa Clara County,6085510600,6085510600,0.3871,10.7,159250.0,2.8,11.4,3.7,1.57,81.68,8.5,5.4,0.6,4.1
CA,6085,Santa Clara County,6085510700,6085510700,0.0773,2.7,197257.0,0.5,14.8,4.7,0.0,21.66,5.3,2.7,1.2,2.5
CA,6085,Santa Clara County,6085510801,6085510801,0.1867,2.2,246048.0,3.1,9.2,4.2,3.35,39.83,7.2,4.1,3.7,2.9
CA,6085,Santa Clara County,6085510802,6085510802,0.2043,6.7,250001.0,3.8,9.3,4.2,3.48,100.0,8.2,4.8,0.0,2.7
CA,6085,Santa Clara County,6085510803,6085510803,0.2743,8.6,250001.0,5.7,11.4,9.4,0.29,70.19,6.6,0.0,6.0,5.2
CA,6085,Santa Clara County,6085510900,6085510900,0.1354,3.7,181712.0,2.8,14.6,12.2,2.55,9.17,4.6,3.7,3.5,5.1
CA,6085,Santa Clara County,6085511000,6085511000,0.1409,1.1,231856.0,3.0,7.9,2.2,3.9,45.91,3.9,5.1,2.2,0.9
CA,6085,Santa Clara County,6085511100,6085511100,0.0618,3.4,250001.0,0.6,13.9,3.0,6.57,38.51,5.0,6.2,1.5,2.5
CA,6085,Santa Clara County,6085511200,6085511200,0.0366,1.0,250001.0,0.0,6.2,1.6,0.0,59.55,6.3,1.2,1.3,2.0
CA,6085,Santa Clara County,6085511301,6085511301,0.1813,3.8,215625.0,4.9,14.8,7.6,6.28,18.99,4.9,2.6,13.4,3.5
CA,6085,Santa Clara County,6085511302,6085511302,0.5451,10.7,100852.0,1.9,30.0,32.7,3.64,100.0,21.8,2.7,18.8,11.7
CA,6085,Santa Clara County,6085511400,6085511400,0.067,3.2,250001.0,0.0,4.6,0.7,2.44,46.21,6.2,2.8,0.9,3.5
CA,6085,Santa Clara County,6085511501,6085511501,0.1982,6.3,196429.0,0.9,12.8,12.8,1.22,33.86,7.7,1.7,4.8,5.0
CA,6085,Santa Clara County,6085511502,6085511502,0.0177,1.8,250001.0,1.2,2.2,3.2,1.94,33.08,8.3,0.0,8.3,0.2
CA,6085,Santa Clara County,6085511608,6085511608,0.3648,22.1,45655.0,3.5,56.7,42.1,24.09,99.89,3.9,8.0,49.1,0.6
CA,6085,Santa Clara County,6085511609,6085511609,0.3556,6.7,150192.0,1.0,17.7,10.2,10.51,93.89,11.6,1.7,7.0,0.7
CA,6085,Santa Clara County,6085511701,6085511701,0.0208,4.1,219167.0,0.4,13.2,0.5,3.75,93.71,8.3,3.6,2.3,1.2
CA,6085,Santa Clara County,6085511702,6085511702,0.0196,1.8,250001.0,1.2,10.7,0.8,0.0,65.88,4.5,3.8,4.3,0.5
CA,6085,Santa Clara County,6085511704,6085511704,0.0576,1.6,250001.0,0.3,10.5,2.1,0.0,100.0,11.4,2.2,3.2,1.9
CA,6085,Santa Clara County,6085511705,6085511705,0.166,2.1,250001.0,0.3,12.4,2.3,0.0,99.38,10.3,1.5,5.6,2.9
CA,6085,Santa Clara County,6085511707,6085511707,0.1713,4.2,211250.0,0.0,18.5,10.1,7.94,94.73,10.5,0.8,8.9,0.7
CA,6085,Santa Clara County,6085511800,6085511800,0.032,3.6,197361.0,3.7,8.8,1.3,3.97,100.0,6.0,5.4,3.9,0.1
CA,6085,Santa Clara County,6085511905,6085511905,0.0294,0.7,241440.0,1.4,7.0,0.7,0.0,45.32,4.6,0.6,1.2,4.9
CA,6085,Santa Clara County,6085511907,6085511907,0.0341,1.9,250001.0,0.8,9.1,3.7,0.0,41.54,6.6,1.5,3.0,5.5
CA,6085,Santa Clara County,6085511910,6085511910,0.0048,3.6,250001.0,0.2,8.8,0.7,0.0,91.79,8.9,3.2,0.0,0.9
CA,6085,Santa Clara County,6085511911,6085511911,0.1509,4.5,164821.0,1.7,10.4,1.5,9.73,91.56,9.6,2.3,4.7,2.7
CA,6085,Santa Clara County,6085511912,6085511912,0.0475,1.5,250001.0,2.3,8.9,0.5,0.0,100.0,6.3,6.3,0.9,3.9
CA,6085,Santa Clara County,6085511913,6085511913,0.0185,0.8,250001.0,0.0,5.1,1.6,3.57,54.49,10.4,2.2,2.2,2.4
CA,6085,Santa Clara County,6085511914,6085511914,0.0727,2.7,247039.0,1.5,8.1,3.0,4.86,38.41,6.9,3.1,1.4,1.7
CA,6085,Santa Clara County,6085511915,6085511915,0.6955,11.8,93382.0,14.4,35.2,21.4,1.38,7.32,8.8,0.7,17.6,17.1
CA,6085,Santa Clara County,6085511916,6085511916,0.3768,5.7,191458.0,1.8,17.5,5.9,6.81,82.83,11.4,8.5,4.6,5.5
CA,6085,Santa Clara County,6085511917,6085511917,0.002,1.2,239073.0,1.0,9.2,1.0,0.0,5.4,3.0,4.1,0.0,2.8
CA,6085,Santa Clara County,6085511918,6085511918,0.053,2.1,231724.0,1.5,8.6,2.4,0.0,97.79,4.0,7.8,3.6,2.5
CA,6085,Santa Clara County,6085512001,6085512001,0.1472,14.5,192176.0,2.7,10.7,4.0,1.22,91.65,3.6,3.2,3.5,5.1
CA,6085,Santa Clara County,6085512005,6085512005,0.1969,2.5,176855.0,1.7,15.9,0.6,0.0,50.06,12.7,4.1,0.9,5.2
CA,6085,Santa Clara County,6085512019,6085512019,0.3394,9.8,126326.0,0.8,18.7,1.2,0.53,14.66,16.1,3.2,10.7,5.3
CA,6085,Santa Clara County,6085512021,6085512021,0.2989,4.6,144632.0,1.8,9.1,6.3,0.21,2.48,9.4,2.6,0.0,8.6
CA,6085,Santa Clara County,6085512022,6085512022,0.7846,17.8,89831.0,3.2,22.9,8.5,0.0,12.06,17.9,4.2,8.3,18.8
CA,6085,Santa Clara County,6085512023,6085512023,0.4157,2.8,98722.0,6.5,22.7,2.2,0.0,26.91,9.4,2.6,4.2,6.4
CA,6085,Santa Clara County,6085512024,6085512024,0.4482,9.9,137275.0,4.5,23.4,7.7,8.41,84.39,12.1,3.8,7.2,8.2
CA,6085,Santa Clara County,6085512025,6085512025,0.3229,0.8,226364.0,2.3,13.0,5.2,6.97,88.4,9.0,4.8,8.7,5.6
CA,6085,Santa Clara County,6085512026,6085512026,0.0888,3.5,117162.0,6.0,9.5,1.8,0.0,0.0,3.1,5.2,7.1,8.1
CA,6085,Santa Clara County,6085512027,6085512027,0.6241,6.0,117194.0,2.8,30.7,12.2,0.35,1.47,19.2,5.2,8.4,13.0
CA,6085,Santa Clara County,6085512029,6085512029,0.2506,3.3,155000.0,5.0,9.0,2.1,0.0,27.24,8.8,8.4,2.3,2.2
CA,6085,Santa Clara County,6085512030,6085512030,0.1029,2.4,182344.0,3.4,12.0,3.5,5.73,63.36,9.1,5.6,4.1,6.1
CA,6085,Santa Clara County,6085512031,6085512031,0.0209,2.5,184917.0,1.4,7.0,0.4,7.82,95.09,8.1,3.1,1.5,2.3
CA,6085,Santa Clara County,6085512032,6085512032,0.1282,11.6,153947.0,1.9,13.9,0.0,4.13,56.91,8.6,2.4,2.4,3.6
CA,6085,Santa Clara County,6085512034,6085512034,0.0952,3.6,169219.0,3.0,11.4,3.1,0.87,12.79,5.9,3.8,1.8,6.1
CA,6085,Santa Clara County,6085512035,6085512035,0.2794,4.8,186731.0,0.0,19.8,5.0,2.6,95.81,11.0,4.6,1.4,7.3
CA,6085,Santa Clara County,6085512036,6085512036,0.2061,6.3,143729.0,2.6,16.5,3.5,0.0,48.55,6.9,2.8,3.7,4.3
CA,6085,Santa Clara County,6085512037,6085512037,0.136,2.8,172929.0,1.3,10.0,1.7,0.0,42.37,8.7,3.9,1.5,5.3
CA,6085,Santa Clara County,6085512038,6085512038,0.6742,13.8,95795.0,6.3,30.1,5.0,5.97,96.08,9.1,8.9,8.2,4.4
CA,6085,Santa Clara County,6085512039,6085512039,0.5898,8.5,134594.0,9.0,15.2,5.0,6.36,73.67,8.5,2.0,1.7,10.6
CA,6085,Santa Clara County,6085512042,6085512042,0.6748,6.5,112969.0,3.0,29.4,10.2,0.38,60.4,12.3,5.5,5.6,13.4
CA,6085,Santa Clara County,6085512043,6085512043,0.822,13.3,63033.0,3.8,46.2,9.2,5.44,26.03,11.2,4.0,9.1,19.4
CA,6085,Santa Clara County,6085512045,6085512045,0.1757,3.6,174926.0,1.8,11.7,3.6,3.44,14.75,7.7,3.8,5.8,7.4
CA,6085,Santa Clara County,6085512047,6085512047,0.1163,6.6,187813.0,5.2,12.4,0.7,2.55,65.93,8.6,3.5,3.3,3.4
CA,6085,Santa Clara County,6085512052,6085512052,0.4329,5.0,132698.0,4.4,16.3,5.0,0.6,18.71,6.5,2.5,5.2,4.6
CA,6085,Santa Clara County,6085512053,6085512053,0.3274,7.1,138750.0,3.3,14.3,2.7,0.0,42.67,10.9,6.1,6.2,4.1
CA,6085,Santa Clara County,6085512054,6085512054,0.4513,11.9,116250.0,12.1,20.2,4.8,1.58,78.57,7.8,3.3,2.3,13.1
CA,6085,Santa Clara County,6085512055,6085512055,0.4345,5.6,108393.0,3.2,9.7,1.6,3.05,100.0,7.2,2.6,0.0,14.3
CA,6085,Santa Clara County,6085512056,6085512056,0.5796,6.5,101111.0,9.3,28.5,12.4,2.49,81.48,12.1,2.1,7.0,17.7
CA,6085,Santa Clara County,6085512057,6085512057,0.5601,8.9,151146.0,7.3,22.8,11.4,2.7,48.17,5.2,6.6,9.1,8.4
CA,6085,Santa Clara County,6085512058,6085512058,0.371,7.0,113893.0,5.0,29.0,3.5,0.0,55.67,7.1,2.1,0.4,6.1
CA,6085,Santa Clara County,6085512059,6085512059,0.2867,2.5,148700.0,3.1,10.7,1.0,4.51,0.46,8.5,3.8,1.1,4.7
CA,6085,Santa Clara County,6085512100,6085512100,0.7092,9.7,93542.0,4.9,37.9,2.7,3.06,97.37,10.9,3.0,18.6,13.5
CA,6085,Santa Clara County,6085512200,6085512200,0.0293,3.2,235674.0,0.8,6.2,1.6,0.0,100.0,5.2,2.1,9.8,1.1
CA,6085,Santa Clara County,6085512305,6085512305,0.0742,1.2,223125.0,1.1,7.3,0.0,2.47,100.0,9.6,3.0,2.2,7.2
CA,6085,Santa Clara County,6085512307,6085512307,0.4493,2.4,151477.0,0.2,10.0,3.5,0.6,77.59,11.7,5.7,3.4,2.0
CA,6085,Santa Clara County,6085512308,6085512308,0.1889,0.8,229395.0,0.4,10.0,0.9,5.05,73.43,9.4,3.9,1.0,1.0
CA,6085,Santa Clara County,6085512309,6085512309,0.1525,3.1,193854.0,6.7,6.8,2.8,1.0,97.97,8.9,5.9,3.4,2.5
CA,6085,Santa Clara County,6085512310,6085512310,0.7202,6.1,101500.0,3.2,34.9,3.5,0.74,43.51,11.7,6.9,10.2,10.1
CA,6085,Santa Clara County,6085512311,6085512311,0.428,5.2,147681.0,1.6,17.5,4.0,12.89,84.69,10.9,5.2,6.1,3.1
CA,6085,Santa Clara County,6085512312,6085512312,0.0139,1.8,185375.0,1.7,9.3,0.0,1.85,23.7,6.7,3.2,3.6,3.5
CA,6085,Santa Clara County,6085512313,6085512313,0.5216,7.0,110954.0,5.3,17.0,3.6,1.78,41.52,9.2,2.4,7.7,12.3
CA,6085,Santa Clara County,6085512314,6085512314,0.5439,6.1,108950.0,7.3,23.3,5.6,0.0,50.71,7.4,4.0,10.6,6.3
CA,6085,Santa Clara County,6085512401,6085512401,0.3966,7.8,155431.0,9.0,14.2,0.0,1.84,93.09,7.6,5.3,9.3,8.6
CA,6085,Santa Clara County,6085512402,6085512402,0.5792,5.0,140000.0,7.5,16.0,4.7,3.81,98.73,14.6,13.3,2.3,6.5
CA,6085,Santa Clara County,6085512505,6085512505,0.4292,7.8,125716.0,3.7,17.2,0.4,0.0,74.99,9.4,7.4,1.7,6.5
CA,6085,Santa Clara County,6085512509,6085512509,0.3899,1.9,183036.0,4.5,17.7,3.3,3.01,83.46,4.0,5.7,2.6,7.0
CA,6085,Santa Clara County,6085512510,6085512510,0.5269,7.1,105833.0,3.9,25.1,8.0,7.88,55.56,10.3,6.3,6.0,3.9
CA,6085,Santa Clara County,6085512511,6085512511,0.4757,14.5,112188.0,6.2,26.9,11.7,0.88,25.25,9.9,2.4,6.6,7.0
CA,6085,Santa Clara County,6085512512,6085512512,0.6249,10.9,88587.0,16.2,23.3,0.0,0.0,23.59,8.8,10.1,1.3,20.1
CA,6085,Santa Clara County,6085512513,6085512513,0.6675,1.0,90213.0,5.4,31.9,3.1,4.44,100.0,14.4,6.2,7.0,9.0
CA,6085,Santa Clara County,6085512514,6085512514,0.6647,7.4,127266.0,3.4,12.1,3.2,1.2,3.75,10.1,12.0,6.6,7.7
CA,6085,Santa Clara County,6085512515,6085512515,0.1071,5.8,161989.0,2.3,8.4,3.2,0.0,97.28,10.6,6.7,2.4,0.7
CA,6085,Santa Clara County,6085512516,6085512516,0.1111,9.0,149424.0,2.7,11.4,1.6,3.5,72.62,11.5,4.9,0.0,2.2
CA,6085,Santa Clara County,6085512602,6085512602,0.5482,9.3,136146.0,6.6,17.0,2.3,6.39,100.0,15.4,4.2,4.8,7.2
CA,6085,Santa Clara County,6085512603,6085512603,0.666,15.4,90101.0,8.2,26.2,4.6,3.7,7.69,8.9,2.7,7.7,21.8
CA,6085,Santa Clara County,6085512604,6085512604,0.8598,9.8,80552.0,9.4,39.6,0.9,7.87,57.47,8.3,5.0,5.2,15.8
CA,6085,Santa Clara County,6085513000,6085513000,0.4433,30.4,50346.0,1.1,53.4,40.0,15.34,75.74,5.8,7.4,54.8,2.1
CA,6085,Santa Clara County,6085513500,6085513500,0.2831,9.1,111964.0,3.5,4.1,0.0,2.78,100.0,11.1,4.4,10.3,4.0
CA,6087,Santa Cruz County,6087100100,6087100100,0.1657,17.3,143554.0,3.5,15.8,1.1,7.98,100.0,11.0,9.7,3.1,0.6
CA,6087,Santa Cruz County,6087100200,6087100200,0.3375,18.3,110877.0,2.1,25.0,4.7,7.9,39.33,9.2,5.7,4.4,2.8
CA,6087,Santa Cruz County,6087100300,6087100300,0.3473,14.8,118977.0,3.2,22.0,7.0,9.21,91.92,14.0,6.1,7.5,1.6
CA,6087,Santa Cruz County,6087100400,6087100400,0.4997,32.9,90230.0,2.7,50.7,13.5,13.74,93.48,8.0,12.8,35.3,1.7
CA,6087,Santa Cruz County,6087100500,6087100500,0.151,35.9,102517.0,1.1,40.8,2.9,0.75,73.43,7.9,6.7,7.0,1.2
CA,6087,Santa Cruz County,6087100600,6087100600,0.1139,5.5,118798.0,5.9,26.5,3.6,0.0,0.0,9.3,3.6,2.7,0.0
CA,6087,Santa Cruz County,6087100700,6087100700,0.4674,18.3,59709.0,3.6,34.2,18.1,0.0,7.4,11.2,2.8,3.5,0.0
CA,6087,Santa Cruz County,6087100801,6087100801,0.3426,18.3,92665.0,3.2,28.6,12.2,0.29,39.79,12.6,4.0,3.2,0.9
CA,6087,Santa Cruz County,6087100802,6087100802,0.2249,13.3,121339.0,5.1,28.2,11.1,0.58,97.06,12.5,3.7,5.0,0.0
CA,6087,Santa Cruz County,6087100900,6087100900,0.2512,11.2,106638.0,4.9,22.6,5.9,0.0,42.22,11.0,3.8,4.7,0.9
CA,6087,Santa Cruz County,6087101001,6087101001,0.5389,28.4,53125.0,7.9,44.5,6.7,1.76,55.98,5.4,7.4,0.6,2.6
CA,6087,Santa Cruz County,6087101002,6087101002,0.5981,16.9,77463.0,5.6,35.3,22.3,7.95,40.19,16.7,5.8,11.2,6.6
CA,6087,Santa Cruz County,6087101100,6087101100,0.343,14.1,143063.0,6.5,18.8,2.7,7.06,44.57,12.9,5.7,2.0,0.0
CA,6087,Santa Cruz County,6087101200,6087101200,0.4331,19.4,100586.0,2.3,24.4,9.6,3.63,36.66,13.6,2.8,10.6,0.4
CA,6087,Santa Cruz County,6087110101,6087110101,0.5155,11.3,96813.0,5.1,24.6,0.0,1.96,75.78,16.9,1.4,4.3,9.9
CA,6087,Santa Cruz County,6087110102,6087110102,0.8478,10.4,64535.0,7.1,41.4,9.2,0.0,98.89,22.5,2.0,18.5,13.9
CA,6087,Santa Cruz County,6087110201,6087110201,0.6205,14.0,79777.0,11.5,31.7,7.3,2.29,69.37,7.1,11.2,8.0,11.3
CA,6087,Santa Cruz County,6087110202,6087110202,0.8236,17.8,95556.0,7.7,31.7,12.5,0.0,91.54,16.6,11.4,10.6,12.8
CA,6087,Santa Cruz County,6087110301,6087110301,0.974,19.6,66554.0,11.6,42.3,11.6,0.32,0.0,16.6,11.0,22.6,32.9
CA,6087,Santa Cruz County,6087110302,6087110302,1.0,18.0,54840.0,9.5,53.4,7.1,3.6,1.99,15.5,15.7,9.9,24.6
CA,6087,Santa Cruz County,6087110401,6087110401,0.947,28.6,63188.0,8.9,52.4,7.5,5.14,98.71,7.9,6.0,10.3,31.2
CA,6087,Santa Cruz County,6087110402,6087110402,0.5677,9.8,92885.0,5.4,35.5,5.0,0.52,99.95,5.1,2.2,9.8,15.7
CA,6087,Santa Cruz County,6087110503,6087110503,0.8465,20.8,51733.0,13.9,49.6,0.0,1.39,44.79,13.3,11.0,14.0,23.8
CA,6087,Santa Cruz County,6087110504,6087110504,0.7338,3.7,88872.0,15.2,26.1,3.1,0.0,44.42,6.9,12.9,6.9,19.4
CA,6087,Santa Cruz County,6087110505,6087110505,0.9794,14.1,84630.0,13.7,32.5,3.1,2.49,33.32,17.3,22.6,13.5,25.8
CA,6087,Santa Cruz County,6087110506,6087110506,0.676,12.4,83036.0,12.6,21.2,0.0,0.0,26.47,4.7,8.1,10.9,23.1
CA,6087,Santa Cruz County,6087110601,6087110601,0.9365,5.3,56462.0,5.4,40.4,16.1,1.27,0.83,15.1,10.9,29.8,22.4
CA,6087,Santa Cruz County,6087110602,6087110602,0.6247,2.7,67313.0,6.8,34.0,0.0,1.38,100.0,10.4,4.1,3.4,16.5
CA,6087,Santa Cruz County,6087110700,6087110700,0.6405,12.4,136786.0,11.1,17.9,6.8,0.38,67.03,10.1,2.9,20.1,10.7
CA,6087,Santa Cruz County,6087120200,6087120200,0.3567,13.2,133958.0,4.3,15.0,0.9,16.13,100.0,14.1,3.9,7.4,3.4
CA,6087,Santa Cruz County,6087120301,6087120301,0.1433,4.5,94267.0,5.6,22.4,2.5,0.0,69.59,8.1,2.2,6.3,1.1
CA,6087,Santa Cruz County,6087120302,6087120302,0.4697,4.0,112000.0,9.2,24.6,0.8,1.6,45.62,12.0,12.5,8.9,0.0
CA,6087,Santa Cruz County,6087120400,6087120400,0.1227,5.3,123265.0,2.2,14.2,3.0,9.83,86.12,6.9,8.5,4.3,0.0
CA,6087,Santa Cruz County,6087120500,6087120500,0.0827,3.5,151046.0,1.3,12.2,0.3,0.85,100.0,9.7,7.0,1.5,1.4
CA,6087,Santa Cruz County,6087120600,6087120600,0.1851,5.9,126000.0,2.4,18.0,0.2,5.89,98.66,13.2,5.7,7.6,0.0
CA,6087,Santa Cruz County,6087120700,6087120700,0.041,3.1,118306.0,2.2,11.6,1.4,0.0,91.56,6.3,3.3,3.9,0.5
CA,6087,Santa Cruz County,6087120800,6087120800,0.2244,3.4,156034.0,1.7,18.6,5.3,1.11,58.15,12.4,1.5,3.2,0.0
CA,6087,Santa Cruz County,6087120901,6087120901,0.2767,8.6,140028.0,4.8,19.2,2.6,13.66,56.96,13.1,4.6,4.3,1.8
CA,6087,Santa Cruz County,6087120902,6087120902,0.2097,2.3,104781.0,3.6,23.5,8.1,7.43,81.92,5.0,1.4,1.5,2.3
CA,6087,Santa Cruz County,6087121000,6087121000,0.0638,5.5,130833.0,2.1,23.0,2.0,0.0,100.0,6.0,4.4,13.3,0.9
CA,6087,Santa Cruz County,6087121100,6087121100,0.3525,10.8,115268.0,3.1,16.3,11.1,6.32,94.6,13.6,3.2,13.7,2.1
CA,6087,Santa Cruz County,6087121200,6087121200,0.3131,11.1,169583.0,4.1,20.4,2.9,4.8,84.83,10.3,8.2,2.2,0.9
CA,6087,Santa Cruz County,6087121300,6087121300,0.3858,3.7,117197.0,14.4,22.7,13.6,2.05,86.55,11.5,1.2,4.9,5.8
CA,6087,Santa Cruz County,6087121401,6087121401,0.5873,16.5,88528.0,6.6,34.3,2.2,1.92,100.0,13.7,7.4,7.4,2.4
CA,6087,Santa Cruz County,6087121402,6087121402,0.6095,15.2,106953.0,2.1,17.7,6.0,0.0,61.36,13.5,5.6,5.5,4.6
CA,6087,Santa Cruz County,6087121403,6087121403,0.5594,11.5,80500.0,9.1,22.8,3.8,0.0,100.0,14.9,3.7,4.8,4.9
CA,6087,Santa Cruz County,6087121501,6087121501,0.4108,14.3,74063.0,7.3,33.5,3.6,1.47,99.78,9.1,3.6,3.6,1.0
CA,6087,Santa Cruz County,6087121502,6087121502,0.8094,18.7,66278.0,11.7,31.0,7.0,6.46,29.71,11.8,3.6,9.3,5.6
CA,6087,Santa Cruz County,6087121601,6087121601,0.2291,11.0,126667.0,7.1,20.6,2.8,2.47,30.27,15.1,4.4,5.7,2.8
CA,6087,Santa Cruz County,6087121602,6087121602,0.3912,10.7,83934.0,4.1,33.5,12.6,0.0,65.71,16.8,0.0,7.0,0.9
CA,6087,Santa Cruz County,6087121701,6087121701,0.5209,13.9,92784.0,3.7,30.8,0.7,0.0,95.91,16.8,3.1,1.9,1.7
CA,6087,Santa Cruz County,6087121702,6087121702,0.3311,16.2,115515.0,4.2,21.7,2.2,0.0,88.48,9.0,5.2,16.3,4.4
CA,6087,Santa Cruz County,6087121801,6087121801,0.3845,11.0,91313.0,1.4,30.7,9.1,4.81,79.84,20.0,1.3,9.6,1.1
CA,6087,Santa Cruz County,6087121802,6087121802,0.4539,13.2,91458.0,4.1,27.7,6.0,2.8,39.04,21.5,0.9,9.7,0.6
CA,6087,Santa Cruz County,6087122001,6087122001,0.2842,3.5,133950.0,4.2,15.6,1.6,5.58,87.66,11.4,4.8,4.6,2.8
CA,6087,Santa Cruz County,6087122002,6087122002,0.0825,6.0,151500.0,4.8,12.4,0.7,0.0,85.56,7.8,7.2,6.9,0.2
CA,6087,Santa Cruz County,6087122004,6087122004,0.2368,1.8,130143.0,5.2,9.8,7.5,0.0,30.97,11.7,4.0,5.5,0.0
CA,6087,Santa Cruz County,6087122005,6087122005,0.2017,6.8,113645.0,1.4,18.2,2.0,4.58,8.25,15.4,4.3,8.8,0.0
CA,6087,Santa Cruz County,6087122100,6087122100,0.1916,3.7,109269.0,2.7,24.0,3.8,0.06,17.63,10.8,6.5,6.8,1.0
CA,6087,Santa Cruz County,6087122202,6087122202,0.0201,2.3,172578.0,2.7,5.1,3.3,4.71,66.49,7.8,4.0,2.5,0.0
CA,6087,Santa Cruz County,6087122203,6087122203,0.0501,3.3,129529.0,0.1,22.5,1.3,2.01,77.94,20.4,4.0,5.2,0.0
CA,6087,Santa Cruz County,6087122204,6087122204,0.2308,4.1,105375.0,1.1,24.7,1.3,0.28,49.58,9.1,4.5,5.0,2.0
CA,6087,Santa Cruz County,6087122205,6087122205,0.1832,4.2,137734.0,1.2,18.8,2.3,3.21,90.98,14.6,6.2,5.2,0.8
CA,6087,Santa Cruz County,6087122300,6087122300,0.4961,4.7,108162.0,7.7,13.1,0.0,2.23,90.91,9.5,2.4,4.2,16.5
CA,6087,Santa Cruz County,6087122401,6087122401,0.4927,39.8,94205.0,12.4,31.3,13.2,2.59,68.4,18.0,3.6,12.6,1.9
CA,6087,Santa Cruz County,6087122402,6087122402,0.3148,6.9,148368.0,5.6,15.1,1.0,0.0,7.12,11.7,6.2,7.8,5.8
CA,6087,Santa Cruz County,6087122500,6087122500,0.6436,5.8,113859.0,5.3,21.3,2.2,0.0,92.09,10.4,7.9,1.9,20.3
CA,6087,Santa Cruz County,6087123100,6087123100,0.6983,15.8,101141.0,7.5,32.2,5.0,10.51,100.0,8.7,6.8,16.0,13.8
CA,6087,Santa Cruz County,6087123300,6087123300,0.493,9.1,90230.0,4.0,25.0,9.4,6.85,97.52,7.8,4.0,13.3,7.3
CA,6089,Shasta County,6089010100,6089010100,0.839,38.7,22572.0,10.9,60.5,19.6,13.25,36.6,29.6,21.4,17.2,0.6
CA,6089,Shasta County,6089010200,6089010200,0.565,22.8,60556.0,4.2,36.2,9.7,5.67,31.87,16.7,7.3,10.5,0.1
CA,6089,Shasta County,6089010300,6089010300,0.6507,13.7,69236.0,11.1,39.9,3.2,0.0,14.67,17.5,5.7,3.9,0.2
CA,6089,Shasta County,6089010400,6089010400,0.4815,16.5,75500.0,8.8,30.1,2.7,2.84,74.63,17.0,7.1,7.7,0.0
CA,6089,Shasta County,6089010500,6089010500,0.6666,20.1,53125.0,4.7,41.7,11.1,9.02,57.63,17.5,11.6,7.3,0.0
CA,6089,Shasta County,6089010601,6089010601,0.1077,4.9,107837.0,1.4,14.1,1.5,9.87,69.82,12.5,5.4,4.1,0.3
CA,6089,Shasta County,6089010602,6089010602,0.623,3.3,80547.0,2.2,36.0,10.9,7.7,66.27,18.4,6.0,14.2,1.9
CA,6089,Shasta County,6089010603,6089010603,0.1514,14.9,108500.0,5.1,25.5,0.0,3.52,97.63,8.5,3.3,2.7,0.3
CA,6089,Shasta County,6089010702,6089010702,0.4376,18.2,91994.0,7.3,23.7,4.3,16.54,100.0,13.8,1.9,5.9,0.0
CA,6089,Shasta County,6089010703,6089010703,0.6375,19.2,52988.0,9.2,45.4,15.7,6.43,57.98,22.2,3.5,10.0,0.3
CA,6089,Shasta County,6089010704,6089010704,0.7732,28.3,46384.0,6.5,43.3,7.5,10.32,74.43,24.8,6.1,14.5,0.0
CA,6089,Shasta County,6089010803,6089010803,0.4206,21.0,57538.0,9.2,33.1,14.1,4.85,37.15,15.8,3.8,5.0,1.5
CA,6089,Shasta County,6089010804,6089010804,0.4717,15.7,78750.0,3.7,25.9,4.8,7.12,99.97,14.2,13.0,6.6,1.2
CA,6089,Shasta County,6089010805,6089010805,0.405,9.5,92226.0,10.6,24.4,4.7,0.0,90.31,15.3,2.2,10.1,1.2
CA,6089,Shasta County,6089010806,6089010806,0.5673,16.0,56806.0,4.8,33.6,10.4,11.68,98.86,21.0,13.4,14.5,0.3
CA,6089,Shasta County,6089010807,6089010807,0.4126,11.0,91591.0,6.2,27.3,4.0,10.68,95.27,19.9,3.0,8.4,0.5
CA,6089,Shasta County,6089010900,6089010900,0.8167,15.6,69488.0,8.1,34.4,11.6,2.94,55.86,19.7,5.4,14.7,1.5
CA,6089,Shasta County,6089011001,6089011001,0.1372,2.5,109643.0,2.9,9.1,3.1,2.82,95.16,11.7,2.8,5.1,0.7
CA,6089,Shasta County,6089011002,6089011002,0.5392,11.7,76081.0,7.4,29.9,3.6,9.75,79.25,16.8,6.3,7.4,0.4
CA,6089,Shasta County,6089011100,6089011100,0.3069,6.4,97986.0,6.7,20.0,5.1,0.0,71.96,18.0,10.4,6.5,0.0
CA,6089,Shasta County,6089011209,6089011209,0.7199,16.9,58795.0,7.0,36.7,5.4,3.42,59.19,11.3,5.9,9.6,4.4
CA,6089,Shasta County,6089011300,6089011300,0.4195,12.7,70329.0,12.9,33.7,4.9,0.0,29.8,10.7,2.3,7.5,1.8
CA,6089,Shasta County,6089011401,6089011401,0.2538,6.5,85983.0,3.5,24.3,2.3,2.73,91.51,15.2,3.3,2.5,0.5
CA,6089,Shasta County,6089011402,6089011402,0.2689,6.7,84792.0,6.0,25.6,4.8,1.41,96.66,14.2,2.2,0.8,1.2
CA,6089,Shasta County,6089011403,6089011403,0.5254,12.8,78472.0,4.7,30.6,5.4,6.19,79.7,14.7,4.9,9.2,0.4
CA,6089,Shasta County,6089011501,6089011501,0.326,6.0,78854.0,10.1,16.5,6.5,0.0,96.11,13.0,1.0,17.7,1.2
CA,6089,Shasta County,6089011502,6089011502,0.3671,3.7,66974.0,4.9,24.7,5.6,0.0,11.47,27.1,8.1,25.2,0.0
CA,6089,Shasta County,6089011600,6089011600,0.6534,15.2,68224.0,6.7,31.5,4.1,0.23,96.46,21.6,10.3,17.7,0.6
CA,6089,Shasta County,6089011701,6089011701,0.4239,17.1,77000.0,5.6,33.4,1.4,4.54,100.0,14.0,3.7,4.5,0.5
CA,6089,Shasta County,6089011702,6089011702,0.705,20.9,55429.0,5.8,42.6,4.6,3.3,63.92,26.4,11.9,12.9,1.9
CA,6089,Shasta County,6089011703,6089011703,0.6351,17.5,44625.0,9.7,41.4,12.7,2.2,55.66,29.1,4.9,19.1,0.0
CA,6089,Shasta County,6089011801,6089011801,0.5117,5.3,85664.0,7.9,24.2,0.9,0.87,96.85,15.4,7.7,12.3,1.7
CA,6089,Shasta County,6089011802,6089011802,0.4135,9.9,90472.0,8.9,21.3,2.0,1.32,100.0,12.2,12.1,12.2,1.5
CA,6089,Shasta County,6089011803,6089011803,0.4867,18.5,63448.0,9.6,33.1,7.3,2.42,97.75,18.4,5.5,22.2,1.3
CA,6089,Shasta County,6089011900,6089011900,0.2309,4.6,113911.0,4.0,23.6,1.0,0.0,99.44,13.7,3.7,11.9,0.2
CA,6089,Shasta County,6089012000,6089012000,0.6481,19.8,40773.0,6.1,38.9,8.8,9.4,67.13,24.6,2.6,21.0,1.0
CA,6089,Shasta County,6089012101,6089012101,0.6253,16.7,65823.0,8.9,35.4,4.4,0.0,82.99,23.1,6.1,12.2,1.2
CA,6089,Shasta County,6089012102,6089012102,0.6717,15.7,41641.0,3.9,39.1,17.9,9.01,62.48,24.0,4.3,17.8,0.0
CA,6089,Shasta County,6089012200,6089012200,0.274,14.7,70921.0,3.8,23.0,0.0,3.03,79.0,19.7,3.2,14.0,0.0
CA,6089,Shasta County,6089012301,6089012301,0.8272,11.3,52500.0,13.6,19.9,8.9,4.91,98.85,18.6,9.1,13.3,8.4
CA,6089,Shasta County,6089012302,6089012302,0.4033,4.4,75079.0,3.8,36.1,8.3,3.14,91.45,14.4,13.8,4.5,1.3
CA,6089,Shasta County,6089012303,6089012303,0.1424,2.8,96789.0,1.0,15.7,1.2,2.46,100.0,16.9,4.4,12.6,0.0
CA,6089,Shasta County,6089012400,6089012400,0.3851,10.8,97500.0,4.5,19.3,2.5,7.96,98.68,14.4,9.5,19.4,0.5
CA,6089,Shasta County,6089012500,6089012500,0.4363,26.1,63826.0,7.9,44.0,2.7,6.6,94.08,28.6,17.3,10.6,0.0
CA,6089,Shasta County,6089012603,6089012603,0.3344,7.5,70301.0,4.3,27.9,2.5,4.19,96.24,22.6,5.5,14.6,0.0
CA,6089,Shasta County,6089012604,6089012604,0.2657,8.2,65889.0,3.8,25.3,1.7,4.66,100.0,21.0,6.3,11.7,0.5
CA,6089,Shasta County,6089012605,6089012605,0.2659,5.8,89036.0,10.5,26.4,1.9,0.0,10.79,18.6,4.2,9.1,0.3
CA,6089,Shasta County,6089012606,6089012606,0.6469,21.1,61912.0,6.2,23.0,6.0,1.78,32.83,22.3,14.3,13.8,2.2
CA,6089,Shasta County,6089012701,6089012701,0.6514,16.1,56571.0,6.6,24.9,3.5,3.91,71.32,18.5,10.9,9.4,0.3
CA,6089,Shasta County,6089012702,6089012702,0.6739,11.1,70526.0,6.1,31.4,4.3,0.0,95.06,17.8,9.9,8.0,3.5
CA,6091,Sierra County,6091010000,6091010000,0.4869,12.6,61108.0,10.9,30.6,3.0,3.41,100.0,14.8,5.6,23.0,0.8
CA,6093,Siskiyou County,6093000100,6093000100,0.9252,33.8,41378.0,17.7,14.6,8.2,4.81,100.0,18.6,8.4,23.4,8.6
CA,6093,Siskiyou County,6093000200,6093000200,0.8639,19.0,41750.0,17.3,23.9,8.6,7.39,99.97,14.1,8.8,29.2,8.2
CA,6093,Siskiyou County,6093000300,6093000300,0.4888,14.8,56645.0,7.4,24.7,2.0,0.44,98.55,20.4,5.7,12.7,1.8
CA,6093,Siskiyou County,6093000600,6093000600,0.4479,17.6,52679.0,6.7,36.4,4.9,4.34,75.42,17.6,5.1,15.9,0.0
CA,6093,Siskiyou County,6093000701,6093000701,0.5046,11.9,65944.0,6.5,21.5,2.9,10.39,93.77,19.4,10.5,13.6,0.3
CA,6093,Siskiyou County,6093000702,6093000702,0.7365,20.7,35909.0,5.2,43.1,9.8,10.86,67.19,17.6,2.3,15.0,0.0
CA,6093,Siskiyou County,6093000703,6093000703,0.4671,21.8,52679.0,4.5,28.8,1.0,7.94,52.31,14.2,3.6,11.2,0.0
CA,6093,Siskiyou County,6093000800,6093000800,0.5666,14.3,59898.0,6.0,23.5,2.8,1.63,83.58,20.2,14.8,18.4,0.2
CA,6093,Siskiyou County,6093000901,6093000901,0.7272,24.3,54583.0,7.2,36.5,9.9,2.57,1.98,21.3,9.7,24.4,2.4
CA,6093,Siskiyou County,6093000902,6093000902,0.3502,8.4,71538.0,6.1,28.4,1.8,3.45,3.38,16.2,7.5,14.8,1.7
CA,6093,Siskiyou County,6093001001,6093001001,0.2954,3.6,72105.0,9.1,11.9,0.0,18.14,100.0,11.4,0.9,3.4,0.0
CA,6093,Siskiyou County,6093001002,6093001002,0.261,4.2,77986.0,4.9,28.8,0.0,0.0,59.73,12.0,6.8,2.5,3.8
CA,6093,Siskiyou County,6093001003,6093001003,0.4628,15.8,48628.0,3.6,43.8,10.2,5.9,15.9,14.4,1.4,14.1,0.4
CA,6093,Siskiyou County,6093001100,6093001100,0.6611,16.1,41440.0,7.0,42.2,10.3,7.77,56.79,22.0,7.7,13.3,0.4
CA,6093,Siskiyou County,6093001200,6093001200,0.5361,13.3,45250.0,13.4,27.9,5.9,7.82,98.27,29.4,10.6,21.3,0.0
CA,6093,Siskiyou County,6093001300,6093001300,0.6963,23.4,42625.0,7.8,19.8,6.1,1.67,100.0,19.3,17.2,14.9,0.4
CA,6095,Solano County,6095250103,6095250103,0.4563,6.6,105903.0,1.0,17.5,5.3,0.0,28.32,15.5,6.7,8.2,2.3
CA,6095,Solano County,6095250104,6095250104,0.7252,12.8,88125.0,9.7,37.7,12.1,9.04,71.85,20.8,11.1,14.3,1.2
CA,6095,Solano County,6095250105,6095250105,0.4248,9.6,109918.0,1.9,18.4,1.0,0.0,71.37,10.8,11.7,5.0,6.8
CA,6095,Solano County,6095250106,6095250106,0.1176,2.5,168750.0,3.4,10.3,0.0,0.95,100.0,12.9,4.6,1.9,2.7
CA,6095,Solano County,6095250200,6095250200,0.6678,8.3,76875.0,4.2,39.4,8.0,11.53,35.93,12.1,4.3,16.4,3.3
CA,6095,Solano County,6095250300,6095250300,0.6354,3.8,70278.0,4.2,30.9,7.0,5.71,97.45,14.5,8.9,4.6,10.5
CA,6095,Solano County,6095250400,6095250400,0.4728,9.2,82711.0,5.3,33.1,3.2,0.0,38.69,12.6,10.4,1.6,1.8
CA,6095,Solano County,6095250501,6095250501,0.3533,6.4,110250.0,9.2,22.3,2.0,3.43,75.45,15.2,7.3,13.9,4.1
CA,6095,Solano County,6095250502,6095250502,0.3272,12.2,104145.0,6.6,22.3,0.0,0.0,76.07,9.8,10.2,0.7,0.6
CA,6095,Solano County,6095250601,6095250601,0.6976,23.6,84668.0,6.6,32.0,2.5,7.13,91.6,10.2,8.9,6.2,4.9
CA,6095,Solano County,6095250604,6095250604,0.2846,5.5,104805.0,4.0,28.2,2.0,6.53,96.11,6.3,7.8,3.1,10.0
CA,6095,Solano County,6095250605,6095250605,0.1862,4.1,133125.0,7.3,17.4,0.0,6.24,69.56,10.9,6.2,0.0,0.0
CA,6095,Solano County,6095250701,6095250701,0.7843,23.2,54634.0,6.7,30.8,3.8,0.0,29.8,15.1,8.0,6.2,8.3
CA,6095,Solano County,6095250801,6095250801,0.4962,7.8,103816.0,5.0,22.7,4.6,2.09,59.83,14.5,5.8,4.6,2.2
CA,6095,Solano County,6095250900,6095250900,0.9305,45.9,39709.0,12.0,54.2,22.1,0.0,15.91,22.0,8.8,17.9,7.5
CA,6095,Solano County,6095251000,6095251000,0.5448,17.4,53607.0,14.7,50.0,2.1,3.69,0.39,13.1,5.5,11.6,2.2
CA,6095,Solano County,6095251100,6095251100,0.6497,20.3,77870.0,8.5,36.2,8.2,0.0,2.4,16.4,2.7,14.6,9.0
CA,6095,Solano County,6095251200,6095251200,0.6382,14.9,75333.0,22.2,34.1,5.7,0.0,65.64,10.1,5.4,5.1,7.9
CA,6095,Solano County,6095251300,6095251300,0.2407,4.7,98523.0,5.5,24.4,2.6,2.83,51.68,12.4,8.5,5.7,2.8
CA,6095,Solano County,6095251400,6095251400,0.3713,11.9,93091.0,1.1,30.9,4.8,9.28,17.94,8.3,2.4,3.2,6.3
CA,6095,Solano County,6095251500,6095251500,0.8624,25.6,53975.0,8.8,47.3,16.7,2.12,0.0,10.8,7.5,13.3,13.5
CA,6095,Solano County,6095251600,6095251600,0.8087,25.8,53333.0,4.6,53.4,4.7,14.69,80.98,16.3,10.3,4.3,4.5
CA,6095,Solano County,6095251701,6095251701,0.672,16.1,66175.0,10.4,38.3,6.8,0.0,45.75,14.3,6.0,12.1,4.2
CA,6095,Solano County,6095251702,6095251702,0.5052,4.7,83750.0,5.1,34.7,5.7,6.0,60.37,13.1,2.5,6.4,7.2
CA,6095,Solano County,6095251802,6095251802,0.9519,27.2,31841.0,7.7,56.7,23.9,0.0,12.32,20.4,4.5,25.3,11.1
CA,6095,Solano County,6095251803,6095251803,0.3304,5.3,85612.0,3.7,23.5,1.2,0.58,100.0,13.0,5.1,10.1,8.4
CA,6095,Solano County,6095251804,6095251804,0.3031,1.9,116250.0,3.2,5.1,2.9,0.0,100.0,13.2,6.3,2.0,7.9
CA,6095,Solano County,6095251901,6095251901,0.9634,11.1,75802.0,11.3,41.9,16.0,2.24,56.9,17.4,11.9,17.3,8.1
CA,6095,Solano County,6095251902,6095251902,0.6355,6.0,93750.0,6.1,27.9,2.3,0.0,99.94,9.9,4.1,14.4,11.9
CA,6095,Solano County,6095251903,6095251903,0.7466,7.5,84136.0,6.8,29.7,7.8,0.0,100.0,10.8,7.4,6.9,6.2
CA,6095,Solano County,6095252000,6095252000,0.3004,5.7,90370.0,0.3,31.6,6.3,1.57,54.85,12.2,6.1,10.0,0.4
CA,6095,Solano County,6095252102,6095252102,0.3117,8.7,105109.0,4.1,26.1,3.7,9.39,81.77,11.0,5.6,4.4,2.4
CA,6095,Solano County,6095252103,6095252103,0.4415,5.6,102760.0,3.2,30.3,1.1,0.0,97.47,10.1,4.5,7.4,4.4
CA,6095,Solano County,6095252104,6095252104,0.0611,5.3,158229.0,0.7,10.3,0.3,0.0,100.0,10.9,2.7,2.4,3.1
CA,6095,Solano County,6095252105,6095252105,0.0504,1.5,133784.0,1.4,18.2,2.7,3.2,93.89,11.8,1.7,0.4,1.7
CA,6095,Solano County,6095252106,6095252106,0.2475,5.0,114943.0,1.9,24.8,2.9,0.0,59.32,11.8,1.0,3.3,1.7
CA,6095,Solano County,6095252107,6095252107,0.2504,9.7,123787.0,2.2,32.8,0.6,0.0,41.39,10.3,4.5,4.0,2.2
CA,6095,Solano County,6095252108,6095252108,0.1145,1.5,156818.0,0.2,16.8,2.0,0.21,6.95,7.5,9.2,0.7,1.4
CA,6095,Solano County,6095252203,6095252203,0.1181,1.7,134142.0,3.6,11.2,5.3,1.35,71.22,12.2,1.3,3.2,2.4
CA,6095,Solano County,6095252204,6095252204,0.1369,4.4,161974.0,1.1,10.6,1.3,7.71,84.34,10.2,8.1,1.1,1.7
CA,6095,Solano County,6095252205,6095252205,0.141,5.9,156586.0,1.1,10.1,2.2,4.94,30.62,16.9,1.7,2.2,6.0
CA,6095,Solano County,6095252206,6095252206,0.2712,10.1,129914.0,6.5,18.3,5.8,0.0,29.62,10.7,7.9,0.7,3.6
CA,6095,Solano County,6095252305,6095252305,0.1477,5.9,126369.0,1.3,15.8,0.0,0.0,64.55,10.2,2.1,5.2,4.4
CA,6095,Solano County,6095252306,6095252306,0.2804,9.2,111012.0,4.6,16.7,3.1,0.0,22.42,8.7,3.9,7.0,3.9
CA,6095,Solano County,6095252310,6095252310,0.2112,2.6,162750.0,1.9,16.7,8.7,8.06,100.0,13.2,4.4,17.9,1.7
CA,6095,Solano County,6095252311,6095252311,0.0806,4.1,152560.0,3.9,13.8,2.2,1.09,79.81,8.4,6.1,2.8,0.5
CA,6095,Solano County,6095252312,6095252312,0.5337,5.6,94712.0,3.0,24.1,4.3,1.29,36.96,11.4,9.0,8.3,1.3
CA,6095,Solano County,6095252313,6095252313,0.4051,7.8,95103.0,0.6,35.5,12.2,0.66,39.83,16.6,4.0,9.0,1.3
CA,6095,Solano County,6095252314,6095252314,0.423,7.3,93500.0,3.0,26.8,6.7,1.46,22.93,21.2,3.5,3.3,3.2
CA,6095,Solano County,6095252315,6095252315,0.1652,9.8,126650.0,5.3,23.2,0.9,5.77,88.77,16.0,2.3,9.1,2.9
CA,6095,Solano County,6095252316,6095252316,0.3559,9.5,96938.0,6.1,32.5,0.0,0.66,93.28,10.8,5.7,6.4,2.3
CA,6095,Solano County,6095252317,6095252317,0.2192,4.7,146397.0,2.4,12.5,0.6,4.34,96.76,10.3,4.0,7.4,2.5
CA,6095,Solano County,6095252401,6095252401,0.8366,15.9,75370.0,10.4,34.2,1.5,10.69,88.96,14.2,9.2,7.7,15.0
CA,6095,Solano County,6095252402,6095252402,0.8945,10.7,78098.0,11.0,31.3,11.8,0.0,16.12,8.6,11.6,15.5,17.0
CA,6095,Solano County,6095252501,6095252501,0.917,19.6,62524.0,9.2,43.7,9.5,15.27,49.5,16.9,7.5,13.4,12.0
CA,6095,Solano County,6095252502,6095252502,0.6223,7.5,71944.0,8.4,29.9,2.2,5.37,39.22,15.1,5.0,8.2,8.5
CA,6095,Solano County,6095252604,6095252604,0.7135,11.9,100122.0,7.6,28.9,3.2,0.0,7.73,9.3,4.2,9.2,8.7
CA,6095,Solano County,6095252605,6095252605,0.8603,20.1,64278.0,5.9,43.7,5.6,0.0,23.69,12.4,4.0,5.6,12.3
CA,6095,Solano County,6095252606,6095252606,0.9501,20.2,65011.0,14.6,33.5,21.5,3.29,2.6,13.4,3.7,13.5,15.8
CA,6095,Solano County,6095252607,6095252607,0.9226,25.7,60536.0,12.7,45.6,8.1,0.0,11.22,11.3,15.7,5.6,21.0
CA,6095,Solano County,6095252608,6095252608,0.6813,8.1,85322.0,11.8,31.7,3.6,9.37,91.51,10.0,2.5,6.1,8.8
CA,6095,Solano County,6095252610,6095252610,0.3929,5.8,82500.0,6.1,28.2,0.0,6.44,89.65,14.7,8.7,1.1,3.6
CA,6095,Solano County,6095252611,6095252611,0.7009,11.8,91771.0,5.9,29.6,2.1,5.47,99.38,10.4,11.3,4.8,9.3
CA,6095,Solano County,6095252702,6095252702,0.7851,18.5,66590.0,2.7,44.7,8.7,6.64,74.52,21.5,13.8,10.3,1.8
CA,6095,Solano County,6095252703,6095252703,0.5689,6.2,86579.0,2.3,21.5,3.4,1.65,10.07,14.7,10.8,6.1,2.5
CA,6095,Solano County,6095252704,6095252704,0.6597,6.5,82120.0,6.0,36.5,6.2,0.0,52.46,13.8,3.5,5.5,3.3
CA,6095,Solano County,6095252705,6095252705,0.2079,8.8,103992.0,5.2,15.5,1.2,1.7,50.67,9.7,4.2,4.7,5.6
CA,6095,Solano County,6095252706,6095252706,0.069,1.2,117708.0,2.3,17.2,1.8,3.14,75.65,7.7,2.4,0.7,3.2
CA,6095,Solano County,6095252707,6095252707,0.4838,8.4,80321.0,5.1,29.6,11.1,3.33,100.0,13.2,6.9,10.3,3.9
CA,6095,Solano County,6095252801,6095252801,0.0962,0.8,78082.0,1.2,42.7,0.6,0.89,93.85,4.0,10.8,1.9,1.1
CA,6095,Solano County,6095252802,6095252802,0.1973,6.6,86500.0,1.9,35.7,3.3,3.62,100.0,6.5,2.5,0.0,0.0
CA,6095,Solano County,6095252903,6095252903,0.2572,6.5,117991.0,6.6,12.5,0.0,8.74,97.07,16.0,4.1,10.5,4.5
CA,6095,Solano County,6095252904,6095252904,0.4264,3.8,111068.0,3.3,23.0,5.4,1.82,100.0,11.0,2.7,9.5,2.4
CA,6095,Solano County,6095252908,6095252908,0.3751,3.1,102500.0,3.2,26.3,2.0,0.93,0.0,12.7,4.7,3.9,4.1
CA,6095,Solano County,6095252909,6095252909,0.0136,7.2,141739.0,2.9,13.1,0.7,0.0,55.13,8.0,3.3,2.5,0.6
CA,6095,Solano County,6095252910,6095252910,0.2851,4.0,120795.0,3.4,16.6,1.7,0.0,44.85,10.9,9.9,6.0,1.5
CA,6095,Solano County,6095252911,6095252911,0.3857,4.8,76812.0,0.0,30.8,7.3,3.98,53.06,25.4,3.1,6.6,1.6
CA,6095,Solano County,6095252912,6095252912,0.0421,5.1,153542.0,1.3,15.7,1.7,0.0,56.5,9.2,2.7,1.8,2.2
CA,6095,Solano County,6095252913,6095252913,0.0716,2.3,106694.0,8.2,17.0,2.5,0.0,76.16,10.5,1.9,3.1,0.9
CA,6095,Solano County,6095252914,6095252914,0.2816,10.2,125233.0,3.9,22.0,3.0,1.65,35.36,10.0,7.7,2.4,2.9
CA,6095,Solano County,6095252915,6095252915,0.075,1.0,156375.0,3.9,3.6,4.5,0.0,97.45,7.1,5.2,1.8,2.7
CA,6095,Solano County,6095253000,6095253000,0.4999,10.0,90230.0,5.8,28.3,4.5,1.59,95.97,10.5,5.8,7.2,2.5
CA,6095,Solano County,6095253101,6095253101,0.3331,5.1,110241.0,5.8,17.4,6.3,5.37,17.47,15.4,2.4,5.4,3.3
CA,6095,Solano County,6095253105,6095253105,0.5142,6.0,93500.0,0.8,26.8,3.1,0.0,22.3,14.9,9.1,5.8,2.1
CA,6095,Solano County,6095253106,6095253106,0.38,10.0,85208.0,6.8,36.9,3.9,0.0,41.49,10.8,9.9,3.1,5.3
CA,6095,Solano County,6095253107,6095253107,0.4981,19.3,77250.0,3.4,37.8,8.5,0.0,24.05,10.2,5.3,12.9,4.1
CA,6095,Solano County,6095253108,6095253108,0.5756,8.7,80786.0,3.6,25.9,7.8,7.12,42.32,16.3,9.7,9.6,3.3
CA,6095,Solano County,6095253201,6095253201,0.115,4.0,132500.0,0.3,14.4,1.5,0.0,90.66,11.0,4.5,4.6,0.3
CA,6095,Solano County,6095253203,6095253203,0.3356,8.0,89135.0,3.6,27.3,1.3,0.92,37.76,16.4,4.2,3.6,0.6
CA,6095,Solano County,6095253205,6095253205,0.5221,13.7,118821.0,6.8,26.1,3.2,0.55,65.44,9.9,10.9,13.2,3.5
CA,6095,Solano County,6095253206,6095253206,0.0171,2.3,155110.0,2.8,10.2,2.8,5.74,95.8,4.2,7.5,0.0,0.0
CA,6095,Solano County,6095253207,6095253207,0.1615,7.5,100357.0,2.7,18.1,0.0,7.36,63.2,15.3,1.6,0.5,4.0
CA,6095,Solano County,6095253208,6095253208,0.5664,15.7,99643.0,9.4,37.5,2.7,0.23,70.7,6.8,2.4,2.0,10.0
CA,6095,Solano County,6095253300,6095253300,0.3462,2.7,96585.0,5.0,18.0,4.5,2.35,99.51,7.6,2.8,4.4,4.4
CA,6095,Solano County,6095253402,6095253402,0.4489,5.9,90857.0,5.4,23.8,4.2,5.99,90.9,11.8,1.9,9.4,8.1
CA,6095,Solano County,6095253403,6095253403,0.1274,5.6,106397.0,4.5,11.6,0.5,0.0,85.19,10.5,7.4,4.6,3.8
CA,6095,Solano County,6095253404,6095253404,0.3102,9.3,93337.0,5.9,18.0,4.6,2.57,12.58,9.3,2.0,12.0,7.4
CA,6095,Solano County,6095253501,6095253501,0.3413,5.8,75402.0,2.1,25.9,0.9,13.23,8.33,22.8,21.5,11.2,5.4
CA,6095,Solano County,6095253502,6095253502,0.3603,14.0,83856.0,7.0,25.0,1.4,0.0,51.69,14.7,4.8,9.5,4.0
CA,6095,Solano County,6095980000,6095980000,0.4999,10.0,90230.0,5.8,28.3,4.5,0.04,97.91,10.5,5.8,7.2,6.0
CA,6097,Sonoma County,6097150100,6097150100,0.2178,8.8,135938.0,5.7,22.0,1.0,8.26,96.05,11.2,3.1,2.7,3.0
CA,6097,Sonoma County,6097150203,6097150203,0.5114,8.9,95313.0,2.9,26.2,12.9,0.0,28.33,23.4,5.5,12.5,1.3
CA,6097,Sonoma County,6097150204,6097150204,0.1771,7.3,107125.0,0.7,30.8,2.9,7.95,58.4,9.7,2.8,3.0,0.5
CA,6097,Sonoma County,6097150205,6097150205,0.4965,4.7,100431.0,2.8,25.4,1.0,18.05,96.58,22.1,7.2,3.1,3.8
CA,6097,Sonoma County,6097150206,6097150206,0.1978,12.8,93576.0,10.8,22.3,0.0,7.94,3.39,14.0,20.4,3.6,1.5
CA,6097,Sonoma County,6097150303,6097150303,0.2304,4.3,112594.0,0.4,20.3,11.9,0.0,100.0,21.4,6.7,5.0,0.4
CA,6097,Sonoma County,6097150304,6097150304,0.3772,7.8,80222.0,1.5,36.1,1.1,2.35,76.25,17.8,7.8,2.2,5.0
CA,6097,Sonoma County,6097150305,6097150305,0.7383,13.2,90532.0,12.9,32.4,2.5,0.0,39.76,6.3,1.4,7.5,12.7
CA,6097,Sonoma County,6097150306,6097150306,0.4066,7.2,113802.0,8.6,20.9,6.9,3.5,48.49,8.5,6.0,7.2,4.5
CA,6097,Sonoma County,6097150501,6097150501,0.0701,16.2,195233.0,5.2,14.9,6.3,3.15,91.64,6.4,3.7,0.0,0.0
CA,6097,Sonoma County,6097150502,6097150502,0.453,19.5,138893.0,5.8,20.3,2.5,0.57,91.9,19.1,9.1,1.2,0.3
CA,6097,Sonoma County,6097150601,6097150601,0.4499,4.6,94167.0,8.2,18.7,2.8,3.43,64.52,6.4,5.4,10.0,7.0
CA,6097,Sonoma County,6097150602,6097150602,0.0463,5.1,127632.0,0.4,19.1,3.5,0.87,87.68,10.5,8.1,3.8,1.3
CA,6097,Sonoma County,6097150603,6097150603,0.5582,7.6,91333.0,2.2,33.6,14.2,0.0,23.44,18.5,4.5,11.7,4.9
CA,6097,Sonoma County,6097150607,6097150607,0.0855,4.0,147857.0,2.6,10.7,2.7,3.05,58.26,6.7,5.1,2.6,2.2
CA,6097,Sonoma County,6097150609,6097150609,0.459,9.2,86932.0,3.4,29.5,2.9,3.85,26.15,13.4,3.1,9.6,2.7
CA,6097,Sonoma County,6097150610,6097150610,0.1394,3.5,130671.0,3.1,19.0,2.4,1.6,3.13,9.0,5.4,5.4,4.2
CA,6097,Sonoma County,6097150611,6097150611,0.131,4.0,118866.0,3.8,10.7,1.2,9.37,98.17,8.4,2.6,3.8,4.6
CA,6097,Sonoma County,6097150612,6097150612,0.1947,5.8,148077.0,0.5,15.5,3.2,4.95,100.0,10.9,2.6,7.9,0.5
CA,6097,Sonoma County,6097150701,6097150701,0.5587,7.8,107610.0,12.6,34.1,5.5,5.57,43.3,11.6,8.0,3.7,6.3
CA,6097,Sonoma County,6097150702,6097150702,0.0751,4.8,132378.0,1.5,20.2,2.0,0.73,96.78,7.3,2.7,5.9,0.0
CA,6097,Sonoma County,6097150800,6097150800,0.4027,6.5,101192.0,5.0,19.4,3.3,0.0,71.02,5.4,3.0,5.9,7.7
CA,6097,Sonoma County,6097150901,6097150901,0.5229,3.0,103101.0,5.3,29.8,5.4,0.0,1.56,9.7,1.8,0.9,9.0
CA,6097,Sonoma County,6097150902,6097150902,0.1515,9.1,123529.0,1.8,18.9,7.2,0.0,53.47,12.5,7.2,4.0,0.6
CA,6097,Sonoma County,6097151000,6097151000,0.3511,6.7,104432.0,3.4,26.8,2.7,8.21,98.41,7.1,5.2,7.0,6.6
CA,6097,Sonoma County,6097151100,6097151100,0.323,6.7,117941.0,3.7,16.4,2.6,3.46,100.0,7.5,7.0,6.2,2.1
CA,6097,Sonoma County,6097151203,6097151203,0.1336,10.0,102292.0,5.7,21.8,2.6,0.0,49.7,11.3,3.3,4.8,2.3
CA,6097,Sonoma County,6097151204,6097151204,0.5199,8.1,78094.0,3.7,38.6,5.0,1.92,48.11,9.7,3.2,4.0,10.4
CA,6097,Sonoma County,6097151205,6097151205,0.3742,10.6,92869.0,1.9,26.0,7.5,10.47,14.14,17.2,6.3,8.0,0.4
CA,6097,Sonoma County,6097151206,6097151206,0.644,13.9,75781.0,8.1,25.3,5.1,0.74,35.35,14.3,6.2,7.4,2.3
CA,6097,Sonoma County,6097151301,6097151301,0.76,13.4,73953.0,10.5,32.4,0.7,0.0,14.42,9.3,6.1,0.0,7.8
CA,6097,Sonoma County,6097151305,6097151305,0.583,11.4,76780.0,5.5,34.9,8.7,1.32,6.54,14.1,8.0,6.2,9.4
CA,6097,Sonoma County,6097151306,6097151306,0.4187,2.2,97630.0,3.6,29.3,6.0,3.71,88.07,14.8,4.3,7.3,7.9
CA,6097,Sonoma County,6097151307,6097151307,0.1803,3.7,127708.0,2.1,17.0,1.6,0.0,34.13,7.1,7.3,1.7,1.2
CA,6097,Sonoma County,6097151308,6097151308,0.395,8.1,106593.0,1.9,23.4,4.1,4.07,60.84,13.7,1.0,9.0,1.2
CA,6097,Sonoma County,6097151309,6097151309,0.2256,8.1,115144.0,2.7,27.3,4.5,4.29,100.0,15.1,3.0,3.8,0.8
CA,6097,Sonoma County,6097151310,6097151310,0.3253,13.6,89631.0,3.6,26.5,4.2,1.08,97.06,10.2,9.6,2.6,2.0
CA,6097,Sonoma County,6097151311,6097151311,0.101,7.0,113654.0,4.3,24.2,1.0,3.26,92.16,7.3,3.1,2.5,0.7
CA,6097,Sonoma County,6097151403,6097151403,0.3039,2.5,88973.0,1.3,27.4,9.4,2.86,92.29,7.0,2.5,6.7,3.8
CA,6097,Sonoma County,6097151404,6097151404,0.8329,6.0,66522.0,22.0,37.0,1.6,12.27,50.0,10.8,2.7,8.8,16.0
CA,6097,Sonoma County,6097151405,6097151405,0.8771,14.2,62696.0,13.5,38.2,5.2,3.88,90.39,14.0,5.0,13.8,19.5
CA,6097,Sonoma County,6097151406,6097151406,0.8718,23.7,50417.0,7.8,49.4,7.8,12.81,34.91,15.0,11.6,8.6,6.5
CA,6097,Sonoma County,6097151503,6097151503,0.0329,4.6,172571.0,1.8,13.8,0.6,0.0,85.81,9.4,2.6,2.8,0.8
CA,6097,Sonoma County,6097151504,6097151504,0.1869,3.3,154650.0,4.4,11.2,1.1,0.0,2.13,15.2,10.2,2.9,0.6
CA,6097,Sonoma County,6097151505,6097151505,0.0114,8.7,169010.0,0.5,15.6,0.0,0.94,39.23,6.5,7.5,0.0,0.0
CA,6097,Sonoma County,6097151506,6097151506,0.4076,10.1,98750.0,4.8,23.4,4.4,1.5,2.44,12.5,9.0,4.3,2.2
CA,6097,Sonoma County,6097151601,6097151601,0.2295,3.7,79464.0,0.0,30.2,6.7,1.77,100.0,29.5,9.1,8.4,0.7
CA,6097,Sonoma County,6097151602,6097151602,0.034,3.0,110761.0,0.0,24.6,5.1,0.0,100.0,19.7,2.8,5.4,0.0
CA,6097,Sonoma County,6097151701,6097151701,0.3428,5.2,93421.0,3.3,26.8,1.1,0.0,54.92,9.2,14.9,0.0,2.0
CA,6097,Sonoma County,6097151702,6097151702,0.5848,12.7,86961.0,5.0,30.4,15.6,7.15,1.72,18.8,8.7,14.0,2.1
CA,6097,Sonoma County,6097151800,6097151800,0.0473,6.6,121456.0,1.1,10.7,1.5,0.38,20.89,6.5,2.7,2.3,0.2
CA,6097,Sonoma County,6097151900,6097151900,0.5632,10.3,69643.0,2.9,34.2,10.0,6.17,35.82,16.0,6.1,10.0,2.8
CA,6097,Sonoma County,6097152000,6097152000,0.7867,21.8,69375.0,11.7,50.3,21.7,3.92,44.68,22.6,4.2,10.9,13.4
CA,6097,Sonoma County,6097152100,6097152100,0.4705,19.3,86250.0,6.3,29.8,0.6,5.68,28.36,8.4,6.7,1.4,7.8
CA,6097,Sonoma County,6097152201,6097152201,0.5097,8.9,75625.0,2.1,36.4,6.4,0.0,13.38,12.3,4.3,8.7,3.3
CA,6097,Sonoma County,6097152203,6097152203,0.3521,8.3,67750.0,3.4,36.2,14.7,0.0,6.52,15.3,2.6,6.5,1.0
CA,6097,Sonoma County,6097152204,6097152204,0.6438,9.2,78500.0,3.4,31.0,9.9,0.0,98.62,12.3,6.6,8.0,5.1
CA,6097,Sonoma County,6097152205,6097152205,0.1904,6.2,137259.0,1.6,15.8,3.0,0.08,68.99,11.4,5.2,2.0,1.3
CA,6097,Sonoma County,6097152300,6097152300,0.2556,8.4,124211.0,4.6,16.4,6.2,0.25,58.05,12.5,9.8,6.8,0.5
CA,6097,Sonoma County,6097152401,6097152401,0.0134,6.4,159482.0,0.0,21.1,0.0,3.81,72.97,11.4,0.8,14.5,1.1
CA,6097,Sonoma County,6097152402,6097152402,0.4008,6.9,107885.0,6.6,16.6,22.7,0.62,99.01,21.7,0.0,6.3,0.0
CA,6097,Sonoma County,6097152501,6097152501,0.3263,10.1,108553.0,3.5,24.9,2.7,1.83,41.08,7.9,4.7,5.2,4.2
CA,6097,Sonoma County,6097152502,6097152502,0.6361,12.1,81618.0,6.6,25.6,4.6,6.15,73.62,10.4,5.8,7.6,6.2
CA,6097,Sonoma County,6097152601,6097152601,0.1325,1.5,159833.0,1.6,17.0,1.8,1.89,25.74,6.5,12.4,4.9,1.1
CA,6097,Sonoma County,6097152602,6097152602,0.0277,4.2,93487.0,2.4,33.6,0.0,2.43,35.15,9.7,3.4,9.4,2.1
CA,6097,Sonoma County,6097152701,6097152701,0.5232,10.8,86673.0,2.7,24.1,2.3,2.6,97.37,17.1,2.2,3.9,1.7
CA,6097,Sonoma County,6097152702,6097152702,0.4394,4.3,106033.0,5.0,23.0,1.8,0.0,51.65,10.9,4.8,1.5,5.7
CA,6097,Sonoma County,6097152801,6097152801,0.4059,11.1,84744.0,1.3,28.8,4.4,1.77,51.06,11.9,2.7,17.3,7.4
CA,6097,Sonoma County,6097152803,6097152803,0.8052,7.3,74894.0,12.8,39.7,4.4,4.19,0.51,9.3,3.0,1.5,12.8
CA,6097,Sonoma County,6097152804,6097152804,0.8051,19.7,63482.0,18.8,63.9,10.8,1.64,81.57,13.1,6.9,13.3,12.3
CA,6097,Sonoma County,6097152903,6097152903,0.677,10.7,102500.0,12.1,27.5,12.6,3.77,76.53,10.0,1.6,10.8,12.9
CA,6097,Sonoma County,6097152904,6097152904,0.2654,3.5,123935.0,3.7,16.9,2.0,3.81,39.0,9.9,2.1,1.0,3.5
CA,6097,Sonoma County,6097152905,6097152905,0.4384,7.3,119526.0,2.4,26.3,3.6,0.0,45.16,16.9,7.4,6.4,2.2
CA,6097,Sonoma County,6097152906,6097152906,0.2738,12.4,119407.0,6.1,20.9,0.0,0.0,92.96,8.5,8.3,7.2,8.1
CA,6097,Sonoma County,6097153001,6097153001,0.6936,14.2,69243.0,11.6,33.8,11.6,1.28,10.61,11.7,5.2,7.0,13.0
CA,6097,Sonoma County,6097153002,6097153002,0.7758,26.0,81504.0,18.1,35.5,1.1,0.0,59.11,8.8,9.5,6.0,20.3
CA,6097,Sonoma County,6097153003,6097153003,0.81,12.7,65458.0,12.3,42.0,7.9,0.0,9.81,16.7,1.2,4.6,10.6
CA,6097,Sonoma County,6097153005,6097153005,0.4108,14.7,114740.0,2.8,20.8,3.6,0.72,91.23,11.0,3.8,2.3,4.0
CA,6097,Sonoma County,6097153006,6097153006,0.5424,4.6,88909.0,7.0,19.0,2.7,6.19,39.48,11.4,3.1,6.4,11.5
CA,6097,Sonoma County,6097153102,6097153102,0.7465,7.3,90849.0,11.0,34.4,3.2,3.93,13.93,9.0,5.1,6.4,19.6
CA,6097,Sonoma County,6097153103,6097153103,0.6501,12.5,70724.0,7.2,35.8,9.4,0.0,38.73,12.1,8.4,9.3,13.6
CA,6097,Sonoma County,6097153104,6097153104,0.9311,11.7,65938.0,15.6,45.1,8.5,2.91,95.01,13.5,3.8,7.8,22.3
CA,6097,Sonoma County,6097153201,6097153201,0.441,6.7,107985.0,12.0,22.0,2.3,0.75,56.93,10.8,3.9,4.2,10.3
CA,6097,Sonoma County,6097153202,6097153202,0.8944,25.0,69592.0,9.9,36.2,5.6,0.0,90.15,11.8,8.6,19.7,11.7
CA,6097,Sonoma County,6097153301,6097153301,0.4761,12.7,92635.0,8.8,20.8,0.8,1.24,0.0,19.8,5.6,4.1,7.4
CA,6097,Sonoma County,6097153302,6097153302,0.7652,22.1,86294.0,8.3,25.9,1.1,4.5,97.22,16.1,7.6,5.0,17.1
CA,6097,Sonoma County,6097153403,6097153403,0.48,6.3,89015.0,4.8,24.7,9.0,0.0,46.55,14.9,5.9,11.1,2.8
CA,6097,Sonoma County,6097153404,6097153404,0.3066,11.5,91207.0,2.1,18.9,6.0,0.54,85.28,13.0,2.2,7.0,3.1
CA,6097,Sonoma County,6097153405,6097153405,0.3582,3.4,110430.0,7.3,18.5,6.2,2.28,72.45,14.7,5.5,6.3,0.0
CA,6097,Sonoma County,6097153406,6097153406,0.2596,7.7,105673.0,0.8,28.0,3.0,3.09,51.69,5.2,3.8,4.8,12.5
CA,6097,Sonoma County,6097153501,6097153501,0.4367,7.3,103604.0,7.7,21.4,1.4,0.0,97.2,11.8,3.7,4.9,4.3
CA,6097,Sonoma County,6097153502,6097153502,0.0709,8.0,135625.0,1.9,14.4,3.3,0.0,99.36,8.0,1.4,4.3,3.9
CA,6097,Sonoma County,6097153601,6097153601,0.0777,4.0,126618.0,0.9,21.8,0.0,0.28,87.55,8.1,0.8,20.4,0.4
CA,6097,Sonoma County,6097153602,6097153602,0.2533,11.4,171389.0,3.9,25.8,2.3,14.6,39.49,9.8,3.1,3.5,0.5
CA,6097,Sonoma County,6097153705,6097153705,0.2686,7.1,101750.0,3.0,21.4,1.1,0.0,70.68,12.4,4.3,6.0,1.2
CA,6097,Sonoma County,6097153707,6097153707,0.2945,4.8,81587.0,8.7,27.5,6.1,3.59,29.32,14.6,3.0,5.1,0.0
CA,6097,Sonoma County,6097153708,6097153708,0.311,11.2,65438.0,0.7,35.2,6.7,4.1,95.2,21.4,17.6,14.7,0.5
CA,6097,Sonoma County,6097153709,6097153709,0.2317,9.1,98805.0,6.7,24.7,6.0,10.41,3.73,5.6,2.5,6.1,3.3
CA,6097,Sonoma County,6097153710,6097153710,0.2771,9.7,81214.0,2.3,30.7,6.0,0.0,99.98,21.9,7.8,5.5,1.4
CA,6097,Sonoma County,6097153711,6097153711,0.0494,7.0,81175.0,2.4,31.7,0.8,0.0,32.59,9.2,2.0,1.7,0.0
CA,6097,Sonoma County,6097153712,6097153712,0.4192,19.0,96000.0,0.6,19.9,3.8,8.52,98.31,13.2,16.2,6.7,0.6
CA,6097,Sonoma County,6097153804,6097153804,0.0861,4.3,143527.0,1.7,12.9,2.0,4.15,21.66,12.8,2.9,4.5,2.2
CA,6097,Sonoma County,6097153806,6097153806,0.4783,3.5,101298.0,3.9,32.5,9.3,0.0,23.48,15.4,4.5,11.8,10.0
CA,6097,Sonoma County,6097153807,6097153807,0.0094,3.0,137321.0,1.1,13.2,0.8,4.92,72.67,7.3,1.2,2.8,0.8
CA,6097,Sonoma County,6097153808,6097153808,0.5313,5.5,90945.0,4.4,23.9,5.9,0.0,0.64,11.4,6.6,6.7,5.9
CA,6097,Sonoma County,6097153809,6097153809,0.4131,3.7,126190.0,6.2,11.6,2.2,2.49,58.47,9.0,1.9,5.5,6.4
CA,6097,Sonoma County,6097153810,6097153810,0.5285,8.1,145806.0,10.1,28.1,0.6,0.83,100.0,10.7,6.5,7.5,1.7
CA,6097,Sonoma County,6097153811,6097153811,0.3189,5.2,151932.0,7.6,13.6,2.0,8.99,22.07,5.3,2.3,0.7,7.2
CA,6097,Sonoma County,6097153902,6097153902,0.5491,11.2,89712.0,8.6,26.4,3.4,2.71,2.54,10.1,4.4,3.4,6.0
CA,6097,Sonoma County,6097153903,6097153903,0.0942,5.9,102639.0,4.4,27.3,1.1,0.2,67.79,9.3,2.8,1.9,4.3
CA,6097,Sonoma County,6097153904,6097153904,0.0615,3.5,94583.0,2.1,25.2,2.3,0.0,8.42,11.3,2.7,10.6,7.6
CA,6097,Sonoma County,6097153905,6097153905,0.4894,15.0,105625.0,13.5,33.4,3.6,1.49,4.03,13.3,11.2,4.0,2.6
CA,6097,Sonoma County,6097154000,6097154000,0.1826,5.3,150000.0,3.1,19.7,1.2,0.66,85.04,8.1,3.9,7.0,6.2
CA,6097,Sonoma County,6097154100,6097154100,0.2639,8.0,126495.0,2.3,16.7,2.6,3.47,100.0,9.0,4.3,10.8,7.1
CA,6097,Sonoma County,6097154201,6097154201,0.6392,11.0,75469.0,8.6,26.8,7.5,8.87,67.79,9.2,6.0,8.8,4.6
CA,6097,Sonoma County,6097154202,6097154202,0.3032,4.1,110529.0,5.4,24.8,1.6,2.9,36.97,12.6,1.8,9.6,2.3
CA,6097,Sonoma County,6097154304,6097154304,0.3111,14.6,70450.0,6.3,29.2,1.7,0.0,95.41,9.8,1.5,18.4,0.7
CA,6097,Sonoma County,6097154305,6097154305,0.3646,5.0,149688.0,7.9,12.8,4.0,2.26,99.86,6.0,18.4,9.2,2.2
CA,6097,Sonoma County,6097154306,6097154306,0.1417,10.7,98558.0,2.3,19.4,4.6,0.0,98.08,5.0,2.4,3.3,2.6
CA,6097,Sonoma County,6097154307,6097154307,0.2448,16.3,89615.0,6.9,16.5,4.3,1.75,100.0,15.2,2.1,3.8,1.0
CA,6097,Sonoma County,6097154308,6097154308,0.1395,13.9,86806.0,1.5,17.5,2.6,2.54,28.69,16.8,4.7,11.4,2.7
CA,6099,Stanislaus County,6099000101,6099000101,0.3983,9.5,92500.0,8.0,14.8,4.4,0.6,89.11,13.6,6.5,9.9,2.7
CA,6099,Stanislaus County,6099000102,6099000102,0.1397,5.7,101667.0,2.9,20.6,1.0,0.0,100.0,7.9,3.4,9.3,6.6
CA,6099,Stanislaus County,6099000201,6099000201,0.4642,19.8,96649.0,3.5,24.9,3.4,0.0,65.82,10.9,4.9,11.1,3.6
CA,6099,Stanislaus County,6099000202,6099000202,0.6206,10.0,82315.0,1.7,31.7,4.7,3.72,100.0,9.7,9.7,14.1,7.4
CA,6099,Stanislaus County,6099000204,6099000204,0.7673,11.2,75495.0,5.7,24.4,21.9,7.92,5.04,18.0,11.9,13.5,4.1
CA,6099,Stanislaus County,6099000205,6099000205,0.5499,9.4,72014.0,13.1,39.9,4.3,3.18,58.27,12.8,9.7,8.2,4.7
CA,6099,Stanislaus County,6099000301,6099000301,0.7262,18.7,52885.0,6.8,34.0,8.2,4.06,2.62,15.5,6.4,8.8,11.8
CA,6099,Stanislaus County,6099000302,6099000302,0.8954,21.7,67344.0,7.1,36.9,11.3,3.34,57.55,11.3,7.8,15.9,9.4
CA,6099,Stanislaus County,6099000303,6099000303,0.4463,12.2,80087.0,4.4,27.1,0.0,3.36,64.17,10.1,4.5,3.7,6.6
CA,6099,Stanislaus County,6099000304,6099000304,0.7061,18.7,76658.0,6.0,28.2,3.5,0.0,71.46,9.3,10.3,12.8,17.5
CA,6099,Stanislaus County,6099000403,6099000403,0.4212,5.4,108375.0,1.4,24.2,5.9,4.72,77.02,11.5,5.6,10.3,0.7
CA,6099,Stanislaus County,6099000404,6099000404,0.6523,15.0,64861.0,2.1,35.6,6.1,4.83,35.78,15.9,6.3,7.1,4.8
CA,6099,Stanislaus County,6099000405,6099000405,0.701,38.2,58478.0,12.6,45.1,0.0,22.22,99.15,13.2,12.5,10.6,5.4
CA,6099,Stanislaus County,6099000406,6099000406,0.1637,1.7,144302.0,1.0,14.1,0.0,0.0,52.36,6.3,4.2,4.8,4.9
CA,6099,Stanislaus County,6099000407,6099000407,0.1265,4.2,136603.0,9.1,12.8,0.0,2.57,9.29,10.3,2.0,2.2,2.7
CA,6099,Stanislaus County,6099000501,6099000501,0.2265,6.7,104146.0,1.4,23.5,1.9,0.0,90.46,16.1,2.5,5.6,4.3
CA,6099,Stanislaus County,6099000503,6099000503,0.4327,11.2,75898.0,5.8,25.9,2.7,2.51,0.0,10.5,7.8,5.5,5.8
CA,6099,Stanislaus County,6099000505,6099000505,0.6012,7.2,81106.0,7.8,24.0,4.0,1.37,43.56,13.1,5.1,5.4,6.2
CA,6099,Stanislaus County,6099000506,6099000506,0.7174,11.9,65923.0,7.5,31.9,4.1,0.0,20.17,16.4,10.1,10.6,4.3
CA,6099,Stanislaus County,6099000511,6099000511,0.3153,3.6,122928.0,8.5,19.4,1.2,2.28,52.29,14.1,4.0,5.6,5.2
CA,6099,Stanislaus County,6099000512,6099000512,0.3427,17.1,131786.0,6.1,15.7,3.3,0.0,10.48,10.7,2.5,1.6,6.4
CA,6099,Stanislaus County,6099000513,6099000513,0.1112,1.5,97419.0,2.2,21.4,0.8,0.0,19.32,10.0,4.0,1.7,6.3
CA,6099,Stanislaus County,6099000514,6099000514,0.6939,13.6,73729.0,11.1,32.7,3.0,1.83,47.38,9.9,26.5,4.8,6.8
CA,6099,Stanislaus County,6099000601,6099000601,0.4478,4.2,90991.0,4.6,28.6,2.1,6.73,100.0,8.3,12.5,3.4,3.2
CA,6099,Stanislaus County,6099000602,6099000602,0.3909,6.0,101250.0,5.4,19.1,2.5,1.9,39.09,11.3,8.9,10.6,2.5
CA,6099,Stanislaus County,6099000801,6099000801,0.6067,14.6,67168.0,7.2,36.9,7.8,0.9,25.02,19.8,8.0,9.0,3.7
CA,6099,Stanislaus County,6099000803,6099000803,0.9243,11.6,59375.0,5.1,42.0,6.5,6.56,40.32,19.0,5.8,11.8,11.8
CA,6099,Stanislaus County,6099000805,6099000805,0.586,21.6,64401.0,3.9,40.3,2.0,0.0,52.92,15.6,11.8,11.3,7.0
CA,6099,Stanislaus County,6099000806,6099000806,0.5694,9.3,70563.0,4.4,42.8,9.1,0.0,0.0,17.2,7.4,16.0,2.5
CA,6099,Stanislaus County,6099000807,6099000807,0.7019,7.6,62917.0,4.8,42.8,8.6,1.46,0.0,14.1,3.6,9.7,5.9
CA,6099,Stanislaus County,6099000905,6099000905,0.6115,12.2,86981.0,6.0,29.4,10.7,5.93,80.19,18.4,5.0,14.3,4.0
CA,6099,Stanislaus County,6099000906,6099000906,0.4254,11.2,66500.0,4.9,32.6,2.1,8.73,98.79,15.2,6.6,6.5,1.7
CA,6099,Stanislaus County,6099000907,6099000907,0.4954,10.2,74943.0,3.8,31.7,14.4,5.69,38.04,12.4,10.9,15.0,0.7
CA,6099,Stanislaus County,6099000908,6099000908,0.617,12.9,74750.0,7.0,35.7,5.3,0.0,13.39,17.5,5.1,5.9,9.4
CA,6099,Stanislaus County,6099000909,6099000909,0.7242,15.3,79173.0,5.2,29.8,5.6,0.0,22.83,13.8,10.7,13.1,5.1
CA,6099,Stanislaus County,6099000910,6099000910,0.9113,21.8,56202.0,4.9,51.0,12.1,0.0,29.75,17.6,10.0,10.6,3.0
CA,6099,Stanislaus County,6099000911,6099000911,0.3719,9.7,90469.0,2.3,29.8,7.7,2.8,45.5,11.0,4.6,10.3,1.1
CA,6099,Stanislaus County,6099000913,6099000913,0.1618,7.1,115894.0,2.9,22.3,0.8,1.71,100.0,9.3,3.5,6.3,4.7
CA,6099,Stanislaus County,6099000914,6099000914,0.276,4.7,120208.0,3.0,12.9,1.4,0.0,42.98,13.0,5.1,3.3,3.8
CA,6099,Stanislaus County,6099000915,6099000915,0.4102,0.5,102500.0,14.3,27.6,3.1,2.38,100.0,16.5,0.9,1.7,1.7
CA,6099,Stanislaus County,6099001001,6099001001,0.489,17.3,65942.0,1.1,37.0,4.7,6.23,33.37,14.6,7.1,7.5,0.4
CA,6099,Stanislaus County,6099001002,6099001002,0.5879,19.3,55179.0,5.8,38.5,9.5,7.38,73.01,25.1,8.5,8.3,0.8
CA,6099,Stanislaus County,6099001100,6099001100,0.8334,25.9,53953.0,5.3,42.3,15.5,15.14,48.7,13.9,8.0,23.0,5.7
CA,6099,Stanislaus County,6099001200,6099001200,0.4204,15.9,72897.0,3.9,40.9,10.8,0.94,54.21,9.8,5.5,7.4,0.5
CA,6099,Stanislaus County,6099001300,6099001300,0.5357,10.6,77731.0,4.1,39.2,5.3,1.75,28.2,7.4,10.9,3.4,2.4
CA,6099,Stanislaus County,6099001400,6099001400,0.8836,13.9,57448.0,6.1,48.4,7.4,3.23,20.37,14.4,4.7,10.5,5.8
CA,6099,Stanislaus County,6099001500,6099001500,0.9701,14.6,53333.0,9.1,37.7,10.1,3.64,51.67,18.7,20.2,10.8,11.9
CA,6099,Stanislaus County,6099001601,6099001601,0.9666,23.6,51931.0,8.3,41.8,9.0,0.0,2.83,14.8,6.6,10.5,17.9
CA,6099,Stanislaus County,6099001603,6099001603,0.8991,23.5,64594.0,16.9,37.3,4.4,6.35,95.72,12.7,8.5,14.0,22.9
CA,6099,Stanislaus County,6099001604,6099001604,0.9033,39.3,37813.0,5.3,64.5,7.3,12.1,51.81,15.6,16.1,15.1,20.0
CA,6099,Stanislaus County,6099001700,6099001700,0.9475,25.5,41356.0,10.8,45.1,15.7,11.35,0.0,16.9,11.2,17.6,23.0
CA,6099,Stanislaus County,6099001800,6099001800,0.9833,42.6,26859.0,7.2,48.6,30.2,7.92,9.68,26.0,14.5,29.4,14.5
CA,6099,Stanislaus County,6099001900,6099001900,0.3138,9.6,83667.0,4.9,25.9,3.5,0.7,83.6,9.9,10.8,9.4,3.8
CA,6099,Stanislaus County,6099002002,6099002002,0.7717,24.2,51579.0,6.5,27.0,2.6,14.53,95.1,17.9,14.5,20.2,10.5
CA,6099,Stanislaus County,6099002004,6099002004,0.7293,7.2,58577.0,5.4,43.4,2.5,0.0,36.02,13.8,6.0,16.9,9.8
CA,6099,Stanislaus County,6099002005,6099002005,0.514,10.3,91250.0,4.9,27.2,0.6,6.39,69.27,16.1,6.0,3.8,8.0
CA,6099,Stanislaus County,6099002006,6099002006,0.3702,5.6,106425.0,5.7,23.8,0.8,5.39,49.63,8.8,3.3,2.3,5.6
CA,6099,Stanislaus County,6099002100,6099002100,0.9695,39.4,29955.0,6.4,52.7,14.4,24.05,100.0,20.3,11.9,24.4,14.3
CA,6099,Stanislaus County,6099002200,6099002200,0.8456,29.8,38866.0,6.6,51.2,10.6,0.0,52.07,14.4,10.3,7.5,16.2
CA,6099,Stanislaus County,6099002302,6099002302,0.9717,25.7,34569.0,6.8,44.5,3.7,4.62,74.33,14.2,20.6,23.5,16.3
CA,6099,Stanislaus County,6099002303,6099002303,0.7148,8.4,68420.0,4.5,34.3,1.8,0.0,50.09,5.6,15.7,4.7,21.3
CA,6099,Stanislaus County,6099002304,6099002304,0.9299,32.3,35441.0,5.0,51.0,23.6,0.53,100.0,11.0,24.3,11.1,24.0
CA,6099,Stanislaus County,6099002401,6099002401,0.6969,11.7,68423.0,6.2,40.1,0.9,4.93,49.31,5.2,10.1,8.2,21.9
CA,6099,Stanislaus County,6099002402,6099002402,0.8773,37.7,39343.0,9.9,41.5,0.7,0.0,44.21,8.7,12.0,10.8,23.2
CA,6099,Stanislaus County,6099002503,6099002503,0.9164,17.1,52529.0,9.2,35.0,9.0,4.61,24.24,15.1,13.8,12.2,10.1
CA,6099,Stanislaus County,6099002504,6099002504,0.719,8.4,81119.0,9.3,37.4,1.9,10.11,100.0,12.8,11.1,25.9,17.3
CA,6099,Stanislaus County,6099002505,6099002505,0.5204,10.4,83702.0,4.6,26.5,4.1,1.64,2.2,9.3,10.3,6.7,16.0
CA,6099,Stanislaus County,6099002506,6099002506,0.9601,20.8,90230.0,23.5,54.0,13.9,0.0,100.0,17.7,6.5,17.0,22.4
CA,6099,Stanislaus County,6099002602,6099002602,0.8761,25.0,63071.0,8.1,38.7,1.3,4.19,19.13,13.5,14.2,8.0,5.5
CA,6099,Stanislaus County,6099002603,6099002603,0.6197,13.6,82581.0,7.7,21.4,3.0,0.0,31.74,13.9,11.5,7.1,6.4
CA,6099,Stanislaus County,6099002604,6099002604,0.9662,21.3,64088.0,14.2,39.5,10.6,0.0,0.64,11.2,5.8,6.3,25.8
CA,6099,Stanislaus County,6099002605,6099002605,0.7772,17.3,56353.0,8.8,41.3,9.8,0.0,2.43,20.1,10.2,8.1,10.1
CA,6099,Stanislaus County,6099002701,6099002701,0.5808,5.7,80439.0,5.4,33.9,3.3,6.39,73.71,9.8,12.6,10.2,9.1
CA,6099,Stanislaus County,6099002702,6099002702,0.7946,18.1,64179.0,9.8,31.2,3.0,3.38,36.59,12.2,9.7,16.4,18.8
CA,6099,Stanislaus County,6099002801,6099002801,0.5908,16.7,77857.0,9.4,31.6,3.8,11.85,95.79,14.1,5.6,8.4,4.1
CA,6099,Stanislaus County,6099002802,6099002802,0.6598,15.2,64328.0,5.7,24.1,3.5,5.65,48.85,13.7,3.0,5.0,14.6
CA,6099,Stanislaus County,6099002803,6099002803,0.5156,6.8,74028.0,3.1,39.6,1.0,3.66,100.0,21.8,4.3,14.1,2.5
CA,6099,Stanislaus County,6099002901,6099002901,0.5205,9.3,84737.0,7.8,23.9,2.1,2.85,100.0,17.1,7.5,11.5,5.7
CA,6099,Stanislaus County,6099002903,6099002903,0.4414,11.3,98801.0,2.5,11.6,0.0,1.56,43.97,10.3,6.9,11.1,9.7
CA,6099,Stanislaus County,6099002904,6099002904,0.5113,3.1,97434.0,7.3,27.0,15.5,4.9,98.83,15.1,1.9,20.0,0.0
CA,6099,Stanislaus County,6099003002,6099003002,0.6958,21.3,60934.0,7.2,29.3,3.3,11.13,56.42,10.9,7.8,17.5,13.1
CA,6099,Stanislaus County,6099003003,6099003003,0.8165,19.9,79716.0,4.9,35.4,6.2,2.13,65.53,10.6,10.2,3.7,21.3
CA,6099,Stanislaus County,6099003004,6099003004,0.3486,5.6,96471.0,3.2,9.2,2.2,0.94,99.31,10.8,2.5,19.7,2.1
CA,6099,Stanislaus County,6099003100,6099003100,0.6562,14.4,52166.0,8.2,43.8,5.6,3.27,100.0,10.2,3.7,9.3,9.8
CA,6099,Stanislaus County,6099003201,6099003201,0.8679,15.5,69684.0,6.7,32.6,9.1,10.46,35.46,12.8,5.9,15.4,17.2
CA,6099,Stanislaus County,6099003203,6099003203,0.37,2.2,112805.0,3.6,16.0,0.3,4.13,49.56,8.6,8.2,1.9,8.1
CA,6099,Stanislaus County,6099003204,6099003204,0.5144,8.0,81806.0,2.1,16.8,8.7,2.31,94.65,6.0,16.9,0.4,10.8
CA,6099,Stanislaus County,6099003205,6099003205,0.4395,9.4,97948.0,3.0,29.8,2.2,1.44,64.89,6.3,6.3,7.9,13.7
CA,6099,Stanislaus County,6099003206,6099003206,0.302,3.9,101494.0,3.2,30.2,0.0,0.75,83.2,5.9,5.3,1.1,16.3
CA,6099,Stanislaus County,6099003300,6099003300,0.7803,9.3,77813.0,11.0,34.7,3.8,0.0,97.69,8.5,7.4,6.8,20.0
CA,6099,Stanislaus County,6099003400,6099003400,0.4958,12.1,58125.0,11.4,16.2,1.1,0.0,100.0,12.0,12.4,15.6,20.6
CA,6099,Stanislaus County,6099003501,6099003501,0.7244,9.0,93600.0,4.7,23.0,8.0,4.63,43.84,8.8,14.5,5.2,13.6
CA,6099,Stanislaus County,6099003502,6099003502,0.5452,10.8,69075.0,8.5,23.7,7.1,5.42,11.57,11.8,7.8,15.5,16.5
CA,6099,Stanislaus County,6099003603,6099003603,0.6198,26.8,56455.0,2.3,23.2,3.4,2.31,100.0,7.9,6.8,14.9,8.1
CA,6099,Stanislaus County,6099003607,6099003607,0.4917,7.2,110248.0,5.8,18.9,5.9,0.0,22.84,15.9,13.8,16.5,4.7
CA,6099,Stanislaus County,6099003608,6099003608,0.1992,6.4,106912.0,3.2,21.6,0.0,2.42,85.91,5.6,3.5,7.0,8.0
CA,6099,Stanislaus County,6099003609,6099003609,0.4623,9.8,77262.0,5.3,32.6,0.0,0.71,8.27,11.7,5.1,1.3,13.4
CA,6099,Stanislaus County,6099003610,6099003610,0.6147,10.7,64375.0,4.4,39.3,12.6,17.35,23.14,10.9,5.6,11.2,5.7
CA,6099,Stanislaus County,6099003611,6099003611,0.2067,9.3,101326.0,4.9,36.0,0.0,0.0,9.68,10.0,9.1,3.0,0.7
CA,6099,Stanislaus County,6099003612,6099003612,0.1498,3.8,116309.0,1.8,20.5,1.4,3.61,57.95,7.4,4.1,7.2,3.7
CA,6099,Stanislaus County,6099003700,6099003700,0.6925,8.4,72829.0,8.0,29.6,3.0,3.11,62.28,14.0,2.0,18.4,13.4
CA,6099,Stanislaus County,6099003802,6099003802,0.9927,26.8,45778.0,10.3,47.9,10.5,1.87,21.62,13.6,19.7,20.9,20.0
CA,6099,Stanislaus County,6099003803,6099003803,0.9309,20.2,71705.0,10.1,30.6,9.7,0.0,32.61,15.1,8.3,22.4,17.7
CA,6099,Stanislaus County,6099003804,6099003804,0.7782,15.4,66194.0,7.1,22.9,5.8,3.73,0.0,16.9,8.4,9.8,7.7
CA,6099,Stanislaus County,6099003805,6099003805,0.5389,14.8,92273.0,7.3,31.1,0.5,0.0,19.59,12.9,6.2,3.5,2.8
CA,6099,Stanislaus County,6099003904,6099003904,0.704,13.2,63077.0,6.6,29.9,9.8,6.18,53.42,13.9,15.3,14.7,10.0
CA,6099,Stanislaus County,6099003905,6099003905,0.1799,4.5,104107.0,6.6,18.7,1.8,7.49,11.98,9.5,3.2,1.2,2.7
CA,6099,Stanislaus County,6099003906,6099003906,0.8706,26.6,43947.0,7.3,48.3,10.3,10.66,43.34,14.0,14.6,16.7,6.7
CA,6099,Stanislaus County,6099003907,6099003907,0.3986,12.0,87647.0,2.6,30.6,1.5,4.29,62.31,12.3,4.7,14.7,4.6
CA,6099,Stanislaus County,6099003908,6099003908,0.9626,30.2,33656.0,6.9,59.0,18.6,7.88,73.09,24.2,14.1,15.5,14.0
CA,6099,Stanislaus County,6099003909,6099003909,0.4501,11.3,69120.0,6.0,37.9,1.3,8.32,63.51,11.0,5.5,11.1,8.4
CA,6099,Stanislaus County,6099004000,6099004000,0.3607,3.8,93017.0,6.9,14.3,4.9,5.37,100.0,9.8,3.0,9.6,8.2
CA,6101,Sutter County,6101050101,6101050101,0.835,22.0,60775.0,1.7,42.5,8.1,0.45,93.09,15.1,7.4,13.1,7.5
CA,6101,Sutter County,6101050102,6101050102,0.9144,15.4,49719.0,9.2,42.2,12.5,0.0,24.39,18.2,13.9,17.9,6.1
CA,6101,Sutter County,6101050201,6101050201,0.8417,32.6,46796.0,7.1,44.4,13.4,2.19,14.02,12.2,15.6,9.8,7.5
CA,6101,Sutter County,6101050202,6101050202,0.7746,11.7,61566.0,12.8,34.9,7.1,0.66,28.07,16.5,8.2,23.7,14.8
CA,6101,Sutter County,6101050301,6101050301,0.6563,13.8,75950.0,4.1,30.8,4.3,7.63,71.89,18.8,8.2,8.9,7.3
CA,6101,Sutter County,6101050302,6101050302,0.855,23.2,51005.0,16.7,47.0,7.2,5.14,57.58,7.1,3.9,22.2,20.2
CA,6101,Sutter County,6101050401,6101050401,0.5888,6.8,73210.0,5.0,38.8,0.0,0.0,59.36,8.8,13.8,12.0,8.8
CA,6101,Sutter County,6101050402,6101050402,0.3163,3.4,106014.0,1.3,19.0,0.8,2.48,82.07,11.0,5.4,6.3,6.5
CA,6101,Sutter County,6101050403,6101050403,0.1121,3.4,129821.0,1.8,11.1,0.0,0.0,59.62,8.1,6.4,2.8,6.8
CA,6101,Sutter County,6101050501,6101050501,0.7695,14.7,69020.0,4.9,36.9,7.6,1.63,50.26,13.1,10.6,8.6,14.2
CA,6101,Sutter County,6101050503,6101050503,0.5951,7.3,91429.0,5.9,20.6,1.9,3.0,76.48,14.4,7.4,5.0,16.0
CA,6101,Sutter County,6101050504,6101050504,0.7049,14.5,92778.0,2.2,19.8,3.5,0.0,100.0,15.5,10.4,10.1,13.3
CA,6101,Sutter County,6101050601,6101050601,0.4218,9.0,91422.0,3.4,32.8,3.0,5.04,99.1,13.0,1.2,17.7,3.5
CA,6101,Sutter County,6101050603,6101050603,0.4179,9.8,67098.0,1.3,29.6,3.5,5.09,76.6,19.0,2.2,6.4,4.6
CA,6101,Sutter County,6101050604,6101050604,0.418,10.5,83438.0,3.2,28.9,5.7,0.83,49.69,11.0,3.1,11.6,4.8
CA,6101,Sutter County,6101050701,6101050701,0.8353,18.3,62381.0,11.9,26.5,7.8,1.97,92.82,15.8,6.2,13.3,11.2
CA,6101,Sutter County,6101050702,6101050702,0.8684,14.5,69692.0,13.9,33.3,4.7,0.0,99.21,13.3,7.6,12.3,11.5
CA,6101,Sutter County,6101050800,6101050800,0.3194,5.4,95132.0,1.9,14.7,3.4,5.13,95.38,16.8,7.6,2.2,1.4
CA,6101,Sutter County,6101050900,6101050900,0.6621,10.9,67750.0,13.0,23.1,7.0,5.85,100.0,13.1,6.3,23.5,6.4
CA,6101,Sutter County,6101051000,6101051000,0.5207,6.3,88861.0,6.3,22.7,4.2,3.43,96.24,16.5,3.6,23.7,7.3
CA,6101,Sutter County,6101051100,6101051100,0.6173,12.5,82778.0,5.7,23.2,4.6,3.66,99.62,15.4,6.2,19.3,6.4
CA,6103,Tehama County,6103000100,6103000100,0.6179,15.1,70368.0,9.7,25.8,8.0,14.35,99.38,20.3,11.0,19.7,1.7
CA,6103,Tehama County,6103000201,6103000201,0.2055,12.8,93315.0,2.2,25.9,1.4,6.29,28.4,13.6,5.6,7.6,0.1
CA,6103,Tehama County,6103000202,6103000202,0.5577,19.0,49583.0,7.6,32.2,12.9,0.0,74.03,29.7,16.8,15.3,0.3
CA,6103,Tehama County,6103000300,6103000300,0.5782,14.8,54400.0,8.8,33.4,4.6,0.0,96.71,15.1,4.2,16.2,0.5
CA,6103,Tehama County,6103000400,6103000400,0.2085,2.9,119200.0,8.0,13.4,2.2,8.86,93.4,17.7,5.1,15.7,0.8
CA,6103,Tehama County,6103000500,6103000500,0.6689,18.3,53295.0,5.2,37.3,4.5,11.67,95.54,14.6,3.0,10.6,3.2
CA,6103,Tehama County,6103000600,6103000600,0.7417,22.1,53250.0,6.4,34.9,7.5,8.11,79.76,25.0,6.0,15.6,0.1
CA,6103,Tehama County,6103000701,6103000701,0.8325,16.6,45143.0,6.3,38.4,18.9,1.36,32.2,19.4,8.4,12.4,0.3
CA,6103,Tehama County,6103000702,6103000702,0.7951,19.7,49837.0,3.9,39.8,2.8,1.65,41.33,30.6,17.0,36.1,1.9
CA,6103,Tehama County,6103000800,6103000800,0.593,27.1,50529.0,2.6,32.2,2.6,6.36,100.0,17.9,6.3,16.8,3.9
CA,6103,Tehama County,6103000900,6103000900,0.7314,25.4,48533.0,2.7,28.4,5.5,0.97,68.89,18.2,5.9,15.6,8.6
CA,6103,Tehama County,6103001000,6103001000,0.7159,10.1,69821.0,10.9,29.5,1.7,2.75,75.47,12.6,4.3,23.3,12.3
CA,6103,Tehama County,6103001101,6103001101,0.5799,10.3,61737.0,12.6,29.1,1.0,0.0,51.24,21.3,18.7,3.5,1.4
CA,6103,Tehama County,6103001102,6103001102,0.742,19.7,54063.0,4.3,29.2,13.1,2.26,75.11,15.5,4.9,13.9,8.6
CA,6105,Trinity County,6105000101,6105000101,0.5975,23.8,53365.0,14.0,29.5,4.6,7.11,100.0,12.7,6.9,24.1,0.4
CA,6105,Trinity County,6105000102,6105000102,0.4698,16.3,50319.0,5.9,23.7,1.5,8.88,81.29,13.1,7.3,16.4,0.3
CA,6105,Trinity County,6105000200,6105000200,0.4667,20.2,56064.0,21.5,34.0,1.4,3.81,100.0,12.6,3.9,23.1,0.6
CA,6105,Trinity County,6105000500,6105000500,0.7208,26.8,34135.0,14.0,16.5,9.2,1.18,84.63,22.4,12.8,22.2,8.5
CA,6107,Tulare County,6107000101,6107000101,0.1989,3.3,79538.0,5.5,19.6,1.0,0.0,4.21,16.0,4.7,11.7,0.5
CA,6107,Tulare County,6107000102,6107000102,0.6662,6.8,61542.0,19.1,31.7,3.2,2.16,49.8,17.1,7.8,17.4,6.6
CA,6107,Tulare County,6107000202,6107000202,0.8752,48.5,33571.0,8.7,54.2,5.3,7.93,99.33,6.1,9.3,18.0,27.0
CA,6107,Tulare County,6107000203,6107000203,0.9508,29.5,58819.0,7.1,39.5,5.8,0.7,23.67,11.7,19.7,26.8,27.0
CA,6107,Tulare County,6107000204,6107000204,0.6747,26.7,49926.0,7.0,43.7,0.0,1.65,100.0,9.0,3.5,12.1,23.0
CA,6107,Tulare County,6107000302,6107000302,0.866,28.2,53846.0,12.6,30.8,2.3,5.29,95.11,8.7,9.5,33.3,25.3
CA,6107,Tulare County,6107000303,6107000303,0.6265,11.3,70759.0,3.8,35.8,7.0,2.06,96.17,12.2,3.1,18.1,9.1
CA,6107,Tulare County,6107000304,6107000304,0.9441,41.9,51000.0,8.5,47.7,4.4,9.88,13.72,10.0,21.4,37.1,18.8
CA,6107,Tulare County,6107000401,6107000401,0.823,18.2,79444.0,6.8,24.9,2.9,1.01,22.4,9.8,10.2,16.3,16.5
CA,6107,Tulare County,6107000402,6107000402,0.7785,16.9,64219.0,4.1,29.3,2.9,1.56,27.2,8.5,10.0,8.1,14.0
CA,6107,Tulare County,6107000501,6107000501,0.9841,46.8,36379.0,8.5,46.0,9.8,2.01,45.59,11.9,13.2,21.7,16.4
CA,6107,Tulare County,6107000502,6107000502,0.8898,28.7,62083.0,4.8,43.0,3.9,9.38,67.87,7.8,9.3,11.3,15.8
CA,6107,Tulare County,6107000600,6107000600,0.7933,20.5,57500.0,7.2,30.1,3.0,0.0,46.1,10.4,10.8,24.7,29.2
CA,6107,Tulare County,6107000701,6107000701,0.9645,43.9,36144.0,13.6,40.2,6.9,2.26,68.13,13.9,9.8,16.4,12.2
CA,6107,Tulare County,6107000702,6107000702,0.8083,20.4,47893.0,10.2,30.6,12.8,6.22,41.05,9.6,8.6,20.4,20.6
CA,6107,Tulare County,6107000801,6107000801,0.8963,11.7,49012.0,11.3,26.9,4.5,9.59,100.0,17.8,4.7,16.1,26.7
CA,6107,Tulare County,6107000802,6107000802,0.4299,4.5,78934.0,9.9,10.3,1.1,1.65,99.74,11.2,2.6,23.0,6.9
CA,6107,Tulare County,6107000901,6107000901,0.7687,20.2,62294.0,11.6,23.8,1.8,4.86,17.62,12.3,6.4,9.9,13.0
CA,6107,Tulare County,6107000902,6107000902,0.4647,10.2,88529.0,7.4,30.2,0.7,0.62,100.0,14.1,2.9,23.8,3.9
CA,6107,Tulare County,6107001005,6107001005,0.2365,8.7,116667.0,0.0,21.7,0.0,0.0,89.89,16.0,1.5,4.1,3.5
CA,6107,Tulare County,6107001006,6107001006,0.5064,5.0,79853.0,6.1,27.6,6.7,2.91,26.09,13.3,7.0,8.2,0.3
CA,6107,Tulare County,6107001007,6107001007,0.1094,2.5,88135.0,3.1,41.4,0.0,2.99,27.56,8.1,1.4,17.2,4.7
CA,6107,Tulare County,6107001008,6107001008,0.1066,1.3,157869.0,1.0,24.5,0.0,9.12,68.98,9.0,4.9,11.9,0.3
CA,6107,Tulare County,6107001009,6107001009,0.8611,18.6,51616.0,11.4,34.2,1.2,1.87,8.33,12.2,7.8,14.3,23.0
CA,6107,Tulare County,6107001010,6107001010,0.7539,22.1,62292.0,12.5,35.1,6.2,2.84,17.78,8.1,7.3,10.4,20.6
CA,6107,Tulare County,6107001011,6107001011,0.4159,1.2,83900.0,2.3,20.1,0.0,0.0,0.0,8.0,4.4,12.2,9.6
CA,6107,Tulare County,6107001012,6107001012,0.2211,8.4,87166.0,13.0,25.5,1.4,0.0,59.77,5.6,5.3,2.2,2.7
CA,6107,Tulare County,6107001101,6107001101,0.991,43.3,37550.0,13.6,48.7,7.8,7.29,100.0,13.8,11.9,13.4,15.4
CA,6107,Tulare County,6107001102,6107001102,0.8959,41.8,34043.0,11.3,48.8,6.1,7.9,99.3,12.2,14.7,9.2,14.2
CA,6107,Tulare County,6107001200,6107001200,0.6912,24.8,31616.0,2.4,31.5,29.9,14.63,34.4,29.3,6.3,22.1,8.6
CA,6107,Tulare County,6107001303,6107001303,0.6941,13.0,72700.0,5.7,20.8,3.6,5.71,5.74,12.5,7.7,9.3,5.3
CA,6107,Tulare County,6107001304,6107001304,0.2424,0.3,98418.0,3.6,8.3,0.0,0.96,53.68,3.7,2.0,4.6,4.7
CA,6107,Tulare County,6107001305,6107001305,0.7585,13.9,59167.0,3.5,39.9,2.8,2.06,97.43,17.6,4.4,4.7,14.8
CA,6107,Tulare County,6107001306,6107001306,0.6303,18.7,74746.0,1.3,33.7,2.2,11.76,95.59,9.0,11.1,3.3,2.5
CA,6107,Tulare County,6107001400,6107001400,0.6441,16.5,95479.0,7.8,20.8,3.0,3.72,100.0,14.0,5.4,17.5,9.7
CA,6107,Tulare County,6107001501,6107001501,0.7208,14.6,80755.0,5.0,26.7,4.4,2.99,26.3,16.5,11.1,17.6,4.5
CA,6107,Tulare County,6107001502,6107001502,0.8084,21.1,57861.0,7.5,32.1,3.5,4.21,80.28,11.5,13.6,13.3,8.2
CA,6107,Tulare County,6107001601,6107001601,0.8744,28.1,46743.0,4.8,40.2,9.1,0.0,34.28,13.4,13.4,25.5,16.9
CA,6107,Tulare County,6107001602,6107001602,0.8102,25.6,55135.0,6.9,34.1,7.8,3.74,86.81,11.4,6.8,26.4,16.6
CA,6107,Tulare County,6107001701,6107001701,0.6861,22.6,44709.0,3.0,53.2,8.6,6.69,81.29,13.7,7.8,12.2,4.7
CA,6107,Tulare County,6107001703,6107001703,0.4899,5.8,94935.0,11.5,19.4,1.1,2.34,61.32,16.0,3.7,9.8,2.7
CA,6107,Tulare County,6107001705,6107001705,0.4156,4.3,66146.0,20.5,45.6,1.0,0.0,7.1,10.0,2.8,29.1,5.3
CA,6107,Tulare County,6107001706,6107001706,0.6402,24.1,83438.0,6.8,34.1,4.1,0.0,100.0,15.8,2.3,6.7,4.5
CA,6107,Tulare County,6107001800,6107001800,0.4023,11.3,52074.0,2.0,33.7,5.1,0.0,26.58,10.7,2.1,14.1,4.8
CA,6107,Tulare County,6107001901,6107001901,0.4575,10.5,73750.0,4.7,26.4,0.8,6.22,33.75,14.1,5.4,8.7,2.8
CA,6107,Tulare County,6107001902,6107001902,0.4154,11.6,80033.0,3.8,34.8,3.0,2.75,73.57,13.9,5.8,2.1,0.3
CA,6107,Tulare County,6107002002,6107002002,0.5058,15.0,71435.0,8.8,28.3,4.7,5.12,40.85,9.7,4.3,8.7,2.0
CA,6107,Tulare County,6107002003,6107002003,0.5712,14.2,77288.0,5.1,31.7,0.7,0.6,37.84,13.5,5.4,8.2,5.0
CA,6107,Tulare County,6107002004,6107002004,0.7876,13.7,76146.0,5.9,28.6,9.6,2.09,38.56,15.6,4.9,13.6,9.3
CA,6107,Tulare County,6107002006,6107002006,0.1199,5.0,105559.0,3.4,15.8,1.2,2.11,81.73,9.9,6.1,6.2,2.1
CA,6107,Tulare County,6107002008,6107002008,0.8896,20.3,44849.0,10.5,51.2,10.6,0.02,14.83,14.3,6.7,10.6,0.7
CA,6107,Tulare County,6107002009,6107002009,0.5687,8.7,83750.0,6.8,20.9,3.3,1.29,4.0,10.7,7.0,9.9,4.0
CA,6107,Tulare County,6107002010,6107002010,0.3906,9.3,93906.0,1.1,21.0,1.9,4.74,68.98,12.4,6.2,9.8,2.4
CA,6107,Tulare County,6107002011,6107002011,0.4858,12.5,100481.0,4.2,28.8,4.5,9.23,100.0,14.9,0.6,11.0,12.1
CA,6107,Tulare County,6107002100,6107002100,0.6701,16.0,74375.0,11.1,21.1,1.7,0.0,99.83,10.2,3.4,19.0,17.1
CA,6107,Tulare County,6107002202,6107002202,0.9257,30.2,39673.0,10.4,52.2,17.0,0.53,11.92,10.3,19.8,20.0,14.6
CA,6107,Tulare County,6107002203,6107002203,0.6117,22.0,63214.0,8.0,45.2,1.3,0.0,100.0,8.8,5.4,1.9,8.7
CA,6107,Tulare County,6107002204,6107002204,0.9408,22.2,60792.0,9.7,40.0,4.6,0.87,66.57,12.2,11.7,15.6,17.7
CA,6107,Tulare County,6107002302,6107002302,0.5418,17.6,64533.0,7.1,35.6,2.1,0.0,53.91,20.2,4.5,5.4,4.1
CA,6107,Tulare County,6107002303,6107002303,0.6511,4.8,70903.0,5.5,20.4,5.4,0.0,56.65,18.5,8.2,4.4,0.6
CA,6107,Tulare County,6107002304,6107002304,0.9034,22.7,62772.0,15.1,35.6,14.2,0.0,20.16,24.1,7.3,32.4,14.0
CA,6107,Tulare County,6107002401,6107002401,0.3431,5.0,100904.0,2.0,27.2,0.0,0.0,50.67,10.2,3.6,1.4,2.8
CA,6107,Tulare County,6107002402,6107002402,0.4073,12.6,89778.0,6.4,16.4,1.0,8.14,13.42,8.9,3.0,10.8,8.5
CA,6107,Tulare County,6107002403,6107002403,0.2331,9.3,102619.0,6.6,21.0,0.8,1.41,46.81,9.9,7.6,0.0,5.2
CA,6107,Tulare County,6107002500,6107002500,0.6262,28.7,59148.0,7.2,21.0,6.5,3.64,100.0,11.3,8.0,19.1,13.8
CA,6107,Tulare County,6107002601,6107002601,0.9892,21.8,50170.0,20.0,48.2,7.0,9.72,53.81,14.9,26.2,23.2,28.9
CA,6107,Tulare County,6107002602,6107002602,0.7924,37.9,48919.0,9.3,28.3,3.7,0.0,2.28,12.8,11.9,14.0,18.8
CA,6107,Tulare County,6107002701,6107002701,0.5347,19.0,52351.0,3.1,37.8,3.2,2.91,64.02,24.0,15.1,23.3,0.0
CA,6107,Tulare County,6107002702,6107002702,0.5806,16.2,73902.0,12.4,15.8,1.5,0.79,0.27,11.3,23.1,24.1,5.1
CA,6107,Tulare County,6107002800,6107002800,0.9913,44.5,31773.0,12.5,52.7,11.5,0.0,11.09,11.8,8.8,31.6,21.1
CA,6107,Tulare County,6107002901,6107002901,0.8576,24.9,58000.0,16.7,35.6,10.2,4.87,35.55,9.1,16.1,11.1,9.1
CA,6107,Tulare County,6107002903,6107002903,0.6313,13.0,69348.0,11.6,38.6,0.0,1.97,40.67,14.8,8.3,6.5,8.0
CA,6107,Tulare County,6107002904,6107002904,0.8252,19.0,57200.0,15.8,38.4,7.8,5.84,41.34,10.3,8.3,14.4,8.3
CA,6107,Tulare County,6107003001,6107003001,0.7174,25.2,41955.0,12.5,45.0,3.4,2.77,21.51,9.4,6.4,15.7,15.3
CA,6107,Tulare County,6107003002,6107003002,0.8837,23.8,48060.0,9.6,54.1,3.1,11.22,86.6,15.7,6.4,10.4,19.6
CA,6107,Tulare County,6107003100,6107003100,0.6727,11.6,66385.0,13.1,23.2,3.5,2.05,100.0,7.6,5.8,31.4,20.1
CA,6107,Tulare County,6107003201,6107003201,0.751,24.9,50769.0,11.9,38.0,0.5,2.43,99.14,5.4,9.3,23.2,29.2
CA,6107,Tulare County,6107003202,6107003202,0.8341,29.2,38269.0,13.9,39.4,1.8,0.99,100.0,8.6,11.7,34.2,35.3
CA,6107,Tulare County,6107003301,6107003301,0.9117,26.6,40656.0,6.9,32.6,2.5,5.49,37.57,14.3,20.3,18.6,15.5
CA,6107,Tulare County,6107003302,6107003302,0.6942,18.3,81083.0,5.5,25.7,2.7,5.27,21.82,13.6,13.5,11.5,9.8
CA,6107,Tulare County,6107003401,6107003401,0.8508,17.7,48941.0,11.4,27.1,3.9,3.29,20.19,8.5,13.1,27.5,21.1
CA,6107,Tulare County,6107003402,6107003402,0.7491,33.0,56155.0,3.6,33.5,9.1,0.49,38.02,16.4,24.9,5.8,15.4
CA,6107,Tulare County,6107003501,6107003501,0.7215,11.2,55208.0,3.4,35.7,4.5,9.9,98.89,19.4,5.4,11.7,8.3
CA,6107,Tulare County,6107003503,6107003503,0.4295,6.9,95762.0,7.6,34.8,0.0,2.47,47.01,7.1,6.4,9.8,6.7
CA,6107,Tulare County,6107003504,6107003504,0.6819,18.0,64739.0,6.0,29.2,2.4,5.11,52.86,12.1,10.5,10.1,9.8
CA,6107,Tulare County,6107003601,6107003601,0.8383,19.7,56775.0,2.4,31.9,6.6,7.42,87.9,11.5,10.8,9.6,11.5
CA,6107,Tulare County,6107003602,6107003602,0.8338,14.8,67679.0,5.0,30.9,5.9,4.98,36.23,13.0,4.6,15.1,17.1
CA,6107,Tulare County,6107003700,6107003700,0.9176,18.2,49523.0,9.0,36.5,10.9,0.0,51.71,14.8,6.7,7.8,12.2
CA,6107,Tulare County,6107003801,6107003801,0.8726,23.0,55664.0,6.2,27.8,3.9,3.49,71.42,11.6,12.5,9.7,10.0
CA,6107,Tulare County,6107003802,6107003802,0.9862,24.7,31485.0,10.6,49.3,9.5,1.05,0.95,10.2,14.1,19.2,17.0
CA,6107,Tulare County,6107003902,6107003902,0.9322,30.3,35278.0,9.6,50.7,3.5,8.91,66.38,13.2,9.8,17.4,20.5
CA,6107,Tulare County,6107003903,6107003903,0.8418,20.3,53102.0,11.4,34.1,8.0,4.69,100.0,6.3,17.4,19.7,14.6
CA,6107,Tulare County,6107003904,6107003904,0.9881,27.5,51351.0,13.0,31.9,10.0,12.5,96.34,17.8,18.3,23.3,39.9
CA,6107,Tulare County,6107004000,6107004000,0.4999,66.2,90230.0,0.0,28.3,4.5,0.78,100.0,76.3,0.0,7.2,18.7
CA,6107,Tulare County,6107004102,6107004102,0.9383,22.4,46176.0,8.3,36.3,3.7,9.26,99.24,14.5,10.4,24.5,26.2
CA,6107,Tulare County,6107004103,6107004103,0.7263,20.8,50070.0,6.8,35.6,6.4,3.81,7.84,5.0,10.4,9.9,20.1
CA,6107,Tulare County,6107004104,6107004104,0.9354,17.4,48519.0,5.7,34.5,16.6,6.81,93.01,7.2,21.2,20.9,18.5
CA,6107,Tulare County,6107004200,6107004200,0.9315,19.3,52388.0,12.9,36.1,9.5,4.39,71.11,11.1,13.8,29.6,29.1
CA,6107,Tulare County,6107004301,6107004301,0.8968,35.6,37292.0,10.1,46.2,7.2,0.0,99.93,7.9,16.8,33.0,35.5
CA,6107,Tulare County,6107004302,6107004302,0.8274,26.4,50265.0,9.5,31.7,1.4,7.37,57.69,11.7,19.6,47.0,29.5
CA,6107,Tulare County,6107004401,6107004401,0.9659,13.9,50964.0,8.8,43.7,10.6,6.74,4.39,13.6,13.8,22.6,28.9
CA,6107,Tulare County,6107004402,6107004402,0.955,18.2,41695.0,11.7,28.6,11.8,1.28,53.09,9.9,23.7,18.2,33.2
CA,6107,Tulare County,6107004500,6107004500,0.9425,19.5,60940.0,7.3,40.9,3.9,2.91,93.83,13.7,15.5,16.0,17.7
CA,6109,Tuolumne County,6109001100,6109001100,0.5837,14.3,79711.0,6.8,28.4,2.5,6.8,85.35,21.2,9.9,6.4,1.7
CA,6109,Tuolumne County,6109001200,6109001200,0.6388,25.8,45833.0,4.0,41.1,9.2,0.0,58.19,25.7,3.6,20.6,1.6
CA,6109,Tuolumne County,6109002101,6109002101,0.7581,22.0,55489.0,7.4,40.4,7.2,0.0,92.52,25.2,9.8,12.0,1.0
CA,6109,Tuolumne County,6109002102,6109002102,0.4256,19.3,62833.0,5.4,46.5,2.1,0.67,33.3,19.1,9.2,21.1,0.0
CA,6109,Tuolumne County,6109002201,6109002201,0.5428,9.4,68852.0,7.5,39.5,14.8,5.71,100.0,20.0,6.7,14.9,0.2
CA,6109,Tuolumne County,6109002202,6109002202,0.1858,5.3,85795.0,5.3,30.7,1.1,3.91,37.34,9.1,7.7,14.3,0.0
CA,6109,Tuolumne County,6109003101,6109003101,0.2107,9.6,83611.0,9.9,13.1,0.3,0.57,79.46,22.0,2.4,2.8,0.0
CA,6109,Tuolumne County,6109003102,6109003102,0.2924,5.7,84707.0,8.3,26.1,5.3,0.0,50.95,20.0,13.5,13.2,0.6
CA,6109,Tuolumne County,6109003103,6109003103,0.3542,11.5,90230.0,3.1,36.2,13.2,4.63,5.66,22.9,8.9,37.7,0.0
CA,6109,Tuolumne County,6109003200,6109003200,0.4198,4.2,70563.0,9.9,17.0,4.6,7.06,79.48,17.5,4.5,17.6,0.0
CA,6109,Tuolumne County,6109004101,6109004101,0.2063,4.2,75573.0,3.3,26.2,1.2,3.31,42.5,22.6,5.6,9.9,0.0
CA,6109,Tuolumne County,6109004102,6109004102,0.4645,4.6,73466.0,2.2,39.2,9.3,0.0,51.9,30.7,0.0,9.3,0.0
CA,6109,Tuolumne County,6109004201,6109004201,0.2923,10.8,89732.0,3.4,22.9,4.7,5.81,51.95,20.7,7.7,8.3,0.6
CA,6109,Tuolumne County,6109004202,6109004202,0.4876,7.4,62574.0,4.5,36.5,1.0,1.47,88.17,20.4,9.0,10.2,1.4
CA,6109,Tuolumne County,6109005101,6109005101,0.4715,11.2,58288.0,4.1,38.8,4.3,5.2,27.88,23.5,7.4,12.4,0.0
CA,6109,Tuolumne County,6109005102,6109005102,0.5918,19.3,81900.0,4.0,33.2,4.2,2.36,96.95,22.9,20.6,13.1,0.0
CA,6109,Tuolumne County,6109005201,6109005201,0.5644,15.6,70000.0,6.7,37.0,1.1,1.19,91.22,20.5,19.6,12.3,2.1
CA,6109,Tuolumne County,6109985202,6109985202,0.4999,10.0,90230.0,5.8,28.3,4.5,0.0,100.0,10.5,5.8,7.2,2.9
CA,6111,Ventura County,6111000302,6111000302,0.7322,8.1,76442.0,5.1,31.2,7.9,0.0,66.86,22.1,3.4,13.7,6.8
CA,6111,Ventura County,6111000303,6111000303,0.4879,5.3,95132.0,3.8,26.8,2.5,0.0,12.85,8.2,4.1,12.9,7.9
CA,6111,Ventura County,6111000304,6111000304,0.8458,6.7,83000.0,9.2,38.3,2.3,0.0,72.71,12.3,3.3,13.8,14.8
CA,6111,Ventura County,6111000400,6111000400,0.8887,16.5,70242.0,14.1,41.4,1.1,0.58,53.3,11.6,8.6,13.3,25.7
CA,6111,Ventura County,6111000500,6111000500,0.651,8.9,70179.0,6.2,31.6,6.5,9.01,68.3,21.8,2.3,18.9,8.8
CA,6111,Ventura County,6111000600,6111000600,0.9778,25.5,53826.0,18.2,47.0,7.0,7.34,6.2,14.1,9.4,19.6,25.7
CA,6111,Ventura County,6111000701,6111000701,0.9143,24.2,66728.0,16.4,41.0,0.7,0.0,7.19,8.3,5.0,7.7,22.6
CA,6111,Ventura County,6111000702,6111000702,0.4821,8.5,99250.0,4.5,26.7,3.5,2.97,14.4,13.3,7.1,13.9,12.8
CA,6111,Ventura County,6111000800,6111000800,0.5014,7.6,96056.0,6.8,24.5,2.1,4.06,41.36,8.7,4.7,14.1,9.8
CA,6111,Ventura County,6111000901,6111000901,0.5211,8.6,91643.0,6.3,26.0,7.9,7.75,49.23,15.7,4.5,8.9,1.6
CA,6111,Ventura County,6111000902,6111000902,0.5518,11.8,110469.0,8.4,27.9,5.2,6.85,59.47,12.2,3.9,9.6,4.8
CA,6111,Ventura County,6111000903,6111000903,0.6795,4.3,77063.0,6.6,23.9,7.3,0.0,47.16,12.7,6.4,3.8,9.3
CA,6111,Ventura County,6111001002,6111001002,0.5146,9.3,71563.0,4.9,26.2,3.7,6.93,90.3,17.8,6.1,9.4,3.1
CA,6111,Ventura County,6111001101,6111001101,0.3024,9.1,102143.0,5.0,26.6,3.7,5.86,63.02,17.1,5.6,6.5,1.6
CA,6111,Ventura County,6111001102,6111001102,0.2769,13.8,111538.0,4.8,19.2,1.0,0.0,87.94,9.1,5.5,1.7,4.3
CA,6111,Ventura County,6111001201,6111001201,0.6301,10.6,89805.0,3.3,29.3,9.9,12.67,100.0,11.5,3.8,17.8,4.2
CA,6111,Ventura County,6111001202,6111001202,0.0334,3.5,157574.0,2.7,9.9,0.0,0.0,23.88,8.0,6.0,1.9,0.3
CA,6111,Ventura County,6111001204,6111001204,0.6282,14.6,77266.0,8.3,28.5,3.0,0.0,92.78,11.3,2.7,8.2,6.8
CA,6111,Ventura County,6111001302,6111001302,0.6593,8.9,80819.0,3.6,21.7,7.5,6.78,94.24,25.6,5.3,30.2,10.9
CA,6111,Ventura County,6111001303,6111001303,0.4729,12.1,103419.0,3.6,24.1,1.0,4.52,95.41,11.8,5.2,11.1,11.3
CA,6111,Ventura County,6111001304,6111001304,0.2826,1.3,118913.0,3.9,15.7,5.5,4.13,81.12,10.7,1.9,1.7,3.7
CA,6111,Ventura County,6111001401,6111001401,0.1883,4.9,105781.0,3.2,17.3,2.4,0.0,49.19,10.3,7.1,3.2,2.7
CA,6111,Ventura County,6111001402,6111001402,0.191,3.8,137621.0,2.4,19.3,5.3,0.0,50.38,8.7,5.1,6.9,0.6
CA,6111,Ventura County,6111001506,6111001506,0.2842,8.5,109302.0,2.7,23.9,3.3,10.77,100.0,10.1,2.6,6.7,2.3
CA,6111,Ventura County,6111001507,6111001507,0.4603,9.3,103152.0,7.1,31.5,2.0,8.25,39.54,14.2,5.4,6.1,2.6
CA,6111,Ventura County,6111001508,6111001508,0.4934,5.4,86250.0,6.1,26.0,7.3,1.26,4.77,13.3,4.2,8.7,2.3
CA,6111,Ventura County,6111001509,6111001509,0.9264,11.5,66111.0,5.8,53.3,16.7,14.09,58.95,19.4,9.9,12.7,9.4
CA,6111,Ventura County,6111001510,6111001510,0.7378,14.1,70648.0,4.6,42.0,9.7,1.6,16.96,15.2,6.5,5.4,1.5
CA,6111,Ventura County,6111001511,6111001511,0.3523,15.4,78309.0,5.8,29.8,3.8,0.0,22.75,10.4,3.4,3.5,12.5
CA,6111,Ventura County,6111001602,6111001602,0.4132,9.0,107151.0,5.3,25.5,2.9,4.52,74.41,16.8,2.9,6.5,1.7
CA,6111,Ventura County,6111001801,6111001801,0.269,8.6,150932.0,1.8,13.2,2.0,4.34,0.0,13.1,4.9,2.9,0.1
CA,6111,Ventura County,6111001901,6111001901,0.2725,8.7,102083.0,5.5,30.8,0.6,3.53,11.95,14.1,4.9,5.2,1.7
CA,6111,Ventura County,6111002000,6111002000,0.2678,2.9,101860.0,6.3,27.7,0.0,0.21,55.47,14.6,11.5,3.6,1.7
CA,6111,Ventura County,6111002102,6111002102,0.2622,6.9,86500.0,3.3,32.8,6.8,7.62,84.09,13.6,3.7,11.1,1.7
CA,6111,Ventura County,6111002200,6111002200,0.6439,10.5,82043.0,11.2,36.0,9.1,2.39,35.25,11.5,1.8,10.1,9.0
CA,6111,Ventura County,6111002301,6111002301,0.8831,10.3,57793.0,24.5,36.1,0.0,2.1,92.22,15.4,8.3,1.7,15.3
CA,6111,Ventura County,6111002302,6111002302,0.8563,18.7,65168.0,15.1,55.2,16.1,5.74,0.0,17.2,3.6,12.0,12.6
CA,6111,Ventura County,6111002400,6111002400,0.746,24.7,52188.0,5.8,44.3,15.2,21.77,75.34,30.0,5.9,14.5,7.6
CA,6111,Ventura County,6111002500,6111002500,0.1643,10.9,97939.0,3.0,22.9,1.5,0.0,37.42,16.0,3.4,6.0,0.3
CA,6111,Ventura County,6111002600,6111002600,0.2514,11.6,97204.0,5.9,21.2,4.4,0.53,22.88,12.5,4.4,9.6,1.0
CA,6111,Ventura County,6111002700,6111002700,0.5948,12.7,88348.0,6.3,27.8,16.8,10.48,36.54,18.3,2.4,15.1,4.8
CA,6111,Ventura County,6111002800,6111002800,0.4789,14.1,92872.0,3.7,23.8,4.6,0.0,33.11,13.1,4.5,6.1,0.7
CA,6111,Ventura County,6111002901,6111002901,0.548,8.4,112829.0,8.5,26.2,3.5,5.16,94.36,10.2,6.3,8.6,11.6
CA,6111,Ventura County,6111002905,6111002905,0.5645,5.7,121530.0,3.2,21.7,3.8,5.83,54.0,13.8,8.0,1.7,5.9
CA,6111,Ventura County,6111003010,6111003010,0.5033,5.0,100179.0,4.3,23.5,10.3,0.0,10.24,7.9,4.9,8.0,7.7
CA,6111,Ventura County,6111003011,6111003011,0.8692,11.8,63542.0,12.2,39.7,6.2,16.52,90.26,14.1,11.0,14.8,11.1
CA,6111,Ventura County,6111003013,6111003013,0.576,10.5,104050.0,8.6,27.8,0.9,3.12,23.93,7.8,10.2,8.9,9.8
CA,6111,Ventura County,6111003101,6111003101,0.4226,3.7,104481.0,8.3,24.8,13.4,1.98,83.88,3.8,2.0,16.3,18.5
CA,6111,Ventura County,6111003102,6111003102,0.1985,0.0,139896.0,7.4,15.1,3.2,0.0,100.0,3.3,3.9,2.5,11.4
CA,6111,Ventura County,6111003201,6111003201,0.9424,18.3,68750.0,40.3,38.3,6.0,1.2,15.89,7.2,6.9,22.8,45.8
CA,6111,Ventura County,6111003301,6111003301,0.6433,20.1,79219.0,17.5,34.7,6.5,6.15,88.81,13.2,2.6,6.4,7.9
CA,6111,Ventura County,6111003302,6111003302,0.7102,6.0,90149.0,13.7,25.8,5.1,13.96,42.21,8.9,6.9,12.1,13.9
CA,6111,Ventura County,6111003608,6111003608,0.5376,1.9,92201.0,10.9,31.8,0.9,0.0,43.65,10.5,2.2,8.0,15.4
CA,6111,Ventura County,6111003613,6111003613,0.3939,2.4,91098.0,6.1,23.7,0.0,5.23,5.38,7.8,8.3,0.0,11.3
CA,6111,Ventura County,6111003614,6111003614,0.3121,3.8,103056.0,4.5,22.1,4.4,1.61,74.82,9.1,4.2,7.1,4.5
CA,6111,Ventura County,6111003615,6111003615,0.2199,5.2,94444.0,3.5,17.2,7.2,0.0,10.9,16.7,2.2,9.8,0.5
CA,6111,Ventura County,6111003616,6111003616,0.1612,5.0,123878.0,4.2,25.4,2.7,4.67,17.05,10.6,8.7,2.2,0.0
CA,6111,Ventura County,6111003617,6111003617,0.0476,12.9,100500.0,2.1,29.6,1.1,0.14,90.84,9.1,1.5,0.1,2.7
CA,6111,Ventura County,6111003618,6111003618,0.248,5.9,70552.0,16.2,51.9,0.0,4.65,86.15,9.7,3.4,7.2,1.5
CA,6111,Ventura County,6111003700,6111003700,0.6778,16.0,92932.0,20.0,32.7,1.3,5.06,7.25,6.2,3.9,8.9,30.6
CA,6111,Ventura County,6111003801,6111003801,0.9377,10.4,48815.0,22.4,56.5,7.3,2.51,71.95,8.9,8.4,14.0,34.1
CA,6111,Ventura County,6111003802,6111003802,0.8312,14.7,64730.0,14.0,46.0,2.5,2.72,56.22,6.6,5.2,6.9,29.2
CA,6111,Ventura County,6111003901,6111003901,0.7764,19.1,65945.0,20.0,46.1,2.8,3.36,50.68,2.9,0.0,26.4,20.6
CA,6111,Ventura County,6111003902,6111003902,0.7898,13.2,89375.0,25.1,26.0,4.1,4.23,27.77,8.3,1.8,12.3,20.3
CA,6111,Ventura County,6111004000,6111004000,0.8697,15.0,77879.0,20.0,29.2,0.7,1.41,5.48,11.9,6.6,13.1,25.9
CA,6111,Ventura County,6111004101,6111004101,0.8025,7.0,86563.0,25.0,28.5,5.6,0.0,0.0,7.4,4.5,8.8,28.8
CA,6111,Ventura County,6111004200,6111004200,0.6048,7.9,100038.0,7.2,19.6,1.7,7.5,93.4,20.2,6.4,5.8,17.3
CA,6111,Ventura County,6111004304,6111004304,0.7343,15.9,69909.0,13.8,38.4,7.1,0.0,26.77,19.4,11.9,5.0,11.9
CA,6111,Ventura County,6111004305,6111004305,0.3192,16.7,61125.0,0.6,45.2,2.2,0.0,100.0,3.2,4.7,7.6,0.8
CA,6111,Ventura County,6111004400,6111004400,0.8106,13.6,67623.0,12.3,41.7,9.9,8.07,63.55,9.8,8.5,10.6,13.6
CA,6111,Ventura County,6111004503,6111004503,0.9426,18.3,77778.0,21.7,39.1,7.4,0.0,19.05,7.8,7.1,11.5,28.7
CA,6111,Ventura County,6111004504,6111004504,0.8947,13.1,85598.0,20.9,38.3,2.3,0.0,15.59,14.7,7.9,17.6,29.3
CA,6111,Ventura County,6111004505,6111004505,0.8398,15.9,85104.0,15.2,39.9,0.8,0.78,2.36,10.0,12.0,16.5,23.1
CA,6111,Ventura County,6111004507,6111004507,0.9801,14.6,55094.0,22.5,57.0,13.9,4.62,58.45,11.6,3.2,12.1,36.0
CA,6111,Ventura County,6111004508,6111004508,0.9043,21.5,49875.0,37.9,56.6,12.8,0.0,95.01,6.1,6.2,34.4,46.3
CA,6111,Ventura County,6111004600,6111004600,0.2853,6.4,62917.0,0.6,52.9,0.0,0.0,100.0,12.0,4.9,0.0,1.0
CA,6111,Ventura County,6111004704,6111004704,0.8095,18.8,69844.0,18.7,34.3,8.2,0.0,100.0,7.2,5.3,20.0,19.8
CA,6111,Ventura County,6111004710,6111004710,0.8925,9.7,100179.0,11.0,21.1,4.8,0.41,28.96,8.1,11.5,8.1,29.1
CA,6111,Ventura County,6111004711,6111004711,0.8041,8.7,96333.0,6.2,26.1,5.9,0.0,40.56,17.7,9.3,8.7,17.7
CA,6111,Ventura County,6111004715,6111004715,0.9199,9.9,87739.0,19.3,24.6,2.9,0.1,27.1,12.9,11.8,8.9,15.8
CA,6111,Ventura County,6111004716,6111004716,0.8537,14.3,90227.0,13.7,23.6,3.0,0.0,51.2,11.6,7.0,12.7,22.1
CA,6111,Ventura County,6111004717,6111004717,0.5959,10.1,99960.0,24.0,21.2,1.6,5.63,100.0,7.6,8.5,12.7,26.4
CA,6111,Ventura County,6111004901,6111004901,0.283,2.9,110913.0,9.5,19.0,0.4,6.54,41.14,7.9,3.1,3.0,7.7
CA,6111,Ventura County,6111004902,6111004902,0.9409,7.3,82688.0,21.7,27.0,9.2,0.11,72.73,13.5,6.2,19.9,31.5
CA,6111,Ventura County,6111005002,6111005002,0.9269,28.0,51223.0,18.1,38.0,1.9,0.82,98.55,14.7,4.4,12.7,30.3
CA,6111,Ventura County,6111005004,6111005004,0.4194,7.4,101371.0,6.0,23.2,4.7,0.0,4.73,8.8,2.0,4.4,8.1
CA,6111,Ventura County,6111005005,6111005005,0.9593,24.9,64508.0,18.4,31.6,2.3,0.29,65.65,10.9,17.0,21.5,24.1
CA,6111,Ventura County,6111005006,6111005006,0.5194,8.0,86667.0,11.9,31.4,6.5,0.0,49.05,11.0,8.9,12.7,19.4
CA,6111,Ventura County,6111005202,6111005202,0.2613,2.6,111367.0,3.7,16.7,5.7,11.42,97.86,11.4,5.1,4.5,1.3
CA,6111,Ventura County,6111005203,6111005203,0.0961,2.4,126647.0,4.8,11.9,3.6,2.6,53.25,8.2,3.4,1.8,0.5
CA,6111,Ventura County,6111005204,6111005204,0.1213,6.0,143259.0,3.1,9.2,2.4,1.51,95.51,16.6,9.3,3.1,1.8
CA,6111,Ventura County,6111005205,6111005205,0.373,5.2,122833.0,4.0,22.4,2.7,3.75,70.57,11.1,2.9,4.4,2.3
CA,6111,Ventura County,6111005304,6111005304,0.2978,9.7,86411.0,4.5,28.2,4.7,11.58,100.0,23.0,6.8,13.3,1.7
CA,6111,Ventura County,6111005305,6111005305,0.1429,4.4,179063.0,1.3,15.6,0.0,0.8,100.0,9.3,4.9,2.6,1.8
CA,6111,Ventura County,6111005306,6111005306,0.0342,2.8,142857.0,2.0,14.5,2.4,1.03,63.53,9.6,4.4,3.8,0.9
CA,6111,Ventura County,6111005307,6111005307,0.2467,8.2,119811.0,1.5,27.5,0.3,4.91,77.94,7.7,6.7,1.5,0.0
CA,6111,Ventura County,6111005308,6111005308,0.0586,7.5,141442.0,1.5,15.3,0.0,3.97,100.0,7.5,5.0,0.0,3.8
CA,6111,Ventura County,6111005401,6111005401,0.2459,10.3,102833.0,6.1,23.0,0.0,0.0,26.01,8.8,5.3,1.8,4.8
CA,6111,Ventura County,6111005403,6111005403,0.664,11.7,44833.0,2.8,40.0,12.2,5.4,85.53,17.2,6.0,13.1,6.9
CA,6111,Ventura County,6111005404,6111005404,0.1204,7.1,112500.0,4.7,10.3,5.2,1.13,100.0,17.5,2.7,4.4,2.5
CA,6111,Ventura County,6111005502,6111005502,0.5642,9.8,80599.0,9.6,41.0,6.9,0.0,0.0,10.2,8.6,3.1,5.0
CA,6111,Ventura County,6111005503,6111005503,0.4216,8.3,87652.0,3.8,28.1,14.7,20.29,53.5,13.1,4.3,14.8,0.9
CA,6111,Ventura County,6111005504,6111005504,0.2768,5.3,110204.0,1.5,18.6,5.1,0.0,16.09,17.3,3.7,5.6,2.2
CA,6111,Ventura County,6111005601,6111005601,0.4462,9.5,123125.0,5.8,29.3,7.0,0.53,81.93,8.0,5.1,1.6,6.0
CA,6111,Ventura County,6111005602,6111005602,0.5595,7.7,93587.0,4.7,23.3,11.4,0.04,97.59,19.5,1.6,12.4,4.9
CA,6111,Ventura County,6111005700,6111005700,0.1543,3.8,116375.0,4.4,16.4,0.0,0.0,100.0,10.4,10.3,1.3,0.5
CA,6111,Ventura County,6111005801,6111005801,0.0101,2.3,190114.0,0.9,14.1,1.9,0.0,70.51,5.7,5.0,0.6,1.2
CA,6111,Ventura County,6111005803,6111005803,0.0762,1.8,169038.0,0.0,14.9,1.3,7.04,100.0,7.1,1.0,9.6,0.4
CA,6111,Ventura County,6111005804,6111005804,0.0062,1.3,206833.0,0.5,12.3,1.5,4.95,2.42,5.2,4.6,0.0,2.2
CA,6111,Ventura County,6111005901,6111005901,0.0168,2.6,138750.0,4.2,18.2,0.0,1.14,60.12,9.9,1.8,3.2,3.0
CA,6111,Ventura County,6111005906,6111005906,0.383,7.8,133077.0,7.7,25.2,1.8,4.32,82.69,8.2,4.6,3.4,2.3
CA,6111,Ventura County,6111005907,6111005907,0.1067,8.7,110636.0,1.8,27.5,3.2,0.0,45.36,12.9,4.8,6.5,0.5
CA,6111,Ventura County,6111005908,6111005908,0.0289,9.7,143000.0,5.5,24.3,0.0,5.82,14.87,7.0,4.1,2.3,1.8
CA,6111,Ventura County,6111005909,6111005909,0.2812,4.3,108750.0,3.6,23.2,4.2,4.7,68.26,11.4,1.3,6.9,3.9
CA,6111,Ventura County,6111005910,6111005910,0.0705,6.2,182500.0,6.2,21.2,0.9,3.52,86.02,6.3,3.8,0.0,1.5
CA,6111,Ventura County,6111005911,6111005911,0.0533,3.4,91017.0,4.3,21.8,0.0,0.0,97.61,10.8,3.0,7.8,2.0
CA,6111,Ventura County,6111006000,6111006000,0.3342,16.1,150033.0,3.6,15.1,3.0,3.43,19.19,12.8,5.6,4.0,2.4
CA,6111,Ventura County,6111006101,6111006101,0.4244,6.8,125451.0,8.1,27.9,2.5,1.76,100.0,6.5,5.4,6.4,10.9
CA,6111,Ventura County,6111006102,6111006102,0.6226,21.6,107694.0,16.5,32.3,8.7,5.02,96.38,2.8,6.5,10.5,15.3
CA,6111,Ventura County,6111006200,6111006200,0.0379,6.9,166615.0,3.9,17.6,2.8,4.7,81.78,10.4,5.7,3.9,3.2
CA,6111,Ventura County,6111006301,6111006301,0.3465,4.9,104609.0,1.6,23.5,15.0,4.22,96.88,19.4,5.4,10.3,2.4
CA,6111,Ventura County,6111006302,6111006302,0.2019,7.7,114659.0,5.9,19.2,2.4,7.85,66.08,6.7,7.0,5.9,1.5
CA,6111,Ventura County,6111006400,6111006400,0.0931,2.0,125750.0,3.4,15.9,2.7,4.79,68.81,8.9,4.5,7.1,3.1
CA,6111,Ventura County,6111006500,6111006500,0.25,8.2,110398.0,11.9,29.5,0.7,3.3,51.82,11.7,6.6,6.0,5.8
CA,6111,Ventura County,6111006600,6111006600,0.1814,6.2,145705.0,1.5,9.0,3.3,1.71,56.34,20.0,3.9,12.1,0.3
CA,6111,Ventura County,6111006700,6111006700,0.1912,8.4,125536.0,3.1,15.2,0.7,0.0,73.06,15.4,3.2,6.7,2.4
CA,6111,Ventura County,6111006800,6111006800,0.2571,7.9,123319.0,7.5,24.5,3.0,0.0,19.98,9.0,3.8,6.2,3.6
CA,6111,Ventura County,6111006900,6111006900,0.7186,16.5,71026.0,12.5,41.7,7.5,1.25,26.56,11.7,8.1,16.3,6.9
CA,6111,Ventura County,6111007000,6111007000,0.6496,18.7,79293.0,6.3,31.6,18.8,7.95,34.09,9.9,1.7,13.0,11.1
CA,6111,Ventura County,6111007100,6111007100,0.841,17.1,58686.0,10.5,46.5,17.0,0.0,19.49,12.1,11.0,21.0,8.4
CA,6111,Ventura County,6111007201,6111007201,0.1696,5.4,156250.0,6.7,12.4,5.7,5.49,81.33,15.1,6.4,8.2,1.0
CA,6111,Ventura County,6111007202,6111007202,0.047,1.7,180729.0,3.2,15.5,6.1,0.03,66.82,10.9,3.0,7.7,2.9
CA,6111,Ventura County,6111007300,6111007300,0.1519,5.7,202639.0,3.8,15.4,0.7,0.0,100.0,8.6,4.2,4.5,0.3
CA,6111,Ventura County,6111007402,6111007402,0.0691,9.6,192250.0,0.6,11.6,0.0,0.0,83.21,10.4,2.3,2.0,0.2
CA,6111,Ventura County,6111007403,6111007403,0.0581,7.1,146955.0,1.7,15.1,0.0,3.99,81.22,5.1,5.9,6.6,3.4
CA,6111,Ventura County,6111007405,6111007405,0.1313,4.5,149730.0,2.3,19.9,4.2,0.0,99.17,6.7,4.7,4.4,1.0
CA,6111,Ventura County,6111007406,6111007406,0.0862,4.2,156615.0,3.3,15.1,0.0,6.68,51.39,5.8,5.1,2.6,3.0
CA,6111,Ventura County,6111007505,6111007505,0.1248,5.8,106324.0,1.0,21.0,1.7,0.0,83.09,14.1,3.6,15.1,1.9
CA,6111,Ventura County,6111007506,6111007506,0.2123,5.1,152755.0,3.6,18.1,0.0,1.81,99.3,15.0,2.7,6.6,4.2
CA,6111,Ventura County,6111007507,6111007507,0.0031,1.0,222619.0,2.6,16.4,0.7,0.07,100.0,7.2,4.1,0.8,0.8
CA,6111,Ventura County,6111007508,6111007508,0.1085,12.1,108007.0,1.7,13.5,0.0,0.0,33.52,11.9,4.5,3.2,6.6
CA,6111,Ventura County,6111007509,6111007509,0.061,8.3,129923.0,1.8,19.1,0.7,0.0,72.15,5.5,5.9,4.2,1.9
CA,6111,Ventura County,6111007510,6111007510,0.0083,1.2,203462.0,2.4,7.4,0.7,6.08,98.32,8.1,3.6,4.9,2.4
CA,6111,Ventura County,6111007511,6111007511,0.0273,4.3,190341.0,2.6,20.7,1.7,0.0,100.0,7.3,6.5,3.3,3.3
CA,6111,Ventura County,6111007512,6111007512,0.1162,5.2,118917.0,2.4,17.6,0.4,0.85,90.59,8.1,6.3,1.2,3.0
CA,6111,Ventura County,6111007513,6111007513,0.1136,1.2,124712.0,4.2,7.9,3.3,6.24,64.11,15.8,6.4,5.2,2.1
CA,6111,Ventura County,6111007515,6111007515,0.1993,1.5,113879.0,1.0,28.2,10.6,0.0,56.7,9.9,5.2,10.3,5.2
CA,6111,Ventura County,6111007516,6111007516,0.2915,10.5,74120.0,3.2,41.9,4.1,0.0,17.46,12.6,3.4,19.3,1.8
CA,6111,Ventura County,6111007607,6111007607,0.0093,2.5,183463.0,2.2,8.4,1.4,0.0,44.31,10.8,4.4,1.0,0.7
CA,6111,Ventura County,6111007609,6111007609,0.0561,2.3,179688.0,2.1,11.1,0.6,0.0,50.48,8.6,5.6,0.6,0.5
CA,6111,Ventura County,6111007610,6111007610,0.0187,4.9,158571.0,2.1,12.1,1.6,3.36,96.24,6.7,3.4,2.8,1.4
CA,6111,Ventura County,6111007611,6111007611,0.552,5.0,97132.0,11.0,19.1,3.8,2.15,3.73,7.8,6.0,6.9,21.1
CA,6111,Ventura County,6111007612,6111007612,0.4752,8.2,98594.0,7.1,32.5,2.2,0.0,9.68,11.6,5.3,6.5,8.0
CA,6111,Ventura County,6111007613,6111007613,0.0491,5.0,170682.0,2.0,10.7,4.1,0.0,76.14,6.7,6.1,3.9,2.8
CA,6111,Ventura County,6111007614,6111007614,0.2634,1.4,130833.0,4.3,9.6,1.4,0.0,99.24,12.5,6.0,3.1,3.8
CA,6111,Ventura County,6111007700,6111007700,0.4656,10.6,93672.0,11.0,29.2,1.3,0.0,12.71,12.7,2.1,3.3,3.5
CA,6111,Ventura County,6111007800,6111007800,0.7501,24.0,59282.0,11.3,50.2,9.9,1.33,0.79,10.1,4.6,15.7,8.5
CA,6111,Ventura County,6111007901,6111007901,0.4459,7.8,95917.0,8.3,27.4,0.5,0.0,31.31,11.2,6.0,2.3,4.2
CA,6111,Ventura County,6111007903,6111007903,0.0769,7.7,165329.0,3.4,14.3,3.0,1.07,85.05,6.1,2.8,5.8,1.6
CA,6111,Ventura County,6111007904,6111007904,0.3501,4.5,107629.0,9.4,25.1,0.5,0.0,0.0,9.8,7.3,9.8,5.2
CA,6111,Ventura County,6111008001,6111008001,0.2785,6.5,122878.0,3.3,14.0,1.9,0.0,2.65,11.6,4.1,5.8,4.0
CA,6111,Ventura County,6111008002,6111008002,0.4258,9.1,88966.0,7.8,31.2,4.2,0.0,52.19,14.7,3.5,7.9,8.8
CA,6111,Ventura County,6111008004,6111008004,0.1645,3.7,109375.0,5.7,16.2,1.5,6.92,88.96,9.2,4.2,3.6,6.1
CA,6111,Ventura County,6111008005,6111008005,0.3945,12.2,103800.0,8.0,21.1,1.5,0.0,90.79,12.6,5.6,9.3,4.0
CA,6111,Ventura County,6111008101,6111008101,0.2884,10.0,94766.0,4.3,25.8,3.1,0.0,0.0,19.7,2.3,3.1,4.8
CA,6111,Ventura County,6111008201,6111008201,0.6603,11.7,111552.0,12.5,25.6,4.2,8.69,18.14,10.4,5.0,8.0,16.0
CA,6111,Ventura County,6111008202,6111008202,0.2913,6.4,92273.0,11.4,29.2,1.8,4.15,46.22,11.7,1.8,6.3,2.5
CA,6111,Ventura County,6111008302,6111008302,0.3659,9.9,94442.0,5.8,12.9,4.4,0.0,53.5,13.9,4.9,6.1,1.6
CA,6111,Ventura County,6111008303,6111008303,0.5925,6.6,95186.0,3.4,39.0,9.2,0.0,0.0,14.2,4.9,11.9,2.1
CA,6111,Ventura County,6111008304,6111008304,0.3733,12.8,106133.0,4.0,16.7,2.6,5.61,74.58,15.1,2.5,7.4,6.6
CA,6111,Ventura County,6111008307,6111008307,0.2025,3.1,104274.0,4.5,25.0,2.8,8.42,78.88,7.4,4.7,1.1,10.3
CA,6111,Ventura County,6111008308,6111008308,0.0054,0.1,188972.0,0.0,10.6,0.5,4.44,100.0,5.3,3.1,3.2,2.1
CA,6111,Ventura County,6111008401,6111008401,0.3726,9.6,132906.0,2.8,23.9,1.9,7.83,56.67,10.5,6.6,3.3,1.7
CA,6111,Ventura County,6111008402,6111008402,0.1095,1.9,154167.0,2.2,16.3,2.3,3.96,100.0,5.6,8.6,7.0,2.4
CA,6111,Ventura County,6111008501,6111008501,0.0737,1.7,110742.0,4.5,9.8,0.8,1.11,20.79,12.1,2.2,15.3,1.0
CA,6111,Ventura County,6111008502,6111008502,0.1258,3.7,99375.0,1.9,18.3,3.3,6.64,68.65,9.3,5.2,3.7,0.0
CA,6111,Ventura County,6111008601,6111008601,0.6098,12.8,118618.0,23.7,22.5,5.1,0.83,61.02,8.9,1.3,13.9,31.0
CA,6111,Ventura County,6111008602,6111008602,0.8897,11.4,53438.0,25.5,52.3,6.5,7.6,43.63,13.7,2.9,18.1,22.0
CA,6111,Ventura County,6111008700,6111008700,0.8957,17.8,44590.0,22.5,46.8,8.4,13.43,35.6,17.5,2.7,22.7,24.7
CA,6111,Ventura County,6111008800,6111008800,0.6986,14.3,83657.0,21.5,30.4,0.7,0.0,86.7,12.6,5.9,9.8,18.5
CA,6111,Ventura County,6111008900,6111008900,0.5258,4.9,104907.0,21.4,20.4,1.2,0.0,13.96,7.7,3.5,7.3,22.4
CA,6111,Ventura County,6111009100,6111009100,0.989,27.2,45865.0,21.6,50.1,4.6,9.87,25.73,8.3,5.4,12.8,30.4
CA,6111,Ventura County,6111009200,6111009200,0.6121,7.6,96797.0,13.9,19.8,1.7,9.89,51.7,11.4,7.2,5.2,8.2
CA,6111,Ventura County,6111009300,6111009300,0.4366,6.8,171250.0,7.0,21.8,1.3,1.19,0.0,12.1,5.2,5.0,5.9
CA,6111,Ventura County,6111009400,6111009400,0.3476,3.3,81556.0,6.2,31.8,2.2,6.97,99.89,9.8,9.3,10.1,4.3
CA,6111,Ventura County,6111009500,6111009500,0.3868,9.4,80951.0,6.5,24.8,2.4,4.91,24.97,15.2,5.8,8.7,3.3
CA,6111,Ventura County,6111009600,6111009600,0.1125,5.0,176250.0,7.0,15.9,0.6,3.3,36.42,9.3,8.3,3.3,0.0
CA,6111,Ventura County,6111009700,6111009700,0.7825,11.3,72188.0,12.3,28.9,5.0,0.0,35.92,14.3,8.7,17.1,18.0
CA,6111,Ventura County,6111980000,6111980000,0.4999,10.0,90230.0,5.8,28.3,4.5,2.0,100.0,10.5,0.0,7.2,0.0
CA,6113,Yolo County,6113010102,6113010102,0.7444,13.6,80157.0,16.8,36.4,9.5,0.0,31.6,10.0,6.2,10.7,25.4
CA,6113,Yolo County,6113010103,6113010103,0.8265,14.3,71875.0,6.4,27.1,15.6,2.59,67.33,13.0,4.3,12.0,22.2
CA,6113,Yolo County,6113010104,6113010104,0.7399,14.1,68305.0,10.6,32.6,11.7,3.04,0.0,12.2,5.8,12.2,15.0
CA,6113,Yolo County,6113010105,6113010105,0.6864,19.0,43365.0,5.4,51.4,3.9,1.87,0.36,19.9,6.6,18.4,11.7
CA,6113,Yolo County,6113010201,6113010201,0.4942,6.2,77308.0,4.8,27.4,3.1,4.11,77.17,8.9,3.9,9.0,6.7
CA,6113,Yolo County,6113010203,6113010203,0.9925,38.5,29222.0,10.4,55.5,16.1,4.98,17.99,15.3,6.1,14.8,15.3
CA,6113,Yolo County,6113010204,6113010204,0.9044,25.9,54375.0,3.7,42.6,17.2,0.33,16.61,15.4,10.3,9.0,3.8
CA,6113,Yolo County,6113010310,6113010310,0.0851,10.3,131614.0,1.7,15.3,0.4,0.0,100.0,6.5,5.6,4.5,2.6
CA,6113,Yolo County,6113010312,6113010312,0.3873,6.8,117306.0,2.5,16.2,3.5,3.63,70.73,8.6,4.5,4.7,2.1
CA,6113,Yolo County,6113010313,6113010313,0.0231,1.9,151833.0,1.5,10.4,0.0,7.3,65.34,3.4,3.9,0.0,4.4
CA,6113,Yolo County,6113010314,6113010314,0.0648,11.1,136795.0,2.7,12.3,4.6,3.29,100.0,5.2,6.8,0.0,2.0
CA,6113,Yolo County,6113010315,6113010315,0.1696,15.2,146369.0,0.7,26.3,0.0,1.3,20.0,9.2,5.7,2.2,4.6
CA,6113,Yolo County,6113010401,6113010401,0.3275,10.5,119963.0,2.7,21.7,0.8,1.15,71.43,9.8,4.3,5.7,3.7
CA,6113,Yolo County,6113010402,6113010402,0.1486,3.2,160078.0,2.0,11.4,0.8,0.0,100.0,11.6,3.5,6.6,4.2
CA,6113,Yolo County,6113010501,6113010501,0.506,64.7,22536.0,3.7,57.3,21.9,5.71,50.45,6.8,11.2,36.4,2.8
CA,6113,Yolo County,6113010505,6113010505,0.1022,8.7,123239.0,1.1,15.9,3.9,3.34,75.1,3.2,1.1,3.0,2.9
CA,6113,Yolo County,6113010508,6113010508,0.1365,12.5,135972.0,3.6,21.0,3.2,2.49,41.11,14.7,2.6,4.4,0.6
CA,6113,Yolo County,6113010509,6113010509,0.3146,21.7,98372.0,3.1,32.8,7.4,2.72,55.85,10.2,5.2,6.2,4.6
CA,6113,Yolo County,6113010510,6113010510,0.2969,28.4,109031.0,2.5,29.1,17.1,2.12,39.12,11.0,3.4,11.4,2.7
CA,6113,Yolo County,6113010511,6113010511,0.3882,33.5,80865.0,1.1,28.0,22.9,13.74,56.98,9.1,1.0,4.2,3.6
CA,6113,Yolo County,6113010512,6113010512,0.3996,25.9,71607.0,4.9,43.6,4.0,3.27,49.53,7.2,18.3,3.4,4.0
CA,6113,Yolo County,6113010513,6113010513,0.1918,43.5,63257.0,0.3,49.5,4.0,0.0,0.0,5.0,4.0,11.5,0.6
CA,6113,Yolo County,6113010602,6113010602,0.478,32.9,62757.0,2.2,53.2,10.5,0.0,6.07,7.0,4.4,12.6,4.8
CA,6113,Yolo County,6113010605,6113010605,0.1669,10.4,152125.0,3.7,27.0,1.5,4.2,64.4,11.3,5.7,0.4,1.7
CA,6113,Yolo County,6113010607,6113010607,0.2062,8.8,124344.0,1.9,19.4,2.8,0.0,64.57,8.8,5.2,2.3,2.0
CA,6113,Yolo County,6113010608,6113010608,0.471,41.9,58611.0,3.3,45.6,10.6,0.0,30.63,4.9,3.7,2.3,4.6
CA,6113,Yolo County,6113010609,6113010609,0.0746,5.4,127153.0,1.2,15.2,4.1,0.0,43.81,12.3,1.4,0.5,2.2
CA,6113,Yolo County,6113010610,6113010610,0.6757,32.0,69861.0,4.5,30.7,14.5,0.0,39.1,12.3,7.3,13.7,3.0
CA,6113,Yolo County,6113010611,6113010611,0.432,12.9,74368.0,12.4,48.2,4.2,4.32,15.66,9.4,6.7,8.2,7.1
CA,6113,Yolo County,6113010701,6113010701,0.341,30.9,65944.0,5.4,37.2,7.6,0.0,22.6,7.7,9.4,5.9,1.7
CA,6113,Yolo County,6113010703,6113010703,0.4275,47.4,52746.0,3.4,46.4,18.7,2.76,0.0,5.1,10.6,5.5,1.2
CA,6113,Yolo County,6113010704,6113010704,0.4104,30.1,64821.0,1.1,46.7,14.6,2.18,98.27,11.0,6.4,6.5,1.2
CA,6113,Yolo County,6113010800,6113010800,0.6784,13.3,62639.0,8.1,38.0,14.1,4.32,19.47,16.4,5.7,11.2,4.5
CA,6113,Yolo County,6113010901,6113010901,0.7927,16.9,67763.0,5.3,32.2,5.4,1.52,55.55,11.4,4.3,7.8,8.7
CA,6113,Yolo County,6113010902,6113010902,0.693,10.1,72089.0,7.6,31.9,3.8,0.0,3.67,13.0,7.6,12.2,9.4
CA,6113,Yolo County,6113011001,6113011001,0.9022,10.2,57734.0,12.6,38.7,18.6,0.0,16.42,15.1,4.0,21.3,15.4
CA,6113,Yolo County,6113011002,6113011002,0.3663,7.7,75000.0,2.1,30.6,8.7,11.87,92.32,15.2,6.4,12.6,1.3
CA,6113,Yolo County,6113011101,6113011101,0.8463,20.1,62500.0,11.7,37.0,17.1,3.88,0.0,14.2,18.3,15.7,5.7
CA,6113,Yolo County,6113011102,6113011102,0.7753,3.4,79651.0,6.8,27.6,2.3,0.0,8.59,13.6,4.4,7.5,13.9
CA,6113,Yolo County,6113011103,6113011103,0.4396,5.2,95741.0,7.3,25.4,1.7,3.64,45.5,10.7,1.6,6.9,7.4
CA,6113,Yolo County,6113011203,6113011203,0.0559,5.1,122894.0,0.7,23.3,0.0,6.28,100.0,7.0,4.6,4.3,1.2
CA,6113,Yolo County,6113011204,6113011204,0.1858,6.2,126094.0,2.0,14.1,1.1,0.25,43.06,12.2,3.6,12.1,10.7
CA,6113,Yolo County,6113011207,6113011207,0.3332,5.8,146731.0,0.7,12.0,2.4,0.0,96.83,9.2,4.3,7.9,3.4
CA,6113,Yolo County,6113011208,6113011208,0.2583,3.2,116950.0,3.9,15.5,2.7,1.55,13.84,8.7,4.2,4.3,2.4
CA,6113,Yolo County,6113011209,6113011209,0.5164,13.7,110417.0,3.3,34.9,2.8,0.71,100.0,12.2,4.1,4.5,7.9
CA,6113,Yolo County,6113011210,6113011210,0.3033,14.5,109357.0,1.3,10.1,2.2,1.34,64.47,7.0,0.0,0.6,13.3
CA,6113,Yolo County,6113011211,6113011211,0.1215,9.1,130526.0,3.9,6.8,0.0,2.55,44.79,16.3,0.0,1.9,2.8
CA,6113,Yolo County,6113011301,6113011301,0.6283,25.7,58056.0,2.6,24.4,7.4,7.35,29.23,9.9,4.7,13.7,4.6
CA,6113,Yolo County,6113011302,6113011302,0.2168,1.8,143462.0,15.8,14.2,4.0,7.09,98.05,7.0,1.6,8.1,15.8
CA,6113,Yolo County,6113011303,6113011303,0.1236,14.3,94213.0,1.5,18.7,7.3,4.67,100.0,13.2,2.5,4.3,0.0
CA,6113,Yolo County,6113011304,6113011304,0.3674,9.5,145750.0,0.0,21.7,2.8,1.28,71.69,11.5,2.8,6.9,5.5
CA,6113,Yolo County,6113011400,6113011400,0.7831,18.5,62006.0,7.3,30.3,5.5,5.09,95.41,20.7,10.1,23.2,9.7
CA,6113,Yolo County,6113011500,6113011500,0.5695,12.3,92604.0,5.3,20.8,3.6,10.77,95.33,14.3,1.6,10.3,8.3
CA,6115,Yuba County,6115040100,6115040100,0.89,27.4,47571.0,14.3,46.9,18.4,15.27,57.5,24.7,10.5,15.6,5.8
CA,6115,Yuba County,6115040201,6115040201,0.7191,23.9,50750.0,5.7,39.7,9.8,0.0,91.54,17.9,0.0,10.4,7.5
CA,6115,Yuba County,6115040202,6115040202,0.691,17.6,63373.0,11.2,34.9,4.0,0.0,3.47,19.6,10.1,10.1,1.6
CA,6115,Yuba County,6115040301,6115040301,0.7407,39.4,40000.0,6.7,34.4,9.9,20.0,100.0,23.7,8.7,15.9,1.4
CA,6115,Yuba County,6115040302,6115040302,0.9886,53.4,36146.0,12.4,48.3,19.7,5.6,11.95,16.7,15.6,14.5,11.5
CA,6115,Yuba County,6115040304,6115040304,0.6254,6.3,77381.0,7.6,27.5,5.0,1.08,70.08,10.6,4.1,6.5,6.1
CA,6115,Yuba County,6115040305,6115040305,0.4528,9.0,96833.0,3.9,33.4,3.7,1.03,82.26,17.1,8.0,0.7,1.3
CA,6115,Yuba County,6115040400,6115040400,0.9389,23.6,52788.0,11.2,46.4,6.8,10.83,65.26,17.1,17.3,13.4,9.4
CA,6115,Yuba County,6115040500,6115040500,0.8895,17.8,56250.0,6.0,28.5,14.7,5.89,97.45,16.6,7.6,34.8,6.0
CA,6115,Yuba County,6115040600,6115040600,0.6199,16.6,57872.0,3.1,43.6,4.8,1.94,100.0,18.5,8.6,8.9,5.4
CA,6115,Yuba County,6115040701,6115040701,0.1174,3.7,109760.0,2.1,16.2,1.9,0.0,100.0,4.6,5.4,5.3,3.1
CA,6115,Yuba County,6115040702,6115040702,0.2575,2.0,97179.0,2.9,13.7,3.1,9.68,58.43,9.1,6.4,5.3,2.7
CA,6115,Yuba County,6115040800,6115040800,0.406,5.6,79131.0,3.7,27.5,0.8,4.97,68.22,13.9,4.1,6.3,0.6
CA,6115,Yuba County,6115040901,6115040901,0.6232,10.9,69214.0,11.6,26.2,2.0,3.13,97.67,21.5,7.0,22.5,3.2
CA,6115,Yuba County,6115040902,6115040902,0.3444,10.6,54265.0,3.0,43.6,1.9,0.0,94.5,3.7,10.8,0.0,0.4
CA,6115,Yuba County,6115041001,6115041001,0.4916,12.2,67321.0,2.8,26.6,9.0,2.13,27.62,16.6,4.3,11.2,7.3
CA,6115,Yuba County,6115041002,6115041002,0.2272,5.2,102534.0,15.6,26.6,2.3,0.0,69.77,16.1,3.9,10.9,0.0
CA,6115,Yuba County,6115041101,6115041101,0.7251,23.3,37018.0,7.5,35.6,4.1,2.83,31.88,34.1,9.0,15.7,1.1
CA,6115,Yuba County,6115041102,6115041102,0.204,10.6,61339.0,0.0,33.0,0.0,8.22,100.0,22.7,1.5,9.5,0.0
